date,temperature_2m_mean,relative_humidity_2m_mean,precipitation_sum,pressure_msl_mean
2000-01-01 00:00:00+00:00,16.036583,82.30564,0.0,1016.6292
2000-01-02 00:00:00+00:00,17.465748,74.82271,0.3,1013.7666
2000-01-03 00:00:00+00:00,15.282417,77.42783,0.5,1012.1292
2000-01-04 00:00:00+00:00,12.326167,69.80013,0.1,1014.28754
2000-01-05 00:00:00+00:00,10.642833,62.888935,0.0,1015.2376
2000-01-06 00:00:00+00:00,12.138665,63.886852,0.0,1018.52094
2000-01-07 00:00:00+00:00,12.226167,69.922775,0.0,1019.15424
2000-01-08 00:00:00+00:00,12.171997,79.18763,0.0,1019.28754
2000-01-09 00:00:00+00:00,11.897002,67.341705,0.0,1021.5417
2000-01-10 00:00:00+00:00,11.982417,69.01019,0.0,1023.5542
2000-01-11 00:00:00+00:00,11.547,65.75113,0.0,1023.26245
2000-01-12 00:00:00+00:00,11.390751,67.91619,0.0,1022.5
2000-01-13 00:00:00+00:00,11.449084,67.68792,0.0,1021.83325
2000-01-14 00:00:00+00:00,12.984501,57.059826,0.1,1018.10834
2000-01-15 00:00:00+00:00,13.076168,65.059,0.0,1017.3083
2000-01-16 00:00:00+00:00,13.015751,68.752754,0.0,1017.94586
2000-01-17 00:00:00+00:00,13.515751,63.97604,0.0,1014.6375
2000-01-18 00:00:00+00:00,13.688666,51.390392,0.3,1009.54584
2000-01-19 00:00:00+00:00,13.578248,55.45271,0.0,1015.6582
2000-01-20 00:00:00+00:00,13.667834,48.141735,0.0,1017.07513
2000-01-21 00:00:00+00:00,11.617833,70.92266,0.5,1020.0083
2000-01-22 00:00:00+00:00,11.81575,57.600323,0.0,1020.5791
2000-01-23 00:00:00+00:00,11.328251,53.6878,0.0,1020.67914
2000-01-24 00:00:00+00:00,14.590751,43.53426,0.0,1015.78326
2000-01-25 00:00:00+00:00,13.249084,53.236645,0.0,1019.3709
2000-01-26 00:00:00+00:00,11.711583,68.23276,0.0,1020.20435
2000-01-27 00:00:00+00:00,9.663669,70.4748,1.7,1017.0916
2000-01-28 00:00:00+00:00,8.480334,57.505707,0.0,1020.57495
2000-01-29 00:00:00+00:00,10.211584,59.27596,0.0,1025.2957
2000-01-30 00:00:00+00:00,11.501167,52.160843,0.0,1025.8541
2000-01-31 00:00:00+00:00,12.00325,61.315296,0.0,1024.8544
2000-02-01 00:00:00+00:00,12.426167,72.69566,0.0,1024.9667
2000-02-02 00:00:00+00:00,13.042831,69.46635,0.0,1023.6458
2000-02-03 00:00:00+00:00,13.547001,68.30637,0.0,1021.46674
2000-02-04 00:00:00+00:00,13.334503,68.03963,0.0,1020.93317
2000-02-05 00:00:00+00:00,13.57825,68.69055,0.0,1019.92914
2000-02-06 00:00:00+00:00,13.64075,56.10994,0.0,1020.95
2000-02-07 00:00:00+00:00,14.611584,59.69339,0.0,1020.2874
2000-02-08 00:00:00+00:00,13.094917,62.048176,0.0,1019.93317
2000-02-09 00:00:00+00:00,13.430333,53.396713,0.0,1021.6375
2000-02-10 00:00:00+00:00,14.197,54.662304,0.0,1019.8167
2000-02-11 00:00:00+00:00,14.592834,61.064236,0.0,1019.39594
2000-02-12 00:00:00+00:00,13.447001,69.16134,0.0,1016.0999
2000-02-13 00:00:00+00:00,13.086585,66.63399,0.0,1018.23755
2000-02-14 00:00:00+00:00,13.755334,59.26036,0.0,1019.84174
2000-02-15 00:00:00+00:00,14.451169,47.827496,0.0,1017.92487
2000-02-16 00:00:00+00:00,13.884501,54.51729,0.0,1020.4582
2000-02-17 00:00:00+00:00,13.365749,56.667683,0.0,1021.74164
2000-02-18 00:00:00+00:00,13.505334,48.744953,0.0,1019.61255
2000-02-19 00:00:00+00:00,13.965751,47.164043,0.0,1021.44165
2000-02-20 00:00:00+00:00,13.678249,56.53072,0.0,1022.79584
2000-02-21 00:00:00+00:00,13.7345,56.358646,0.0,1019.09155
2000-02-22 00:00:00+00:00,13.905332,54.575855,0.0,1016.7459
2000-02-23 00:00:00+00:00,13.007416,62.62143,0.0,1017.5291
2000-02-24 00:00:00+00:00,13.642835,56.421,0.0,1019.09155
2000-02-25 00:00:00+00:00,13.901168,55.243587,0.0,1020.571
2000-02-26 00:00:00+00:00,13.107418,60.94917,0.0,1021.58746
2000-02-27 00:00:00+00:00,13.590751,55.724957,0.0,1022.15424
2000-02-28 00:00:00+00:00,13.224086,59.02696,0.0,1023.5374
2000-02-29 00:00:00+00:00,13.8324175,50.80031,0.0,1022.8916
2000-03-01 00:00:00+00:00,12.055332,60.626465,0.0,1022.9502
2000-03-02 00:00:00+00:00,12.919917,52.495667,0.0,1025.3334
2000-03-03 00:00:00+00:00,14.717834,49.361588,0.0,1022.07086
2000-03-04 00:00:00+00:00,14.353251,55.091076,0.0,1022.2541
2000-03-05 00:00:00+00:00,14.182416,58.745564,0.0,1023.50397
2000-03-06 00:00:00+00:00,14.7595,58.196827,0.0,1020.38745
2000-03-07 00:00:00+00:00,12.340751,53.60117,0.0,1021.3459
2000-03-08 00:00:00+00:00,11.638665,51.341488,0.0,1023.625
2000-03-09 00:00:00+00:00,13.032417,57.129604,0.0,1024.0751
2000-03-10 00:00:00+00:00,14.294917,54.556866,0.0,1022.89996
2000-03-11 00:00:00+00:00,14.569919,56.45406,0.0,1022.67914
2000-03-12 00:00:00+00:00,15.542834,60.478634,0.0,1021.1958
2000-03-13 00:00:00+00:00,15.657418,62.369587,0.0,1020.4709
2000-03-14 00:00:00+00:00,15.532417,65.97767,0.0,1019.81683
2000-03-15 00:00:00+00:00,15.730336,62.823215,0.0,1019.4543
2000-03-16 00:00:00+00:00,15.776169,57.606583,0.0,1016.35425
2000-03-17 00:00:00+00:00,16.171997,51.593006,0.0,1010.57495
2000-03-18 00:00:00+00:00,16.72825,49.07243,0.0,1012.0417
2000-03-19 00:00:00+00:00,15.722001,53.276,0.0,1016.4958
2000-03-20 00:00:00+00:00,16.369917,53.51222,0.7,1017.30835
2000-03-21 00:00:00+00:00,15.267834,67.18957,0.4,1013.9541
2000-03-22 00:00:00+00:00,14.580335,60.05664,0.0,1012.6624
2000-03-23 00:00:00+00:00,13.184503,54.64928,0.0,1012.0667
2000-03-24 00:00:00+00:00,15.092834,53.786816,0.0,1016.4084
2000-03-25 00:00:00+00:00,15.3344965,57.034607,0.0,1019.7876
2000-03-26 00:00:00+00:00,16.309502,58.400158,0.0,1020.696
2000-03-27 00:00:00+00:00,16.19075,56.959057,0.0,1020.29175
2000-03-28 00:00:00+00:00,17.776165,60.21176,0.0,1019.67505
2000-03-29 00:00:00+00:00,19.259504,50.536682,0.0,1019.1126
2000-03-30 00:00:00+00:00,21.359499,36.77295,0.0,1016.8625
2000-03-31 00:00:00+00:00,22.911583,29.373863,0.0,1012.88763
2000-04-01 00:00:00+00:00,25.265755,24.4453,0.0,1008.24994
2000-04-02 00:00:00+00:00,22.9345,37.205215,0.0,1010.5251
2000-04-03 00:00:00+00:00,20.776169,49.236618,0.0,1015.5166
2000-04-04 00:00:00+00:00,21.307417,38.87518,0.0,1015.6667
2000-04-05 00:00:00+00:00,24.819918,28.386755,0.0,1013.97925
2000-04-06 00:00:00+00:00,24.584497,38.975082,0.0,1013.22925
2000-04-07 00:00:00+00:00,19.449081,53.57326,0.0,1015.87915
2000-04-08 00:00:00+00:00,17.607414,55.683777,0.0,1016.3584
2000-04-09 00:00:00+00:00,16.832418,55.145386,0.0,1017.2915
2000-04-10 00:00:00+00:00,18.026169,43.511623,0.0,1017.6667
2000-04-11 00:00:00+00:00,25.386583,24.65505,0.0,1011.12494
2000-04-12 00:00:00+00:00,31.03242,15.8914795,0.0,1006.6208
2000-04-13 00:00:00+00:00,22.882414,43.013447,0.0,1009.80005
2000-04-14 00:00:00+00:00,19.911583,57.744125,0.0,1012.81647
2000-04-15 00:00:00+00:00,20.417831,53.57877,0.0,1012.63336
2000-04-16 00:00:00+00:00,21.619917,51.07786,0.0,1009.5251
2000-04-17 00:00:00+00:00,24.894915,45.036785,0.0,1003.72504
2000-04-18 00:00:00+00:00,26.017838,34.354374,0.0,1001.5208
2000-04-19 00:00:00+00:00,21.66575,35.503124,0.0,1005.6999
2000-04-20 00:00:00+00:00,20.607416,31.57274,0.0,1010.71246
2000-04-21 00:00:00+00:00,20.507416,40.729763,0.0,1013.0708
2000-04-22 00:00:00+00:00,20.288668,47.894775,0.0,1015.0334
2000-04-23 00:00:00+00:00,21.438667,52.870907,0.1,1015.07916
2000-04-24 00:00:00+00:00,21.742834,51.151196,0.0,1015.1707
2000-04-25 00:00:00+00:00,21.588667,52.220806,0.0,1015.70825
2000-04-26 00:00:00+00:00,22.296999,49.247944,0.0,1013.13336
2000-04-27 00:00:00+00:00,22.782417,49.00987,0.0,1010.23755
2000-04-28 00:00:00+00:00,21.222002,57.457336,0.0,1011.8625
2000-04-29 00:00:00+00:00,21.1845,51.184967,0.0,1014.3125
2000-04-30 00:00:00+00:00,22.403252,48.942078,0.0,1014.3291
2000-05-01 00:00:00+00:00,21.87825,54.63611,0.0,1012.9875
2000-05-02 00:00:00+00:00,23.294916,51.63525,0.0,1010.55
2000-05-03 00:00:00+00:00,28.7595,30.298578,0.0,1005.71246
2000-05-04 00:00:00+00:00,22.813667,54.428005,0.0,1009.86255
2000-05-05 00:00:00+00:00,21.511583,57.425003,0.0,1012.4084
2000-05-06 00:00:00+00:00,20.56367,51.73624,0.0,1015.85834
2000-05-07 00:00:00+00:00,19.547,52.17703,0.0,1017.4167
2000-05-08 00:00:00+00:00,20.222002,51.82085,0.0,1018.02075
2000-05-09 00:00:00+00:00,21.065752,51.528057,0.0,1017.179
2000-05-10 00:00:00+00:00,22.167833,47.17302,0.0,1016.00415
2000-05-11 00:00:00+00:00,22.717833,46.24265,0.0,1015.59576
2000-05-12 00:00:00+00:00,22.882421,43.983414,0.0,1014.57513
2000-05-13 00:00:00+00:00,24.90742,45.19711,0.0,1013.8293
2000-05-14 00:00:00+00:00,25.0095,45.799057,0.0,1013.44574
2000-05-15 00:00:00+00:00,25.044914,53.57999,0.0,1013.7415
2000-05-16 00:00:00+00:00,25.79075,47.507412,0.0,1012.9543
2000-05-17 00:00:00+00:00,28.511583,34.005775,0.0,1007.89996
2000-05-18 00:00:00+00:00,23.382418,57.98238,0.0,1009.5959
2000-05-19 00:00:00+00:00,23.851171,48.388245,0.0,1011.31256
2000-05-20 00:00:00+00:00,24.974083,39.1528,0.0,1011.26666
2000-05-21 00:00:00+00:00,25.87825,37.102955,0.0,1013.02496
2000-05-22 00:00:00+00:00,24.642836,39.768497,0.0,1014.55835
2000-05-23 00:00:00+00:00,23.432419,49.39285,0.0,1013.9958
2000-05-24 00:00:00+00:00,26.009499,49.277607,0.0,1010.8752
2000-05-25 00:00:00+00:00,27.630327,42.936115,0.0,1008.4292
2000-05-26 00:00:00+00:00,23.276163,55.355762,0.0,1011.5667
2000-05-27 00:00:00+00:00,24.063667,52.340622,0.0,1011.44586
2000-05-28 00:00:00+00:00,25.903252,46.138287,0.0,1011.93744
2000-05-29 00:00:00+00:00,28.978249,30.777136,0.0,1009.85834
2000-05-30 00:00:00+00:00,30.097,33.642635,0.0,1006.9167
2000-05-31 00:00:00+00:00,27.042831,48.349888,0.0,1010.62915
2000-06-01 00:00:00+00:00,26.384499,50.9266,0.0,1010.5916
2000-06-02 00:00:00+00:00,25.986586,56.281208,0.0,1008.76666
2000-06-03 00:00:00+00:00,24.488668,57.28232,0.0,1009.91254
2000-06-04 00:00:00+00:00,24.557417,51.187576,0.0,1012.4543
2000-06-05 00:00:00+00:00,25.317833,50.676056,0.0,1012.6833
2000-06-06 00:00:00+00:00,25.071999,47.407055,0.0,1010.3291
2000-06-07 00:00:00+00:00,25.936584,45.5918,0.0,1010.3333
2000-06-08 00:00:00+00:00,26.86367,49.170597,0.0,1011.9167
2000-06-09 00:00:00+00:00,27.555336,51.807865,0.0,1012.4834
2000-06-10 00:00:00+00:00,28.634499,49.659145,0.0,1011.6167
2000-06-11 00:00:00+00:00,29.274086,45.39976,0.0,1011.05005
2000-06-12 00:00:00+00:00,27.826166,50.82111,0.0,1011.42084
2000-06-13 00:00:00+00:00,28.044914,48.888744,0.0,1010.979
2000-06-14 00:00:00+00:00,28.849083,43.443348,0.0,1008.6125
2000-06-15 00:00:00+00:00,28.909494,44.52106,0.0,1006.79584
2000-06-16 00:00:00+00:00,29.192831,45.58113,0.0,1006.3833
2000-06-17 00:00:00+00:00,29.805336,39.24206,0.0,1007.6499
2000-06-18 00:00:00+00:00,28.27825,51.07561,0.0,1009.62915
2000-06-19 00:00:00+00:00,25.594915,54.586792,0.0,1011.07086
2000-06-20 00:00:00+00:00,25.588667,53.239086,0.0,1011.36255
2000-06-21 00:00:00+00:00,25.907415,53.912113,0.0,1011.75415
2000-06-22 00:00:00+00:00,25.430334,49.906754,0.0,1012.7835
2000-06-23 00:00:00+00:00,25.901167,49.27209,0.0,1011.28345
2000-06-24 00:00:00+00:00,26.874083,53.33595,0.0,1009.30835
2000-06-25 00:00:00+00:00,28.001167,49.056004,0.0,1008.6082
2000-06-26 00:00:00+00:00,27.990747,48.769436,0.0,1008.6541
2000-06-27 00:00:00+00:00,27.811584,51.15021,0.0,1007.8125
2000-06-28 00:00:00+00:00,26.909502,54.11745,0.0,1006.9543
2000-06-29 00:00:00+00:00,27.246996,55.51584,0.0,1007.63324
2000-06-30 00:00:00+00:00,26.778252,54.3921,0.0,1008.7791
2000-07-01 00:00:00+00:00,27.067835,53.65788,0.0,1009.6626
2000-07-02 00:00:00+00:00,27.71575,54.08937,0.0,1008.87915
2000-07-03 00:00:00+00:00,28.172003,57.890354,0.0,1006.7876
2000-07-04 00:00:00+00:00,28.342833,55.89372,0.0,1006.57495
2000-07-05 00:00:00+00:00,29.115753,52.17001,0.0,1007.33746
2000-07-06 00:00:00+00:00,29.553253,47.558,0.0,1006.08325
2000-07-07 00:00:00+00:00,30.615746,43.960323,0.0,1002.94995
2000-07-08 00:00:00+00:00,30.924082,49.273144,0.0,1003.2458
2000-07-09 00:00:00+00:00,29.807419,54.066067,0.0,1005.10406
2000-07-10 00:00:00+00:00,30.230333,45.214222,0.0,1004.4375
2000-07-11 00:00:00+00:00,29.178251,57.02454,0.0,1005.43335
2000-07-12 00:00:00+00:00,28.930336,56.259342,0.0,1006.2334
2000-07-13 00:00:00+00:00,30.094915,46.756947,0.0,1004.62524
2000-07-14 00:00:00+00:00,29.636583,52.38501,0.0,1004.40826
2000-07-15 00:00:00+00:00,27.907417,54.560917,0.0,1006.9751
2000-07-16 00:00:00+00:00,27.161581,58.102154,0.0,1009.4334
2000-07-17 00:00:00+00:00,27.205336,58.991093,0.0,1010.5041
2000-07-18 00:00:00+00:00,26.51158,61.366955,0.0,1007.34174
2000-07-19 00:00:00+00:00,27.499084,57.26636,0.0,1004.32916
2000-07-20 00:00:00+00:00,28.721998,51.556698,0.0,1005.1333
2000-07-21 00:00:00+00:00,29.234503,49.398838,0.0,1007.15826
2000-07-22 00:00:00+00:00,28.390753,53.05524,0.0,1009.05005
2000-07-23 00:00:00+00:00,26.709501,57.69487,0.0,1010.6208
2000-07-24 00:00:00+00:00,27.107416,53.26137,0.0,1008.63745
2000-07-25 00:00:00+00:00,27.957415,53.09966,0.0,1008.07086
2000-07-26 00:00:00+00:00,29.319914,51.470127,0.0,1009.14575
2000-07-27 00:00:00+00:00,29.061584,52.265446,0.0,1008.70013
2000-07-28 00:00:00+00:00,31.053251,34.475277,0.0,1006.21246
2000-07-29 00:00:00+00:00,33.238667,25.898111,0.0,1006.2375
2000-07-30 00:00:00+00:00,33.407413,29.477074,0.0,1007.42487
2000-07-31 00:00:00+00:00,30.424086,49.67314,0.0,1009.07916
2000-08-01 00:00:00+00:00,28.105333,58.91939,0.0,1008.9666
2000-08-02 00:00:00+00:00,28.165749,60.065308,0.0,1008.3042
2000-08-03 00:00:00+00:00,27.997,56.225834,0.0,1008.27094
2000-08-04 00:00:00+00:00,27.694916,56.018497,0.0,1008.07495
2000-08-05 00:00:00+00:00,27.288666,59.88316,0.0,1007.8167
2000-08-06 00:00:00+00:00,28.076164,59.264576,0.0,1008.12915
2000-08-07 00:00:00+00:00,27.884493,56.643368,0.0,1009.7168
2000-08-08 00:00:00+00:00,27.649086,57.800358,0.0,1010.896
2000-08-09 00:00:00+00:00,26.849083,57.576916,0.0,1010.87085
2000-08-10 00:00:00+00:00,26.292837,58.45625,0.0,1008.60425
2000-08-11 00:00:00+00:00,27.269918,63.05926,0.0,1006.9666
2000-08-12 00:00:00+00:00,27.68867,61.671917,0.0,1007.85834
2000-08-13 00:00:00+00:00,27.557417,59.78716,0.0,1009.4167
2000-08-14 00:00:00+00:00,27.299082,60.197636,0.0,1008.61255
2000-08-15 00:00:00+00:00,28.122002,60.14542,0.0,1007.2249
2000-08-16 00:00:00+00:00,29.15117,56.94305,0.0,1006.75824
2000-08-17 00:00:00+00:00,28.70117,62.72783,0.0,1008.075
2000-08-18 00:00:00+00:00,28.061583,61.04273,0.0,1009.9167
2000-08-19 00:00:00+00:00,27.60742,62.6804,0.0,1010.7959
2000-08-20 00:00:00+00:00,28.25325,60.463223,0.0,1008.2917
2000-08-21 00:00:00+00:00,28.544916,61.91834,0.0,1007.675
2000-08-22 00:00:00+00:00,28.578247,59.489605,0.0,1009.2083
2000-08-23 00:00:00+00:00,29.38659,48.209087,0.0,1010.4375
2000-08-24 00:00:00+00:00,28.878248,52.694214,0.0,1009.10425
2000-08-25 00:00:00+00:00,29.436583,51.444263,0.0,1006.1333
2000-08-26 00:00:00+00:00,29.728249,53.08224,0.0,1006.29175
2000-08-27 00:00:00+00:00,28.057417,58.996185,0.0,1009.9624
2000-08-28 00:00:00+00:00,27.103254,57.09432,0.0,1011.3416
2000-08-29 00:00:00+00:00,27.182419,51.92651,0.0,1010.65405
2000-08-30 00:00:00+00:00,26.805334,62.123806,0.0,1007.96674
2000-08-31 00:00:00+00:00,26.867834,59.621143,0.0,1008.4541
2000-09-01 00:00:00+00:00,27.284498,56.964325,0.0,1009.21674
2000-09-02 00:00:00+00:00,26.821999,54.954174,0.0,1009.50006
2000-09-03 00:00:00+00:00,28.02825,52.05789,0.0,1007.8499
2000-09-04 00:00:00+00:00,27.155334,60.47913,0.0,1009.98346
2000-09-05 00:00:00+00:00,27.896997,55.670643,0.0,1009.73755
2000-09-06 00:00:00+00:00,27.613668,58.148083,0.0,1008.9582
2000-09-07 00:00:00+00:00,27.101168,62.28272,0.0,1009.20416
2000-09-08 00:00:00+00:00,26.171999,53.99663,0.0,1012.8459
2000-09-09 00:00:00+00:00,25.882418,54.425587,0.0,1015.125
2000-09-10 00:00:00+00:00,26.351166,55.682297,0.0,1012.2124
2000-09-11 00:00:00+00:00,27.51783,60.720356,0.0,1009.59174
2000-09-12 00:00:00+00:00,27.93867,63.15004,0.0,1009.48334
2000-09-13 00:00:00+00:00,27.005333,61.391956,0.0,1010.63745
2000-09-14 00:00:00+00:00,26.167831,61.84791,0.0,1011.946
2000-09-15 00:00:00+00:00,25.799082,58.828182,0.0,1012.0208
2000-09-16 00:00:00+00:00,25.107416,58.076633,0.0,1012.0002
2000-09-17 00:00:00+00:00,25.392838,59.359478,0.0,1012.95825
2000-09-18 00:00:00+00:00,25.536583,61.542507,0.0,1013.66254
2000-09-19 00:00:00+00:00,25.846998,60.53229,0.0,1013.09155
2000-09-20 00:00:00+00:00,26.076166,61.531372,0.0,1011.04175
2000-09-21 00:00:00+00:00,27.082413,59.01401,0.0,1009.55426
2000-09-22 00:00:00+00:00,27.328249,55.813187,0.0,1010.20844
2000-09-23 00:00:00+00:00,27.557417,53.09798,0.0,1011.37506
2000-09-24 00:00:00+00:00,26.611582,60.741077,0.0,1013.32513
2000-09-25 00:00:00+00:00,25.83658,64.33347,0.0,1014.30835
2000-09-26 00:00:00+00:00,24.994919,57.964355,0.0,1013.2417
2000-09-27 00:00:00+00:00,24.053247,55.996685,0.0,1011.2209
2000-09-28 00:00:00+00:00,23.140753,59.627533,0.0,1011.0417
2000-09-29 00:00:00+00:00,23.286583,56.603424,0.0,1013.70825
2000-09-30 00:00:00+00:00,23.947,50.02609,0.0,1016.98737
2000-10-01 00:00:00+00:00,23.330332,53.14507,0.0,1016.39166
2000-10-02 00:00:00+00:00,23.894915,53.983505,0.0,1012.8416
2000-10-03 00:00:00+00:00,24.472,60.881165,0.0,1009.9709
2000-10-04 00:00:00+00:00,25.39283,63.20905,0.0,1009.875
2000-10-05 00:00:00+00:00,25.0095,65.40843,0.0,1012.01666
2000-10-06 00:00:00+00:00,24.776167,67.27372,0.0,1013.52924
2000-10-07 00:00:00+00:00,24.730337,59.054737,0.0,1014.57904
2000-10-08 00:00:00+00:00,26.667833,49.586834,0.0,1013.03326
2000-10-09 00:00:00+00:00,26.70117,53.30747,0.0,1011.44165
2000-10-10 00:00:00+00:00,25.444916,56.7986,0.0,1013.4084
2000-10-11 00:00:00+00:00,24.128248,57.896458,0.0,1016.25
2000-10-12 00:00:00+00:00,23.75325,57.108047,0.0,1015.5334
2000-10-13 00:00:00+00:00,22.32617,62.182102,0.0,1013.0666
2000-10-14 00:00:00+00:00,23.046999,60.257126,0.0,1010.13336
2000-10-15 00:00:00+00:00,23.732416,61.237286,0.0,1012.0542
2000-10-16 00:00:00+00:00,23.694918,64.412056,0.0,1016.7209
2000-10-17 00:00:00+00:00,24.00325,61.482937,0.0,1018.68335
2000-10-18 00:00:00+00:00,23.157417,60.276764,0.0,1017.0542
2000-10-19 00:00:00+00:00,22.930334,61.41804,0.0,1015.22095
2000-10-20 00:00:00+00:00,22.555336,62.01977,0.0,1015.81665
2000-10-21 00:00:00+00:00,21.511583,61.046417,0.0,1018.44586
2000-10-22 00:00:00+00:00,20.153246,54.67445,0.0,1019.3001
2000-10-23 00:00:00+00:00,19.151167,53.5555,0.0,1017.84576
2000-10-24 00:00:00+00:00,17.499084,61.512997,0.0,1015.64996
2000-10-25 00:00:00+00:00,18.015749,59.20273,0.0,1016.72504
2000-10-26 00:00:00+00:00,18.959497,56.660748,0.0,1019.70416
2000-10-27 00:00:00+00:00,19.267834,52.664036,0.0,1020.09595
2000-10-28 00:00:00+00:00,20.057417,56.632034,0.0,1019.67096
2000-10-29 00:00:00+00:00,20.924086,59.853237,0.0,1019.0085
2000-10-30 00:00:00+00:00,20.29075,66.020424,0.0,1019.81665
2000-10-31 00:00:00+00:00,19.557417,63.58608,0.0,1019.8875
2000-11-01 00:00:00+00:00,20.04075,59.08542,0.0,1018.6833
2000-11-02 00:00:00+00:00,19.997,61.635284,0.0,1017.54584
2000-11-03 00:00:00+00:00,19.7845,63.016888,0.0,1018.21246
2000-11-04 00:00:00+00:00,20.597002,63.78574,0.0,1019.72076
2000-11-05 00:00:00+00:00,20.267836,66.47556,0.0,1019.1416
2000-11-06 00:00:00+00:00,20.540754,63.796864,0.0,1015.39996
2000-11-07 00:00:00+00:00,20.107418,65.16433,0.0,1013.6418
2000-11-08 00:00:00+00:00,20.9345,61.355698,0.0,1015.51666
2000-11-09 00:00:00+00:00,20.972002,56.68044,0.0,1017.6458
2000-11-10 00:00:00+00:00,20.555334,51.056458,0.0,1018.0667
2000-11-11 00:00:00+00:00,21.076164,49.080563,0.0,1018.36664
2000-11-12 00:00:00+00:00,20.667835,69.32224,0.0,1016.51666
2000-11-13 00:00:00+00:00,21.296999,67.81696,0.0,1014.30426
2000-11-14 00:00:00+00:00,20.211584,68.19102,0.0,1014.50433
2000-11-15 00:00:00+00:00,20.267834,66.383965,0.0,1014.7707
2000-11-16 00:00:00+00:00,20.592833,62.587265,0.0,1014.92914
2000-11-17 00:00:00+00:00,19.232414,55.25739,0.0,1015.8083
2000-11-18 00:00:00+00:00,18.180334,58.66843,0.0,1016.60834
2000-11-19 00:00:00+00:00,18.86783,66.878815,0.0,1018.33746
2000-11-20 00:00:00+00:00,18.169916,67.60297,0.0,1019.6125
2000-11-21 00:00:00+00:00,17.921999,66.33567,0.0,1018.74585
2000-11-22 00:00:00+00:00,18.0595,65.47512,0.0,1016.7458
2000-11-23 00:00:00+00:00,18.301165,64.79806,0.0,1014.4417
2000-11-24 00:00:00+00:00,17.659502,69.30353,0.0,1017.5208
2000-11-25 00:00:00+00:00,17.471998,63.716705,0.0,1020.73334
2000-11-26 00:00:00+00:00,17.709497,60.729588,0.0,1019.3582
2000-11-27 00:00:00+00:00,17.897,51.386547,0.0,1017.13324
2000-11-28 00:00:00+00:00,16.638666,52.25023,1.6,1013.8
2000-11-29 00:00:00+00:00,15.9678335,60.823956,0.0,1011.7417
2000-11-30 00:00:00+00:00,15.663666,68.41093,0.0,1015.35004
2000-12-01 00:00:00+00:00,16.869917,70.92262,0.0,1020.19147
2000-12-02 00:00:00+00:00,16.274084,72.641396,0.0,1019.77924
2000-12-03 00:00:00+00:00,16.047003,73.16061,0.0,1019.65826
2000-12-04 00:00:00+00:00,17.186583,69.28298,0.0,1020.0417
2000-12-05 00:00:00+00:00,16.603249,74.76966,0.0,1019.81244
2000-12-06 00:00:00+00:00,16.426168,72.86215,0.0,1018.64996
2000-12-07 00:00:00+00:00,16.059504,81.87311,1.3000001,1016.8875
2000-12-08 00:00:00+00:00,14.982418,84.372505,0.1,1015.88336
2000-12-09 00:00:00+00:00,14.713666,77.3786,2.3,1014.6335
2000-12-10 00:00:00+00:00,15.155334,74.11344,0.0,1019.0459
2000-12-11 00:00:00+00:00,14.963666,66.59126,0.0,1021.00836
2000-12-12 00:00:00+00:00,16.22825,67.49761,0.0,1018.2791
2000-12-13 00:00:00+00:00,15.130336,65.795746,0.0,1016.7751
2000-12-14 00:00:00+00:00,14.57825,73.75075,0.4,1016.9751
2000-12-15 00:00:00+00:00,15.444916,70.58546,0.0,1020.08344
2000-12-16 00:00:00+00:00,15.617832,66.9238,0.0,1020.72504
2000-12-17 00:00:00+00:00,15.013667,67.71708,0.0,1020.69165
2000-12-18 00:00:00+00:00,14.828248,72.433044,0.0,1019.2126
2000-12-19 00:00:00+00:00,14.569917,72.904076,0.0,1017.49585
2000-12-20 00:00:00+00:00,14.499084,71.03626,0.0,1017.03754
2000-12-21 00:00:00+00:00,14.107419,69.229454,0.0,1018.7708
2000-12-22 00:00:00+00:00,13.599086,64.288246,0.0,1016.34155
2000-12-23 00:00:00+00:00,13.644917,57.82307,0.0,1015.39166
2000-12-24 00:00:00+00:00,14.309499,58.584442,0.0,1016.7625
2000-12-25 00:00:00+00:00,13.776169,57.583042,0.0,1021.6208
2000-12-26 00:00:00+00:00,12.980335,56.447254,0.0,1022.7
2000-12-27 00:00:00+00:00,12.705335,61.339725,0.0,1021.9749
2000-12-28 00:00:00+00:00,13.682415,53.019505,0.0,1018.06683
2000-12-29 00:00:00+00:00,14.907416,33.234737,0.0,1013.675
2000-12-30 00:00:00+00:00,14.072001,44.53233,0.0,1015.44165
2000-12-31 00:00:00+00:00,14.007416,46.07187,0.0,1018.3918
2001-01-01 00:00:00+00:00,13.80325,51.127594,0.0,1014.5874
2001-01-02 00:00:00+00:00,13.476169,57.224163,0.8000001,1013.25006
2001-01-03 00:00:00+00:00,15.101167,70.92416,0.0,1018.22095
2001-01-04 00:00:00+00:00,14.624084,70.348335,0.0,1020.075
2001-01-05 00:00:00+00:00,14.163665,62.596027,0.0,1019.3833
2001-01-06 00:00:00+00:00,13.624084,66.666954,0.5,1017.43335
2001-01-07 00:00:00+00:00,14.5199175,74.021,0.0,1020.6792
2001-01-08 00:00:00+00:00,14.092832,74.94468,0.0,1024.4667
2001-01-09 00:00:00+00:00,13.72825,71.34401,0.0,1024.9834
2001-01-10 00:00:00+00:00,13.799084,70.49872,0.0,1023.93744
2001-01-11 00:00:00+00:00,14.290751,71.56717,0.0,1021.70416
2001-01-12 00:00:00+00:00,15.244918,57.181187,0.0,1020.63745
2001-01-13 00:00:00+00:00,14.290749,61.628002,0.0,1020.40826
2001-01-14 00:00:00+00:00,14.972,57.231197,0.0,1017.42084
2001-01-15 00:00:00+00:00,15.54075,41.616856,0.0,1016.3
2001-01-16 00:00:00+00:00,14.2699175,62.810757,0.0,1019.1833
2001-01-17 00:00:00+00:00,14.39283,60.921474,0.0,1019.15424
2001-01-18 00:00:00+00:00,13.832417,63.317074,0.0,1017.6875
2001-01-19 00:00:00+00:00,13.349084,72.79418,0.0,1020.7917
2001-01-20 00:00:00+00:00,13.084502,66.40619,0.0,1022.78754
2001-01-21 00:00:00+00:00,13.234501,62.870956,0.0,1020.15826
2001-01-22 00:00:00+00:00,12.861584,73.00242,0.0,1019.92505
2001-01-23 00:00:00+00:00,12.842835,71.51196,0.0,1023.4834
2001-01-24 00:00:00+00:00,13.182418,68.08712,0.0,1024.5375
2001-01-25 00:00:00+00:00,13.5824175,67.73214,0.1,1022.5334
2001-01-26 00:00:00+00:00,13.538667,57.501698,0.0,1022.2708
2001-01-27 00:00:00+00:00,11.528252,58.613743,0.0,1022.92487
2001-01-28 00:00:00+00:00,12.386582,59.987553,0.0,1021.18335
2001-01-29 00:00:00+00:00,13.17825,50.889454,0.0,1019.89166
2001-01-30 00:00:00+00:00,14.090749,43.030064,0.0,1018.0833
2001-01-31 00:00:00+00:00,15.147002,35.42088,0.0,1015.5666
2001-02-01 00:00:00+00:00,14.484501,46.76793,0.0,1015.3376
2001-02-02 00:00:00+00:00,15.01575,40.18012,0.0,1013.4334
2001-02-03 00:00:00+00:00,14.184501,41.676434,0.0,1016.3376
2001-02-04 00:00:00+00:00,13.855335,55.677948,0.0,1022.2874
2001-02-05 00:00:00+00:00,14.151168,59.019413,0.0,1023.8332
2001-02-06 00:00:00+00:00,14.663669,58.56513,0.0,1023.4458
2001-02-07 00:00:00+00:00,14.374082,65.54261,0.0,1020.33325
2001-02-08 00:00:00+00:00,14.478249,60.54428,0.0,1019.83765
2001-02-09 00:00:00+00:00,14.788667,59.17905,0.0,1022.5625
2001-02-10 00:00:00+00:00,14.734501,60.26784,0.0,1022.82495
2001-02-11 00:00:00+00:00,15.309499,51.849213,0.0,1018.92914
2001-02-12 00:00:00+00:00,14.790751,41.734844,0.0,1018.00836
2001-02-13 00:00:00+00:00,14.149083,52.957165,0.0,1015.84576
2001-02-14 00:00:00+00:00,13.832417,50.792694,0.0,1016.0542
2001-02-15 00:00:00+00:00,14.076169,63.940582,0.0,1020.85004
2001-02-16 00:00:00+00:00,13.997001,56.69478,0.0,1020.36664
2001-02-17 00:00:00+00:00,12.532416,63.127613,0.1,1020.06256
2001-02-18 00:00:00+00:00,13.451168,59.637814,0.0,1021.425
2001-02-19 00:00:00+00:00,13.563666,58.331112,0.0,1017.5583
2001-02-20 00:00:00+00:00,12.297,47.76819,0.0,1016.80005
2001-02-21 00:00:00+00:00,11.94075,53.052906,0.0,1019.0085
2001-02-22 00:00:00+00:00,12.319917,47.669743,0.0,1014.99994
2001-02-23 00:00:00+00:00,13.740749,50.660076,0.0,1016.55
2001-02-24 00:00:00+00:00,14.719916,47.90021,0.0,1019.0208
2001-02-25 00:00:00+00:00,16.019917,40.939434,0.0,1018.9126
2001-02-26 00:00:00+00:00,17.513666,30.400263,0.0,1015.0667
2001-02-27 00:00:00+00:00,17.761585,28.495604,0.0,1011.92914
2001-02-28 00:00:00+00:00,20.221998,24.03745,0.0,1011.48346
2001-03-01 00:00:00+00:00,21.865751,28.470888,0.0,1012.89996
2001-03-02 00:00:00+00:00,16.738667,58.106934,0.0,1021.5874
2001-03-03 00:00:00+00:00,15.746999,58.3295,0.0,1023.0999
2001-03-04 00:00:00+00:00,16.16575,64.31165,0.0,1020.9709
2001-03-05 00:00:00+00:00,17.209503,69.36468,0.0,1019.1292
2001-03-06 00:00:00+00:00,18.017836,62.22832,0.0,1016.77905
2001-03-07 00:00:00+00:00,17.347002,54.986202,0.0,1012.8291
2001-03-08 00:00:00+00:00,18.880335,47.640728,0.0,1009.2957
2001-03-09 00:00:00+00:00,16.569916,66.36667,0.0,1014.35834
2001-03-10 00:00:00+00:00,17.378248,65.224915,0.0,1016.99585
2001-03-11 00:00:00+00:00,18.930332,64.67905,0.0,1014.02924
2001-03-12 00:00:00+00:00,19.226164,67.75425,0.0,1012.5083
2001-03-13 00:00:00+00:00,17.649082,65.86415,0.8,1013.0417
2001-03-14 00:00:00+00:00,16.805334,61.288956,0.0,1015.1875
2001-03-15 00:00:00+00:00,18.317835,56.39153,0.0,1016.4543
2001-03-16 00:00:00+00:00,16.767836,58.09312,0.0,1018.3
2001-03-17 00:00:00+00:00,16.967833,59.9803,0.0,1016.97095
2001-03-18 00:00:00+00:00,18.203249,67.12397,0.0,1015.51666
2001-03-19 00:00:00+00:00,19.761583,61.750473,0.0,1016.27924
2001-03-20 00:00:00+00:00,21.169916,56.37221,0.0,1014.67505
2001-03-21 00:00:00+00:00,20.484503,51.25839,0.0,1013.196
2001-03-22 00:00:00+00:00,18.576166,59.1094,0.0,1012.99176
2001-03-23 00:00:00+00:00,20.847002,52.770737,0.0,1009.6375
2001-03-24 00:00:00+00:00,18.649082,57.931698,0.0,1011.7957
2001-03-25 00:00:00+00:00,19.6845,57.594574,0.0,1014.61237
2001-03-26 00:00:00+00:00,21.438667,47.376102,0.0,1014.94995
2001-03-27 00:00:00+00:00,23.826166,36.16698,0.0,1013.7834
2001-03-28 00:00:00+00:00,25.428247,31.983177,0.0,1011.9873
2001-03-29 00:00:00+00:00,25.030333,34.378345,0.0,1011.2625
2001-03-30 00:00:00+00:00,25.603249,28.581589,0.0,1007.52924
2001-03-31 00:00:00+00:00,28.355331,21.3492,0.0,1004.93335
2001-04-01 00:00:00+00:00,22.047003,55.720734,0.0,1012.2666
2001-04-02 00:00:00+00:00,20.599083,52.03734,0.2,1013.2292
2001-04-03 00:00:00+00:00,19.617834,55.669827,0.0,1012.8042
2001-04-04 00:00:00+00:00,18.763666,57.28713,0.0,1014.7666
2001-04-05 00:00:00+00:00,17.357418,57.593655,0.0,1016.46674
2001-04-06 00:00:00+00:00,18.12825,49.93675,0.0,1016.45404
2001-04-07 00:00:00+00:00,18.834497,50.299393,0.0,1013.7876
2001-04-08 00:00:00+00:00,18.96575,59.45604,0.0,1016.83344
2001-04-09 00:00:00+00:00,20.321999,46.62773,0.0,1013.90826
2001-04-10 00:00:00+00:00,20.624083,40.68346,0.0,1013.6042
2001-04-11 00:00:00+00:00,20.0345,48.48639,0.0,1015.95825
2001-04-12 00:00:00+00:00,20.201166,48.156876,0.0,1016.97504
2001-04-13 00:00:00+00:00,22.169916,34.388767,0.0,1012.62085
2001-04-14 00:00:00+00:00,20.830332,40.97647,0.0,1014.1584
2001-04-15 00:00:00+00:00,19.480333,52.60672,0.0,1018.61664
2001-04-16 00:00:00+00:00,22.2595,40.557827,0.0,1018.9583
2001-04-17 00:00:00+00:00,26.10325,21.174904,0.0,1015.74164
2001-04-18 00:00:00+00:00,27.005335,30.172028,0.0,1011.1333
2001-04-19 00:00:00+00:00,21.536585,54.135044,0.0,1014.88336
2001-04-20 00:00:00+00:00,20.707418,48.44356,0.0,1013.3499
2001-04-21 00:00:00+00:00,24.497002,43.835804,0.0,1007.5625
2001-04-22 00:00:00+00:00,28.957415,17.869478,0.0,1003.68335
2001-04-23 00:00:00+00:00,23.72825,39.39272,0.0,1011.55414
2001-04-24 00:00:00+00:00,20.257418,48.82861,0.0,1017.2166
2001-04-25 00:00:00+00:00,19.997,51.853825,0.0,1017.92505
2001-04-26 00:00:00+00:00,19.103249,55.395283,0.0,1015.7708
2001-04-27 00:00:00+00:00,20.11783,55.643982,0.0,1012.83746
2001-04-28 00:00:00+00:00,21.684502,57.385082,0.0,1009.32495
2001-04-29 00:00:00+00:00,24.121996,45.82065,0.0,1006.34576
2001-04-30 00:00:00+00:00,29.165749,28.302053,0.0,1002.85406
2001-05-01 00:00:00+00:00,23.367834,52.16431,0.3,1007.49585
2001-05-02 00:00:00+00:00,22.834501,60.814518,0.0,1007.61664
2001-05-03 00:00:00+00:00,22.205332,51.30859,0.0,1006.8791
2001-05-04 00:00:00+00:00,23.421999,41.647106,0.0,1007.6335
2001-05-05 00:00:00+00:00,27.961584,28.50666,0.0,1009.42487
2001-05-06 00:00:00+00:00,26.997,33.00055,0.0,1008.83344
2001-05-07 00:00:00+00:00,21.640753,49.416256,0.0,1013.9875
2001-05-08 00:00:00+00:00,22.372,41.20032,0.0,1012.8792
2001-05-09 00:00:00+00:00,23.167831,37.410892,0.0,1008.07086
2001-05-10 00:00:00+00:00,21.467834,54.03049,0.0,1010.19574
2001-05-11 00:00:00+00:00,22.459501,48.745594,0.0,1010.3042
2001-05-12 00:00:00+00:00,29.186579,25.976242,0.0,1004.6375
2001-05-13 00:00:00+00:00,24.844915,39.291924,0.0,1007.24585
2001-05-14 00:00:00+00:00,21.6845,47.94907,0.0,1012.65424
2001-05-15 00:00:00+00:00,20.740747,52.69527,0.0,1016.7959
2001-05-16 00:00:00+00:00,20.169916,50.254665,0.0,1019.19586
2001-05-17 00:00:00+00:00,21.01992,51.2782,0.0,1018.2917
2001-05-18 00:00:00+00:00,22.276167,47.548885,0.0,1015.9416
2001-05-19 00:00:00+00:00,23.365751,47.06825,0.0,1014.6208
2001-05-20 00:00:00+00:00,24.999084,42.490158,0.0,1015.2625
2001-05-21 00:00:00+00:00,27.015749,44.501225,0.0,1013.7708
2001-05-22 00:00:00+00:00,26.853249,46.593777,0.0,1013.1375
2001-05-23 00:00:00+00:00,27.755331,39.300137,0.0,1012.92926
2001-05-24 00:00:00+00:00,29.036583,34.780743,0.0,1011.35004
2001-05-25 00:00:00+00:00,29.413666,35.968884,0.0,1010.3792
2001-05-26 00:00:00+00:00,31.638664,25.838217,0.0,1009.69995
2001-05-27 00:00:00+00:00,32.421997,22.653791,0.0,1010.1125
2001-05-28 00:00:00+00:00,28.005333,45.332306,0.0,1011.09576
2001-05-29 00:00:00+00:00,24.24283,55.14035,0.0,1011.6042
2001-05-30 00:00:00+00:00,25.342834,56.02594,0.0,1010.07495
2001-05-31 00:00:00+00:00,26.465752,51.887074,0.0,1010.9251
2001-06-01 00:00:00+00:00,27.563667,46.321198,0.0,1009.90405
2001-06-02 00:00:00+00:00,27.930334,44.816418,0.0,1010.89154
2001-06-03 00:00:00+00:00,27.328247,42.64266,0.0,1013.74567
2001-06-04 00:00:00+00:00,26.707418,44.001377,0.0,1014.55005
2001-06-05 00:00:00+00:00,26.024084,48.88151,0.0,1011.86664
2001-06-06 00:00:00+00:00,23.436584,51.242325,0.0,1010.52496
2001-06-07 00:00:00+00:00,23.282415,46.9381,0.0,1010.32495
2001-06-08 00:00:00+00:00,23.857416,48.649586,0.0,1011.12494
2001-06-09 00:00:00+00:00,24.978249,49.81133,0.0,1011.9292
2001-06-10 00:00:00+00:00,25.201166,47.335796,0.0,1011.5
2001-06-11 00:00:00+00:00,26.894918,46.091003,0.0,1009.5457
2001-06-12 00:00:00+00:00,27.611586,47.858128,0.0,1007.4168
2001-06-13 00:00:00+00:00,28.438667,43.429058,0.0,1006.67084
2001-06-14 00:00:00+00:00,29.061583,45.50687,0.0,1006.4792
2001-06-15 00:00:00+00:00,28.880335,45.439205,0.0,1006.88745
2001-06-16 00:00:00+00:00,26.08033,50.340637,0.0,1007.2415
2001-06-17 00:00:00+00:00,25.444916,56.534077,0.0,1007.09174
2001-06-18 00:00:00+00:00,25.930336,56.431393,0.0,1007.97504
2001-06-19 00:00:00+00:00,27.224083,53.047867,0.0,1009.43335
2001-06-20 00:00:00+00:00,29.151167,46.297375,0.0,1009.70844
2001-06-21 00:00:00+00:00,28.532417,51.25378,0.0,1010.7666
2001-06-22 00:00:00+00:00,27.057413,53.84993,0.0,1013.7041
2001-06-23 00:00:00+00:00,25.359503,53.530716,0.0,1014.0999
2001-06-24 00:00:00+00:00,25.330336,54.168484,0.0,1011.60425
2001-06-25 00:00:00+00:00,25.715746,54.211243,0.0,1009.8542
2001-06-26 00:00:00+00:00,25.776169,59.965744,0.0,1009.47906
2001-06-27 00:00:00+00:00,26.244919,57.90605,0.0,1009.3501
2001-06-28 00:00:00+00:00,26.176168,56.668446,0.0,1010.27075
2001-06-29 00:00:00+00:00,26.778254,50.977734,0.0,1009.8335
2001-06-30 00:00:00+00:00,27.522003,52.62245,0.0,1009.4626
2001-07-01 00:00:00+00:00,26.836584,53.284946,0.0,1009.89996
2001-07-02 00:00:00+00:00,26.834503,52.898666,0.0,1009.8416
2001-07-03 00:00:00+00:00,26.997,54.80945,0.0,1009.8792
2001-07-04 00:00:00+00:00,26.442835,58.057953,0.0,1010.4043
2001-07-05 00:00:00+00:00,25.711584,59.20311,0.0,1010.0042
2001-07-06 00:00:00+00:00,26.486586,59.729584,0.0,1008.7791
2001-07-07 00:00:00+00:00,27.471998,57.74388,0.0,1007.87085
2001-07-08 00:00:00+00:00,27.419914,54.302277,0.0,1007.98334
2001-07-09 00:00:00+00:00,28.659502,51.74205,0.0,1008.41254
2001-07-10 00:00:00+00:00,29.557419,50.02574,0.0,1007.21246
2001-07-11 00:00:00+00:00,28.974081,55.945286,0.0,1006.125
2001-07-12 00:00:00+00:00,28.919914,58.414753,0.0,1005.3167
2001-07-13 00:00:00+00:00,30.061583,49.849472,0.0,1005.7083
2001-07-14 00:00:00+00:00,29.288666,54.72582,0.0,1006.59174
2001-07-15 00:00:00+00:00,28.988665,59.03146,0.0,1008.5999
2001-07-16 00:00:00+00:00,28.959501,58.62802,0.0,1008.82916
2001-07-17 00:00:00+00:00,28.261581,56.029102,0.0,1006.7708
2001-07-18 00:00:00+00:00,29.151169,52.15921,0.0,1004.2751
2001-07-19 00:00:00+00:00,29.06575,54.95728,0.0,1003.7959
2001-07-20 00:00:00+00:00,28.588669,58.74271,0.0,1005.20844
2001-07-21 00:00:00+00:00,29.301165,59.54538,0.0,1006.24585
2001-07-22 00:00:00+00:00,29.088667,57.37914,0.0,1006.75397
2001-07-23 00:00:00+00:00,28.140753,59.095306,0.0,1007.7124
2001-07-24 00:00:00+00:00,27.419916,57.25113,0.0,1008.33746
2001-07-25 00:00:00+00:00,26.726166,55.821396,0.0,1008.4917
2001-07-26 00:00:00+00:00,27.305334,58.550373,0.0,1007.8667
2001-07-27 00:00:00+00:00,28.388666,59.73164,0.0,1007.00415
2001-07-28 00:00:00+00:00,28.632418,59.191868,0.0,1007.2292
2001-07-29 00:00:00+00:00,28.601171,58.880116,0.0,1007.3582
2001-07-30 00:00:00+00:00,28.576166,64.23342,0.0,1007.59985
2001-07-31 00:00:00+00:00,28.928251,59.366425,0.0,1008.38336
2001-08-01 00:00:00+00:00,28.524084,61.696503,0.0,1007.3374
2001-08-02 00:00:00+00:00,28.513664,60.946148,0.0,1007.37915
2001-08-03 00:00:00+00:00,29.23658,57.467407,0.0,1008.9041
2001-08-04 00:00:00+00:00,29.899086,58.072987,0.0,1010.38336
2001-08-05 00:00:00+00:00,29.117834,64.55196,0.0,1009.95416
2001-08-06 00:00:00+00:00,29.7595,61.637035,0.0,1007.9458
2001-08-07 00:00:00+00:00,30.061583,57.546192,0.0,1007.2334
2001-08-08 00:00:00+00:00,29.486586,55.364834,0.0,1007.58765
2001-08-09 00:00:00+00:00,29.132418,60.260883,0.0,1008.0584
2001-08-10 00:00:00+00:00,29.846998,58.20187,0.0,1008.7251
2001-08-11 00:00:00+00:00,29.926165,58.03158,0.0,1008.2376
2001-08-12 00:00:00+00:00,30.307419,55.65955,0.0,1007.1584
2001-08-13 00:00:00+00:00,29.3845,57.93104,0.0,1007.91254
2001-08-14 00:00:00+00:00,28.701166,58.81279,0.0,1010.57495
2001-08-15 00:00:00+00:00,28.122,57.769733,0.0,1012.92084
2001-08-16 00:00:00+00:00,28.809502,54.864563,0.0,1012.2
2001-08-17 00:00:00+00:00,28.31575,55.107376,0.0,1010.9292
2001-08-18 00:00:00+00:00,27.797005,58.214813,0.0,1008.9834
2001-08-19 00:00:00+00:00,28.222,60.68783,0.0,1009.4084
2001-08-20 00:00:00+00:00,28.603249,53.28532,0.0,1011.25397
2001-08-21 00:00:00+00:00,28.990751,51.167675,0.0,1011.4875
2001-08-22 00:00:00+00:00,28.313665,56.650574,0.0,1011.01666
2001-08-23 00:00:00+00:00,28.688667,52.89323,0.0,1009.6458
2001-08-24 00:00:00+00:00,30.878244,38.02538,0.0,1008.2334
2001-08-25 00:00:00+00:00,31.817831,32.30338,0.0,1007.5708
2001-08-26 00:00:00+00:00,28.905329,60.02324,0.0,1008.45013
2001-08-27 00:00:00+00:00,28.576166,59.114986,0.0,1006.6084
2001-08-28 00:00:00+00:00,27.761583,59.116684,0.0,1006.4167
2001-08-29 00:00:00+00:00,28.14908,57.355087,0.0,1007.47925
2001-08-30 00:00:00+00:00,28.30533,53.9299,0.0,1008.3125
2001-08-31 00:00:00+00:00,28.040749,55.099216,0.0,1009.69165
2001-09-01 00:00:00+00:00,28.428247,58.201065,0.0,1009.57086
2001-09-02 00:00:00+00:00,28.37825,58.20424,0.0,1009.49994
2001-09-03 00:00:00+00:00,28.101164,60.6828,0.0,1011.13336
2001-09-04 00:00:00+00:00,28.886581,53.160538,0.0,1012.75
2001-09-05 00:00:00+00:00,29.344915,48.02939,0.0,1011.3374
2001-09-06 00:00:00+00:00,30.499084,40.510952,0.0,1009.29584
2001-09-07 00:00:00+00:00,28.66575,52.395237,0.0,1010.0876
2001-09-08 00:00:00+00:00,27.278246,51.30531,0.0,1012.84174
2001-09-09 00:00:00+00:00,28.546999,49.186398,0.0,1013.0957
2001-09-10 00:00:00+00:00,28.251167,49.79575,0.0,1011.71265
2001-09-11 00:00:00+00:00,26.794916,55.52199,0.0,1011.88745
2001-09-12 00:00:00+00:00,27.472,52.097675,0.0,1013.2751
2001-09-13 00:00:00+00:00,29.097,50.928604,0.0,1011.87494
2001-09-14 00:00:00+00:00,26.186583,54.05771,0.0,1010.9251
2001-09-15 00:00:00+00:00,25.515753,51.823917,0.0,1012.13324
2001-09-16 00:00:00+00:00,25.163668,53.900406,0.0,1011.34174
2001-09-17 00:00:00+00:00,25.526169,53.776478,0.0,1012.2083
2001-09-18 00:00:00+00:00,25.934502,54.619366,0.0,1013.9041
2001-09-19 00:00:00+00:00,25.499084,56.879963,0.0,1013.05
2001-09-20 00:00:00+00:00,26.617836,61.24278,0.0,1010.8416
2001-09-21 00:00:00+00:00,27.788668,64.410034,0.0,1009.0501
2001-09-22 00:00:00+00:00,27.944916,60.738617,0.0,1010.15826
2001-09-23 00:00:00+00:00,28.074081,55.989994,0.0,1012.0374
2001-09-24 00:00:00+00:00,27.859503,54.235653,0.0,1012.5208
2001-09-25 00:00:00+00:00,26.744917,61.27667,0.0,1011.6667
2001-09-26 00:00:00+00:00,27.851166,59.777145,0.0,1010.3584
2001-09-27 00:00:00+00:00,28.063667,60.666946,0.0,1010.36664
2001-09-28 00:00:00+00:00,26.582418,53.039246,0.0,1013.75836
2001-09-29 00:00:00+00:00,24.797005,51.269695,0.0,1014.74994
2001-09-30 00:00:00+00:00,24.557413,52.690166,0.0,1014.9541
2001-10-01 00:00:00+00:00,24.963667,52.27164,0.0,1015.8748
2001-10-02 00:00:00+00:00,24.344917,51.919678,0.0,1015.7085
2001-10-03 00:00:00+00:00,24.65325,53.573563,0.0,1015.02496
2001-10-04 00:00:00+00:00,25.072,57.77857,0.0,1014.85004
2001-10-05 00:00:00+00:00,25.424086,57.175858,0.0,1015.77094
2001-10-06 00:00:00+00:00,24.53242,56.832596,0.0,1015.1792
2001-10-07 00:00:00+00:00,24.959497,57.314358,0.0,1013.0164
2001-10-08 00:00:00+00:00,25.357416,58.898945,0.0,1012.5
2001-10-09 00:00:00+00:00,25.353249,57.946198,0.0,1014.1875
2001-10-10 00:00:00+00:00,24.861586,61.23515,0.0,1015.76666
2001-10-11 00:00:00+00:00,24.413666,63.04904,0.0,1013.9626
2001-10-12 00:00:00+00:00,24.582418,60.211136,0.0,1011.97504
2001-10-13 00:00:00+00:00,24.765753,56.646275,0.0,1012.14594
2001-10-14 00:00:00+00:00,25.719915,49.23659,0.0,1012.8833
2001-10-15 00:00:00+00:00,25.109497,56.78856,0.0,1013.37915
2001-10-16 00:00:00+00:00,23.757416,62.94032,0.0,1015.37085
2001-10-17 00:00:00+00:00,23.144915,64.10215,0.0,1015.1333
2001-10-18 00:00:00+00:00,23.536585,60.813496,0.0,1014.58344
2001-10-19 00:00:00+00:00,23.892832,57.5937,0.0,1015.15826
2001-10-20 00:00:00+00:00,24.117834,59.078766,0.0,1015.9167
2001-10-21 00:00:00+00:00,22.9095,64.508675,0.0,1015.2957
2001-10-22 00:00:00+00:00,22.855333,57.73444,0.0,1015.9499
2001-10-23 00:00:00+00:00,22.949083,56.29498,0.0,1015.9666
2001-10-24 00:00:00+00:00,23.772001,60.978165,0.0,1014.1042
2001-10-25 00:00:00+00:00,22.328253,59.30327,0.0,1013.17505
2001-10-26 00:00:00+00:00,21.374084,58.920742,0.0,1014.4458
2001-10-27 00:00:00+00:00,20.79075,62.47331,0.0,1017.425
2001-10-28 00:00:00+00:00,19.78242,63.627125,0.0,1019.07086
2001-10-29 00:00:00+00:00,19.611586,56.466858,0.0,1019.53326
2001-10-30 00:00:00+00:00,19.342833,53.030605,0.0,1019.83325
2001-10-31 00:00:00+00:00,19.588667,56.621334,0.0,1020.2083
2001-11-01 00:00:00+00:00,19.8845,59.198536,0.0,1018.15826
2001-11-02 00:00:00+00:00,20.338665,61.060196,0.0,1016.5833
2001-11-03 00:00:00+00:00,20.47825,52.209034,0.0,1014.25006
2001-11-04 00:00:00+00:00,21.367834,39.026604,0.0,1014.60834
2001-11-05 00:00:00+00:00,20.953249,38.153362,0.0,1016.6665
2001-11-06 00:00:00+00:00,19.476168,50.81634,0.0,1018.54156
2001-11-07 00:00:00+00:00,20.41575,60.796783,0.0,1019.5124
2001-11-08 00:00:00+00:00,20.172003,59.238342,0.0,1016.9084
2001-11-09 00:00:00+00:00,20.334501,55.78091,0.0,1016.49585
2001-11-10 00:00:00+00:00,21.334501,55.979053,0.0,1019.61255
2001-11-11 00:00:00+00:00,20.217834,67.06779,0.0,1020.7749
2001-11-12 00:00:00+00:00,20.513666,62.505062,0.0,1018.9836
2001-11-13 00:00:00+00:00,20.007418,57.333233,0.0,1016.7209
2001-11-14 00:00:00+00:00,21.503248,44.33127,0.0,1016.8875
2001-11-15 00:00:00+00:00,21.149084,54.4475,0.0,1020.425
2001-11-16 00:00:00+00:00,19.955336,67.30797,0.0,1020.1792
2001-11-17 00:00:00+00:00,18.863668,59.721344,0.0,1016.99994
2001-11-18 00:00:00+00:00,17.919916,46.689804,0.0,1019.05817
2001-11-19 00:00:00+00:00,15.357419,54.134533,0.0,1021.8208
2001-11-20 00:00:00+00:00,15.969918,52.59051,0.0,1020.36664
2001-11-21 00:00:00+00:00,18.613668,52.53169,0.0,1018.7209
2001-11-22 00:00:00+00:00,15.930335,58.93626,0.0,1021.7749
2001-11-23 00:00:00+00:00,15.736583,52.12296,0.0,1021.2625
2001-11-24 00:00:00+00:00,16.536583,45.387005,0.0,1016.82086
2001-11-25 00:00:00+00:00,17.421999,50.448574,0.0,1015.1001
2001-11-26 00:00:00+00:00,16.4095,59.483887,0.0,1018.9917
2001-11-27 00:00:00+00:00,18.044916,57.911175,0.0,1019.4541
2001-11-28 00:00:00+00:00,19.192831,54.974796,0.0,1017.30853
2001-11-29 00:00:00+00:00,18.75325,51.127666,0.0,1011.9041
2001-11-30 00:00:00+00:00,18.380335,57.473797,0.0,1010.7959
2001-12-01 00:00:00+00:00,16.109499,49.628464,0.0,1012.8416
2001-12-02 00:00:00+00:00,15.603249,53.511932,1.8,1012.3459
2001-12-03 00:00:00+00:00,15.090749,45.946285,0.0,1012.82916
2001-12-04 00:00:00+00:00,14.915751,61.320496,0.0,1013.1875
2001-12-05 00:00:00+00:00,14.832416,65.333565,0.2,1014.375
2001-12-06 00:00:00+00:00,14.3115835,63.245922,0.0,1014.0544
2001-12-07 00:00:00+00:00,15.371999,55.058514,0.5,1012.51654
2001-12-08 00:00:00+00:00,16.3845,49.367752,0.0,1014.47516
2001-12-09 00:00:00+00:00,14.309502,56.701115,0.0,1021.7917
2001-12-10 00:00:00+00:00,15.324081,62.633854,0.0,1021.6875
2001-12-11 00:00:00+00:00,15.824084,69.97972,0.0,1018.5208
2001-12-12 00:00:00+00:00,16.01367,59.300644,0.0,1015.04175
2001-12-13 00:00:00+00:00,13.846999,52.941563,0.0,1017.36255
2001-12-14 00:00:00+00:00,13.324084,51.01115,0.0,1021.4292
2001-12-15 00:00:00+00:00,14.42825,57.98016,0.0,1022.97504
2001-12-16 00:00:00+00:00,12.8428335,60.251514,0.0,1021.3376
2001-12-17 00:00:00+00:00,13.265751,53.826477,0.0,1016.8791
2001-12-18 00:00:00+00:00,14.826168,49.01221,0.0,1016.05414
2001-12-19 00:00:00+00:00,13.357417,66.8858,0.0,1019.7249
2001-12-20 00:00:00+00:00,11.549084,65.19685,0.0,1024.4791
2001-12-21 00:00:00+00:00,11.684501,54.221676,0.0,1025.1332
2001-12-22 00:00:00+00:00,12.340751,48.658962,0.0,1022.27496
2001-12-23 00:00:00+00:00,13.372001,46.203503,0.0,1022.67084
2001-12-24 00:00:00+00:00,14.090749,59.611126,0.0,1022.74585
2001-12-25 00:00:00+00:00,14.940749,51.986023,0.0,1018.87915
2001-12-26 00:00:00+00:00,16.905333,34.76849,0.0,1015.3625
2001-12-27 00:00:00+00:00,18.561583,26.568604,0.0,1013.3501
2001-12-28 00:00:00+00:00,15.6449175,51.48235,0.0,1017.73346
2001-12-29 00:00:00+00:00,14.803249,55.56103,0.0,1021.63745
2001-12-30 00:00:00+00:00,13.324084,54.747875,0.0,1021.89166
2001-12-31 00:00:00+00:00,13.161583,51.827454,0.0,1021.6125
2002-01-01 00:00:00+00:00,13.882417,57.118435,0.0,1020.4041
2002-01-02 00:00:00+00:00,13.403251,58.915405,1.3000001,1017.1667
2002-01-03 00:00:00+00:00,11.719917,57.735165,0.0,1022.9375
2002-01-04 00:00:00+00:00,10.60325,55.42481,0.0,1020.3083
2002-01-05 00:00:00+00:00,11.694917,45.91339,0.0,1015.6541
2002-01-06 00:00:00+00:00,9.601166,54.097424,0.4,1016.23755
2002-01-07 00:00:00+00:00,9.1553335,52.811825,0.0,1020.6543
2002-01-08 00:00:00+00:00,11.017833,62.51688,0.0,1024.3625
2002-01-09 00:00:00+00:00,10.215751,68.44764,1.3000001,1020.3916
2002-01-10 00:00:00+00:00,8.851167,78.540375,3.4000003,1018.15424
2002-01-11 00:00:00+00:00,10.9990835,64.15889,0.0,1023.29584
2002-01-12 00:00:00+00:00,11.253251,72.64913,0.4,1023.6584
2002-01-13 00:00:00+00:00,11.574084,68.62372,0.0,1023.8708
2002-01-14 00:00:00+00:00,11.101167,68.19819,0.0,1021.1416
2002-01-15 00:00:00+00:00,12.467832,66.496956,0.0,1020.66675
2002-01-16 00:00:00+00:00,12.847001,71.16103,0.0,1024.0499
2002-01-17 00:00:00+00:00,12.569917,68.66435,0.0,1024.4625
2002-01-18 00:00:00+00:00,13.169915,67.31045,0.0,1020.32074
2002-01-19 00:00:00+00:00,13.169915,69.350685,0.0,1020.75
2002-01-20 00:00:00+00:00,12.469917,72.5202,0.0,1022.00836
2002-01-21 00:00:00+00:00,12.528249,61.985138,0.0,1022.43335
2002-01-22 00:00:00+00:00,12.847001,67.366356,0.2,1021.24585
2002-01-23 00:00:00+00:00,13.751166,61.568207,0.0,1023.175
2002-01-24 00:00:00+00:00,12.6345,55.575077,0.0,1024.9459
2002-01-25 00:00:00+00:00,12.794917,59.70467,0.0,1023.72925
2002-01-26 00:00:00+00:00,13.469917,64.0205,0.0,1021.00006
2002-01-27 00:00:00+00:00,13.111584,73.87196,0.0,1016.15826
2002-01-28 00:00:00+00:00,14.709502,66.15473,0.0,1020.82086
2002-01-29 00:00:00+00:00,14.049084,70.89878,0.0,1024.1583
2002-01-30 00:00:00+00:00,13.180333,65.970314,0.0,1027.3917
2002-01-31 00:00:00+00:00,13.30325,65.76472,0.0,1027.6041
2002-02-01 00:00:00+00:00,13.507419,68.840324,0.0,1026.1456
2002-02-02 00:00:00+00:00,14.615749,72.750046,0.0,1024.8167
2002-02-03 00:00:00+00:00,15.8345,71.90375,0.0,1023.36255
2002-02-04 00:00:00+00:00,15.96992,70.37548,0.0,1022.17505
2002-02-05 00:00:00+00:00,16.044916,67.72455,0.0,1021.54175
2002-02-06 00:00:00+00:00,16.015749,66.94996,0.0,1018.14166
2002-02-07 00:00:00+00:00,16.382418,71.93589,0.0,1017.26666
2002-02-08 00:00:00+00:00,15.211586,69.79541,0.0,1017.85004
2002-02-09 00:00:00+00:00,17.86575,53.962475,0.0,1013.33746
2002-02-10 00:00:00+00:00,15.917835,64.55064,6.3999996,1009.38324
2002-02-11 00:00:00+00:00,13.838668,67.16336,0.3,1009.07086
2002-02-12 00:00:00+00:00,14.469914,65.08488,0.0,1012.0625
2002-02-13 00:00:00+00:00,14.317833,72.416115,0.1,1018.04584
2002-02-14 00:00:00+00:00,13.315751,69.930305,0.0,1022.12085
2002-02-15 00:00:00+00:00,15.138664,66.34914,0.0,1023.12085
2002-02-16 00:00:00+00:00,15.013668,69.86396,0.0,1022.4624
2002-02-17 00:00:00+00:00,14.888667,68.06812,0.0,1021.8708
2002-02-18 00:00:00+00:00,15.284501,59.64899,0.0,1023.22504
2002-02-19 00:00:00+00:00,14.594917,52.894592,0.0,1025.0333
2002-02-20 00:00:00+00:00,15.065751,42.800095,0.0,1019.65826
2002-02-21 00:00:00+00:00,17.199083,28.51616,0.0,1012.50006
2002-02-22 00:00:00+00:00,17.011583,40.17463,0.0,1013.1916
2002-02-23 00:00:00+00:00,20.507418,35.97102,0.0,1010.5125
2002-02-24 00:00:00+00:00,16.138666,47.034145,0.0,1014.97906
2002-02-25 00:00:00+00:00,16.349083,50.680103,0.0,1016.1541
2002-02-26 00:00:00+00:00,14.8740835,58.021057,0.0,1020.16675
2002-02-27 00:00:00+00:00,13.763667,57.188156,0.0,1021.07916
2002-02-28 00:00:00+00:00,14.451168,63.875515,0.0,1020.2708
2002-03-01 00:00:00+00:00,14.794917,65.5456,0.0,1021.0166
2002-03-02 00:00:00+00:00,15.528252,65.33878,0.0,1020.29156
2002-03-03 00:00:00+00:00,16.417833,66.498924,0.0,1017.63745
2002-03-04 00:00:00+00:00,16.169916,68.80555,0.0,1015.83765
2002-03-05 00:00:00+00:00,16.674086,65.99232,0.0,1016.6418
2002-03-06 00:00:00+00:00,18.880335,64.613014,0.0,1017.43744
2002-03-07 00:00:00+00:00,21.963669,50.553722,0.0,1016.37933
2002-03-08 00:00:00+00:00,21.886583,37.717453,0.0,1015.35425
2002-03-09 00:00:00+00:00,20.888666,30.734482,0.0,1016.0249
2002-03-10 00:00:00+00:00,22.2845,26.198786,0.0,1013.69586
2002-03-11 00:00:00+00:00,23.042831,31.75316,0.0,1014.62085
2002-03-12 00:00:00+00:00,18.85325,51.768906,0.0,1017.9792
2002-03-13 00:00:00+00:00,17.3845,58.279404,0.0,1017.59985
2002-03-14 00:00:00+00:00,16.180334,67.59434,0.0,1017.49176
2002-03-15 00:00:00+00:00,16.796999,64.57539,0.0,1014.99164
2002-03-16 00:00:00+00:00,16.186583,64.7514,0.0,1011.85425
2002-03-17 00:00:00+00:00,16.197,63.356365,0.0,1010.49994
2002-03-18 00:00:00+00:00,18.238668,52.04903,0.0,1006.1873
2002-03-19 00:00:00+00:00,17.497,57.60319,0.0,1008.0667
2002-03-20 00:00:00+00:00,16.451166,54.727062,0.0,1016.5417
2002-03-21 00:00:00+00:00,17.8595,56.87071,0.0,1016.08765
2002-03-22 00:00:00+00:00,17.855333,62.557114,0.0,1014.51666
2002-03-23 00:00:00+00:00,20.196999,42.133205,0.0,1009.57074
2002-03-24 00:00:00+00:00,21.128248,31.273893,0.0,1006.74994
2002-03-25 00:00:00+00:00,17.803251,43.431305,0.0,1008.5583
2002-03-26 00:00:00+00:00,14.9595,39.900074,0.0,1012.3125
2002-03-27 00:00:00+00:00,14.99075,49.898865,0.1,1013.33765
2002-03-28 00:00:00+00:00,15.326164,53.38164,0.0,1016.08746
2002-03-29 00:00:00+00:00,14.9095,55.997406,0.0,1017.6667
2002-03-30 00:00:00+00:00,17.311583,46.180847,0.0,1013.2874
2002-03-31 00:00:00+00:00,19.740751,46.2594,0.0,1005.9998
2002-04-01 00:00:00+00:00,16.332417,42.840042,0.0,1012.3543
2002-04-02 00:00:00+00:00,14.55325,54.51587,0.1,1016.63763
2002-04-03 00:00:00+00:00,16.613667,55.887257,0.0,1016.13336
2002-04-04 00:00:00+00:00,20.551168,41.63727,0.0,1012.14575
2002-04-05 00:00:00+00:00,25.430334,19.068588,0.0,1007.02496
2002-04-06 00:00:00+00:00,23.057413,33.25389,0.0,1010.76666
2002-04-07 00:00:00+00:00,18.549082,60.22642,0.0,1017.30835
2002-04-08 00:00:00+00:00,17.838667,57.251755,0.0,1015.8416
2002-04-09 00:00:00+00:00,18.522001,54.50609,0.0,1013.09595
2002-04-10 00:00:00+00:00,18.624084,54.874493,0.0,1010.5667
2002-04-11 00:00:00+00:00,20.011583,53.249485,0.0,1011.62085
2002-04-12 00:00:00+00:00,21.763664,43.34791,0.0,1013.8999
2002-04-13 00:00:00+00:00,24.530334,26.354383,0.0,1012.6333
2002-04-14 00:00:00+00:00,29.50325,16.091167,0.0,1008.8208
2002-04-15 00:00:00+00:00,28.780333,20.80647,0.0,1007.5249
2002-04-16 00:00:00+00:00,25.546999,40.1541,0.0,1007.30005
2002-04-17 00:00:00+00:00,20.736582,54.652836,0.0,1010.5251
2002-04-18 00:00:00+00:00,18.09075,57.6703,0.0,1011.7874
2002-04-19 00:00:00+00:00,18.049086,54.18935,0.0,1013.3459
2002-04-20 00:00:00+00:00,18.042833,54.464382,0.0,1015.76245
2002-04-21 00:00:00+00:00,18.4095,53.824413,0.0,1017.1458
2002-04-22 00:00:00+00:00,19.419916,49.31367,0.0,1016.7
2002-04-23 00:00:00+00:00,21.147,48.247036,0.2,1012.24585
2002-04-24 00:00:00+00:00,19.3345,56.577896,0.2,1011.375
2002-04-25 00:00:00+00:00,19.351168,53.287502,0.0,1015.5544
2002-04-26 00:00:00+00:00,19.132418,55.217655,0.5,1014.68744
2002-04-27 00:00:00+00:00,18.955336,52.47559,0.0,1016.23334
2002-04-28 00:00:00+00:00,19.282417,50.959347,0.0,1017.01666
2002-04-29 00:00:00+00:00,19.165749,53.814774,0.0,1016.8333
2002-04-30 00:00:00+00:00,19.494917,56.69546,0.0,1015.1585
2002-05-01 00:00:00+00:00,20.486582,54.244946,0.0,1013.09576
2002-05-02 00:00:00+00:00,20.730333,54.91016,0.0,1012.20416
2002-05-03 00:00:00+00:00,21.009502,57.71948,0.0,1014.16656
2002-05-04 00:00:00+00:00,22.578253,47.67865,0.0,1013.9666
2002-05-05 00:00:00+00:00,25.124083,34.31517,0.0,1011.35425
2002-05-06 00:00:00+00:00,25.299082,31.636946,0.0,1011.4875
2002-05-07 00:00:00+00:00,24.178251,42.679943,0.0,1013.10004
2002-05-08 00:00:00+00:00,24.588667,44.115246,0.0,1013.32916
2002-05-09 00:00:00+00:00,25.371996,41.370815,0.0,1010.7417
2002-05-10 00:00:00+00:00,27.217829,32.62978,0.0,1006.11676
2002-05-11 00:00:00+00:00,24.686586,44.9416,0.0,1012.44165
2002-05-12 00:00:00+00:00,26.297003,37.55844,0.0,1014.36255
2002-05-13 00:00:00+00:00,28.863665,34.188942,0.0,1011.92505
2002-05-14 00:00:00+00:00,21.907417,57.56215,0.0,1014.43756
2002-05-15 00:00:00+00:00,21.707415,56.44585,0.0,1014.95013
2002-05-16 00:00:00+00:00,21.926168,52.18341,0.0,1014.82495
2002-05-17 00:00:00+00:00,22.465752,51.949646,0.0,1014.1082
2002-05-18 00:00:00+00:00,22.938662,53.357334,0.0,1014.8875
2002-05-19 00:00:00+00:00,23.353249,49.275986,0.0,1013.77924
2002-05-20 00:00:00+00:00,23.153252,45.629547,0.0,1013.9583
2002-05-21 00:00:00+00:00,26.022001,33.740982,0.0,1011.4041
2002-05-22 00:00:00+00:00,24.674082,42.798843,0.0,1011.41254
2002-05-23 00:00:00+00:00,24.588663,49.84141,0.0,1010.07495
2002-05-24 00:00:00+00:00,24.136583,51.734318,0.0,1010.4334
2002-05-25 00:00:00+00:00,24.99283,48.64247,0.0,1011.0833
2002-05-26 00:00:00+00:00,27.059502,43.93391,0.0,1009.67914
2002-05-27 00:00:00+00:00,25.972002,49.609463,0.0,1011.95013
2002-05-28 00:00:00+00:00,24.494913,52.49167,0.0,1012.7542
2002-05-29 00:00:00+00:00,25.367834,46.000565,0.0,1012.925
2002-05-30 00:00:00+00:00,28.340752,34.72957,0.0,1011.83344
2002-05-31 00:00:00+00:00,25.261581,50.41164,0.0,1013.1042
2002-06-01 00:00:00+00:00,24.23242,53.538868,0.0,1013.4292
2002-06-02 00:00:00+00:00,24.546999,55.870255,0.0,1013.1916
2002-06-03 00:00:00+00:00,25.067833,49.221436,0.0,1012.30835
2002-06-04 00:00:00+00:00,24.72825,40.998028,0.0,1012.6458
2002-06-05 00:00:00+00:00,24.855337,40.335945,0.0,1013.1707
2002-06-06 00:00:00+00:00,25.5095,43.250885,0.0,1014.1584
2002-06-07 00:00:00+00:00,26.028252,54.09999,0.0,1011.67914
2002-06-08 00:00:00+00:00,29.059502,49.22475,0.0,1008.0791
2002-06-09 00:00:00+00:00,30.063667,45.9982,0.0,1007.1335
2002-06-10 00:00:00+00:00,30.278252,39.953957,0.0,1007.06683
2002-06-11 00:00:00+00:00,27.324087,50.430172,0.0,1008.8418
2002-06-12 00:00:00+00:00,25.642836,52.050488,0.0,1010.7583
2002-06-13 00:00:00+00:00,25.603254,56.709,0.0,1010.47504
2002-06-14 00:00:00+00:00,25.83658,58.682682,0.0,1009.21246
2002-06-15 00:00:00+00:00,26.584496,54.845898,0.0,1009.72504
2002-06-16 00:00:00+00:00,26.761587,54.69815,0.0,1010.2043
2002-06-17 00:00:00+00:00,27.117834,50.58287,0.0,1009.91235
2002-06-18 00:00:00+00:00,27.311584,49.363567,0.0,1009.2957
2002-06-19 00:00:00+00:00,27.217833,57.57324,0.0,1008.1541
2002-06-20 00:00:00+00:00,26.869913,52.552067,0.1,1008.9333
2002-06-21 00:00:00+00:00,25.842833,51.13396,0.0,1008.80853
2002-06-22 00:00:00+00:00,26.71158,44.320255,0.0,1009.8709
2002-06-23 00:00:00+00:00,27.08658,45.601437,0.0,1011.7458
2002-06-24 00:00:00+00:00,27.582415,48.37003,0.0,1012.64996
2002-06-25 00:00:00+00:00,27.946999,55.34982,0.0,1011.6167
2002-06-26 00:00:00+00:00,28.555334,54.046642,0.0,1009.94165
2002-06-27 00:00:00+00:00,27.87825,57.68547,0.0,1009.0166
2002-06-28 00:00:00+00:00,27.08242,60.810993,0.0,1010.3001
2002-06-29 00:00:00+00:00,27.588669,59.308105,0.0,1011.4416
2002-06-30 00:00:00+00:00,28.440752,53.876038,0.0,1011.9668
2002-07-01 00:00:00+00:00,28.796999,47.556957,0.0,1011.19586
2002-07-02 00:00:00+00:00,28.453247,55.472317,0.0,1010.2832
2002-07-03 00:00:00+00:00,28.096998,58.691025,0.0,1010.8623
2002-07-04 00:00:00+00:00,28.547003,58.90952,0.0,1010.5874
2002-07-05 00:00:00+00:00,29.651167,52.318253,0.0,1009.86237
2002-07-06 00:00:00+00:00,29.484503,55.452957,0.0,1008.3459
2002-07-07 00:00:00+00:00,28.942835,58.42973,0.0,1007.47925
2002-07-08 00:00:00+00:00,28.663668,55.065357,0.0,1007.2751
2002-07-09 00:00:00+00:00,30.738668,43.860195,0.0,1006.19995
2002-07-10 00:00:00+00:00,29.228249,58.50377,0.0,1006.4084
2002-07-11 00:00:00+00:00,28.651169,56.188885,0.0,1008.32904
2002-07-12 00:00:00+00:00,29.769915,50.932392,0.0,1007.43744
2002-07-13 00:00:00+00:00,30.676168,48.870815,0.0,1008.4751
2002-07-14 00:00:00+00:00,30.717833,50.32155,0.0,1009.39575
2002-07-15 00:00:00+00:00,29.546999,59.95927,0.0,1008.03326
2002-07-16 00:00:00+00:00,30.890749,52.76878,0.0,1006.49176
2002-07-17 00:00:00+00:00,31.317833,51.26,0.0,1006.9958
2002-07-18 00:00:00+00:00,30.959501,52.975117,0.0,1007.7541
2002-07-19 00:00:00+00:00,29.999083,51.791325,0.0,1010.7583
2002-07-20 00:00:00+00:00,29.196997,51.907345,0.0,1009.97516
2002-07-21 00:00:00+00:00,28.099081,57.766735,0.0,1007.1792
2002-07-22 00:00:00+00:00,27.940752,59.365524,0.0,1006.22095
2002-07-23 00:00:00+00:00,28.692831,57.583023,0.0,1006.679
2002-07-24 00:00:00+00:00,29.301165,55.183365,0.0,1006.2249
2002-07-25 00:00:00+00:00,28.934504,52.87035,0.0,1007.854
2002-07-26 00:00:00+00:00,30.694918,48.97568,0.0,1008.9709
2002-07-27 00:00:00+00:00,31.817831,44.2874,0.0,1010.17084
2002-07-28 00:00:00+00:00,32.524082,37.85937,0.0,1011.2083
2002-07-29 00:00:00+00:00,34.601166,28.666527,0.0,1010.2666
2002-07-30 00:00:00+00:00,33.701168,32.496006,0.0,1007.90826
2002-07-31 00:00:00+00:00,32.413662,44.718246,0.0,1007.2292
2002-08-01 00:00:00+00:00,30.424086,54.012344,0.0,1008.6707
2002-08-02 00:00:00+00:00,28.703249,58.823185,0.0,1009.47095
2002-08-03 00:00:00+00:00,28.3095,59.94469,0.0,1008.1792
2002-08-04 00:00:00+00:00,29.13867,61.833176,0.0,1007.0459
2002-08-05 00:00:00+00:00,29.70533,60.977764,0.0,1008.39166
2002-08-06 00:00:00+00:00,29.726166,58.000713,0.0,1008.6125
2002-08-07 00:00:00+00:00,30.109503,55.394596,0.0,1007.55005
2002-08-08 00:00:00+00:00,30.561583,51.28064,0.0,1007.11255
2002-08-09 00:00:00+00:00,28.703249,57.688248,0.0,1008.4875
2002-08-10 00:00:00+00:00,28.059504,56.16161,0.0,1009.36255
2002-08-11 00:00:00+00:00,28.647001,59.541187,0.0,1009.19995
2002-08-12 00:00:00+00:00,30.522003,54.67517,0.0,1008.15826
2002-08-13 00:00:00+00:00,31.482412,49.92686,0.0,1007.69183
2002-08-14 00:00:00+00:00,29.18033,61.602665,0.0,1008.11237
2002-08-15 00:00:00+00:00,28.12617,55.529495,0.0,1007.6125
2002-08-16 00:00:00+00:00,27.859497,57.30221,0.0,1007.3125
2002-08-17 00:00:00+00:00,27.684502,56.174267,0.0,1007.8999
2002-08-18 00:00:00+00:00,27.734503,56.69504,0.0,1008.8833
2002-08-19 00:00:00+00:00,27.711584,57.939526,0.0,1009.2666
2002-08-20 00:00:00+00:00,27.994913,56.539276,0.0,1009.5999
2002-08-21 00:00:00+00:00,28.413664,53.728252,0.0,1009.70416
2002-08-22 00:00:00+00:00,27.7845,57.135082,0.0,1010.3
2002-08-23 00:00:00+00:00,27.25325,58.062862,0.0,1011.7209
2002-08-24 00:00:00+00:00,27.19075,56.819683,0.0,1011.8625
2002-08-25 00:00:00+00:00,27.411583,57.28644,0.0,1010.8001
2002-08-26 00:00:00+00:00,27.805334,55.478592,0.0,1009.72095
2002-08-27 00:00:00+00:00,28.717836,56.17232,0.0,1008.84174
2002-08-28 00:00:00+00:00,28.807417,57.185802,0.0,1009.45825
2002-08-29 00:00:00+00:00,28.01158,56.076824,0.0,1011.30835
2002-08-30 00:00:00+00:00,27.921999,55.69661,0.0,1011.675
2002-08-31 00:00:00+00:00,28.632418,53.098663,0.0,1011.15405
2002-09-01 00:00:00+00:00,31.347,37.755253,0.0,1010.3167
2002-09-02 00:00:00+00:00,29.582415,55.776474,0.0,1014.16254
2002-09-03 00:00:00+00:00,28.597002,57.687428,0.0,1014.77924
2002-09-04 00:00:00+00:00,27.563667,56.597397,0.0,1013.446
2002-09-05 00:00:00+00:00,27.128248,55.61986,0.0,1012.6624
2002-09-06 00:00:00+00:00,27.144918,55.75636,0.0,1012.7126
2002-09-07 00:00:00+00:00,27.294916,56.42426,0.0,1013.57495
2002-09-08 00:00:00+00:00,27.45117,54.1807,0.0,1013.03754
2002-09-09 00:00:00+00:00,29.501167,42.544518,0.0,1010.41235
2002-09-10 00:00:00+00:00,30.64908,36.917107,0.0,1005.99585
2002-09-11 00:00:00+00:00,27.530333,58.166443,0.0,1009.4375
2002-09-12 00:00:00+00:00,27.584501,51.638885,0.0,1014.10004
2002-09-13 00:00:00+00:00,28.59075,47.805546,0.0,1015.3708
2002-09-14 00:00:00+00:00,28.011581,49.679867,0.0,1013.72925
2002-09-15 00:00:00+00:00,29.411589,46.242184,0.0,1012.0583
2002-09-16 00:00:00+00:00,32.24492,29.375626,0.0,1012.22095
2002-09-17 00:00:00+00:00,33.06992,27.902414,0.0,1011.5208
2002-09-18 00:00:00+00:00,27.407417,58.777966,0.0,1012.5459
2002-09-19 00:00:00+00:00,25.709501,50.954617,0.0,1014.3208
2002-09-20 00:00:00+00:00,24.794914,49.887386,0.0,1014.0376
2002-09-21 00:00:00+00:00,25.230337,49.16838,0.0,1013.3083
2002-09-22 00:00:00+00:00,25.69075,53.105007,0.0,1012.9375
2002-09-23 00:00:00+00:00,25.84075,51.560192,0.0,1013.5999
2002-09-24 00:00:00+00:00,26.299086,52.814194,0.0,1014.24164
2002-09-25 00:00:00+00:00,25.30533,53.62206,0.0,1013.08344
2002-09-26 00:00:00+00:00,27.482416,49.610962,0.0,1011.26245
2002-09-27 00:00:00+00:00,28.99283,49.395313,0.0,1012.2917
2002-09-28 00:00:00+00:00,29.105331,54.83698,0.0,1013.3459
2002-09-29 00:00:00+00:00,29.55533,51.498978,0.0,1012.30835
2002-09-30 00:00:00+00:00,29.834501,52.226025,0.0,1011.56244
2002-10-01 00:00:00+00:00,27.809504,61.386673,0.0,1012.72485
2002-10-02 00:00:00+00:00,25.976166,61.984283,0.0,1015.37915
2002-10-03 00:00:00+00:00,23.134499,65.059746,0.2,1016.8709
2002-10-04 00:00:00+00:00,23.007416,55.382843,0.0,1016.65424
2002-10-05 00:00:00+00:00,23.449083,51.965153,0.0,1016.2375
2002-10-06 00:00:00+00:00,23.546999,58.94516,0.0,1014.87085
2002-10-07 00:00:00+00:00,24.713669,55.244385,0.0,1015.84595
2002-10-08 00:00:00+00:00,25.205332,52.300602,0.0,1016.3709
2002-10-09 00:00:00+00:00,24.388666,56.739822,0.0,1017.0833
2002-10-10 00:00:00+00:00,23.934502,58.428944,0.0,1017.59174
2002-10-11 00:00:00+00:00,25.053251,63.385296,0.0,1015.09985
2002-10-12 00:00:00+00:00,26.224077,68.30773,0.0,1010.7915
2002-10-13 00:00:00+00:00,26.040749,67.63746,0.0,1008.95013
2002-10-14 00:00:00+00:00,25.953249,59.45722,0.0,1009.84155
2002-10-15 00:00:00+00:00,23.861586,65.06354,0.0,1009.9292
2002-10-16 00:00:00+00:00,22.644915,67.182655,0.0,1012.0625
2002-10-17 00:00:00+00:00,23.37825,63.3057,0.0,1013.32086
2002-10-18 00:00:00+00:00,23.634499,65.04659,0.0,1013.9167
2002-10-19 00:00:00+00:00,24.624079,67.74766,0.0,1013.47516
2002-10-20 00:00:00+00:00,24.478249,65.37325,0.0,1014.0041
2002-10-21 00:00:00+00:00,23.019918,56.165775,0.0,1015.0125
2002-10-22 00:00:00+00:00,21.897001,55.352306,0.0,1015.41675
2002-10-23 00:00:00+00:00,22.3095,60.63664,0.0,1014.4875
2002-10-24 00:00:00+00:00,23.046999,65.191,0.0,1013.62494
2002-10-25 00:00:00+00:00,23.238665,67.742294,0.0,1014.44995
2002-10-26 00:00:00+00:00,23.836584,67.388176,0.0,1016.0208
2002-10-27 00:00:00+00:00,22.640749,65.10646,0.0,1015.99176
2002-10-28 00:00:00+00:00,22.169916,60.12166,0.0,1014.06665
2002-10-29 00:00:00+00:00,21.642836,59.007053,0.0,1012.6001
2002-10-30 00:00:00+00:00,21.515753,58.09944,0.0,1012.7917
2002-10-31 00:00:00+00:00,21.780334,57.130344,0.0,1015.5916
2002-11-01 00:00:00+00:00,21.330332,62.24673,0.0,1017.62085
2002-11-02 00:00:00+00:00,21.01575,60.852253,0.0,1016.946
2002-11-03 00:00:00+00:00,21.763666,65.55059,0.0,1014.69995
2002-11-04 00:00:00+00:00,21.905333,68.259346,0.0,1015.0083
2002-11-05 00:00:00+00:00,20.865751,54.97829,0.3,1017.09174
2002-11-06 00:00:00+00:00,20.359503,49.181625,0.0,1018.825
2002-11-07 00:00:00+00:00,20.953249,53.513363,0.0,1015.3206
2002-11-08 00:00:00+00:00,22.124084,37.72735,0.0,1014.60406
2002-11-09 00:00:00+00:00,21.39908,36.3632,0.0,1014.13336
2002-11-10 00:00:00+00:00,18.738668,35.249798,0.0,1015.4751
2002-11-11 00:00:00+00:00,17.690752,43.132187,0.0,1014.74585
2002-11-12 00:00:00+00:00,19.092833,52.071667,0.0,1016.6333
2002-11-13 00:00:00+00:00,18.257416,60.093845,0.0,1018.1292
2002-11-14 00:00:00+00:00,18.809502,64.27787,0.0,1018.446
2002-11-15 00:00:00+00:00,19.27825,64.08911,0.0,1019.0959
2002-11-16 00:00:00+00:00,20.507418,65.06362,0.0,1018.89575
2002-11-17 00:00:00+00:00,20.765753,54.56352,0.0,1019.1875
2002-11-18 00:00:00+00:00,19.774086,44.24025,0.0,1017.97095
2002-11-19 00:00:00+00:00,19.247002,36.399117,0.0,1017.1624
2002-11-20 00:00:00+00:00,18.688665,47.477417,0.0,1017.52075
2002-11-21 00:00:00+00:00,19.436583,55.06279,0.0,1016.3333
2002-11-22 00:00:00+00:00,19.882418,58.263767,0.0,1015.90845
2002-11-23 00:00:00+00:00,18.79075,71.23575,0.0,1018.67914
2002-11-24 00:00:00+00:00,18.636583,66.73589,0.0,1019.3044
2002-11-25 00:00:00+00:00,17.888668,59.53293,0.0,1020.1084
2002-11-26 00:00:00+00:00,17.1345,61.052372,0.0,1018.9541
2002-11-27 00:00:00+00:00,17.522001,58.060093,0.0,1015.79596
2002-11-28 00:00:00+00:00,18.136581,49.26766,0.0,1012.8416
2002-11-29 00:00:00+00:00,17.213665,52.049366,0.0,1012.24585
2002-11-30 00:00:00+00:00,17.017832,78.45999,0.0,1014.26666
2002-12-01 00:00:00+00:00,17.805334,71.91725,0.0,1015.34576
2002-12-02 00:00:00+00:00,17.997,55.935276,0.0,1013.1292
2002-12-03 00:00:00+00:00,15.7095,47.293827,0.0,1017.8333
2002-12-04 00:00:00+00:00,15.4365835,48.68027,0.0,1017.18744
2002-12-05 00:00:00+00:00,15.676167,44.098877,0.0,1014.54175
2002-12-06 00:00:00+00:00,16.688667,45.549297,0.0,1015.8625
2002-12-07 00:00:00+00:00,16.576166,63.500736,0.0,1013.6958
2002-12-08 00:00:00+00:00,17.567835,41.908173,0.0,1010.04156
2002-12-09 00:00:00+00:00,15.490752,47.032745,0.0,1013.97906
2002-12-10 00:00:00+00:00,15.351167,64.161575,0.0,1019.78326
2002-12-11 00:00:00+00:00,15.001168,75.09835,0.0,1022.7126
2002-12-12 00:00:00+00:00,14.55325,66.115654,0.0,1025.2999
2002-12-13 00:00:00+00:00,15.076167,62.05956,0.0,1025.9166
2002-12-14 00:00:00+00:00,13.757415,64.50197,0.0,1022.4626
2002-12-15 00:00:00+00:00,14.736584,65.02457,0.0,1020.72076
2002-12-16 00:00:00+00:00,15.165751,69.995895,0.0,1020.4915
2002-12-17 00:00:00+00:00,15.409501,65.45599,0.0,1019.8042
2002-12-18 00:00:00+00:00,15.97825,66.23839,0.4,1020.13763
2002-12-19 00:00:00+00:00,15.719916,52.313034,0.0,1015.375
2002-12-20 00:00:00+00:00,14.049084,55.941685,0.6,1012.3333
2002-12-21 00:00:00+00:00,12.007416,47.737625,0.0,1018.76245
2002-12-22 00:00:00+00:00,12.007416,57.65349,0.0,1022.0334
2002-12-23 00:00:00+00:00,13.082417,59.537903,0.0,1020.5584
2002-12-24 00:00:00+00:00,13.669917,58.782913,0.0,1019.32086
2002-12-25 00:00:00+00:00,14.265748,64.68591,0.0,1020.0042
2002-12-26 00:00:00+00:00,14.555335,59.33049,0.0,1018.25
2002-12-27 00:00:00+00:00,14.532416,52.24365,0.0,1017.6418
2002-12-28 00:00:00+00:00,14.765751,68.02174,0.0,1021.6624
2002-12-29 00:00:00+00:00,15.071999,64.00939,0.0,1024.0499
2002-12-30 00:00:00+00:00,14.738667,54.14276,0.0,1018.9041
2002-12-31 00:00:00+00:00,15.590752,63.06152,0.0,1020.92914
2003-01-01 00:00:00+00:00,14.555333,60.248867,0.0,1020.45404
2003-01-02 00:00:00+00:00,14.786583,48.618088,0.0,1017.47925
2003-01-03 00:00:00+00:00,15.563666,61.280956,0.0,1019.59174
2003-01-04 00:00:00+00:00,15.684499,57.57108,0.0,1020.3083
2003-01-05 00:00:00+00:00,16.011583,44.295227,0.0,1019.2834
2003-01-06 00:00:00+00:00,17.067831,41.366737,0.0,1020.29584
2003-01-07 00:00:00+00:00,17.0345,41.761417,0.0,1019.02924
2003-01-08 00:00:00+00:00,16.492834,41.008457,0.0,1019.3501
2003-01-09 00:00:00+00:00,13.978252,73.62855,0.0,1021.07916
2003-01-10 00:00:00+00:00,15.217832,59.865833,0.0,1019.575
2003-01-11 00:00:00+00:00,17.21575,39.47618,0.0,1016.11273
2003-01-12 00:00:00+00:00,18.788664,41.432934,0.0,1016.5583
2003-01-13 00:00:00+00:00,15.144916,74.267784,0.0,1020.45416
2003-01-14 00:00:00+00:00,15.04075,71.30175,0.0,1022.1292
2003-01-15 00:00:00+00:00,13.442834,67.37001,0.0,1023.75415
2003-01-16 00:00:00+00:00,13.659501,61.74824,0.0,1024.425
2003-01-17 00:00:00+00:00,14.005334,64.13264,0.0,1024.5085
2003-01-18 00:00:00+00:00,14.501167,65.67495,0.0,1022.68774
2003-01-19 00:00:00+00:00,14.172001,67.59233,0.0,1017.73755
2003-01-20 00:00:00+00:00,14.086582,67.0769,0.0,1013.79596
2003-01-21 00:00:00+00:00,14.305333,62.4702,0.0,1015.08746
2003-01-22 00:00:00+00:00,14.828248,50.33136,0.0,1017.7498
2003-01-23 00:00:00+00:00,13.396999,52.588654,0.0,1019.7083
2003-01-24 00:00:00+00:00,13.919918,49.17061,0.0,1018.03754
2003-01-25 00:00:00+00:00,14.805333,61.829685,0.0,1016.0625
2003-01-26 00:00:00+00:00,16.392832,53.984608,0.0,1010.2292
2003-01-27 00:00:00+00:00,14.232417,35.284443,0.0,1010.42505
2003-01-28 00:00:00+00:00,13.9595,40.427082,0.0,1009.90424
2003-01-29 00:00:00+00:00,13.9678335,56.135025,0.0,1016.40424
2003-01-30 00:00:00+00:00,13.224084,55.087925,0.0,1022.57916
2003-01-31 00:00:00+00:00,13.869919,46.97749,0.0,1020.1042
2003-02-01 00:00:00+00:00,15.903251,37.671795,0.0,1016.48755
2003-02-02 00:00:00+00:00,14.938667,30.883207,0.0,1013.64575
2003-02-03 00:00:00+00:00,13.030334,39.641266,0.0,1016.0833
2003-02-04 00:00:00+00:00,13.007419,48.178177,0.0,1018.75824
2003-02-05 00:00:00+00:00,12.832417,44.98871,0.0,1021.571
2003-02-06 00:00:00+00:00,13.257419,34.927895,0.0,1018.27075
2003-02-07 00:00:00+00:00,15.9095,26.432379,0.0,1013.61664
2003-02-08 00:00:00+00:00,12.847,48.885696,0.0,1018.3
2003-02-09 00:00:00+00:00,12.157416,62.54584,0.0,1019.3709
2003-02-10 00:00:00+00:00,11.99075,64.16188,0.0,1018.32495
2003-02-11 00:00:00+00:00,13.382419,56.35143,0.0,1015.9502
2003-02-12 00:00:00+00:00,15.399085,43.003418,0.1,1009.18335
2003-02-13 00:00:00+00:00,13.467834,57.8586,0.0,1014.39166
2003-02-14 00:00:00+00:00,12.884499,59.502346,0.0,1016.7834
2003-02-15 00:00:00+00:00,12.8011675,66.19418,0.0,1018.50836
2003-02-16 00:00:00+00:00,14.1136675,53.193752,0.0,1019.8625
2003-02-17 00:00:00+00:00,18.507418,36.062466,0.0,1013.79156
2003-02-18 00:00:00+00:00,19.6595,35.903187,0.0,1009.45
2003-02-19 00:00:00+00:00,14.582417,46.422947,0.0,1009.6167
2003-02-20 00:00:00+00:00,13.140751,42.96377,0.0,1013.1416
2003-02-21 00:00:00+00:00,14.132417,46.894306,0.0,1017.1499
2003-02-22 00:00:00+00:00,13.049083,59.80887,0.0,1021.24585
2003-02-23 00:00:00+00:00,14.888668,51.13859,0.0,1015.1165
2003-02-24 00:00:00+00:00,10.278251,50.502872,0.0,1018.18335
2003-02-25 00:00:00+00:00,9.661583,56.474827,0.0,1021.04584
2003-02-26 00:00:00+00:00,10.3595,63.62416,0.0,1022.5085
2003-02-27 00:00:00+00:00,11.4678335,61.20242,0.0,1023.26666
2003-02-28 00:00:00+00:00,13.107414,52.941208,0.0,1024.1542
2003-03-01 00:00:00+00:00,16.369917,41.51245,0.0,1018.49585
2003-03-02 00:00:00+00:00,19.209501,28.171068,0.0,1010.76654
2003-03-03 00:00:00+00:00,15.319919,63.06833,0.1,1016.03754
2003-03-04 00:00:00+00:00,15.161583,54.187057,0.0,1017.44586
2003-03-05 00:00:00+00:00,16.601166,41.95935,0.0,1012.81665
2003-03-06 00:00:00+00:00,14.436584,58.33462,0.0,1015.3835
2003-03-07 00:00:00+00:00,14.340752,67.26615,0.0,1020.88745
2003-03-08 00:00:00+00:00,15.159503,61.053265,0.0,1018.39996
2003-03-09 00:00:00+00:00,15.561584,51.64989,0.0,1017.64166
2003-03-10 00:00:00+00:00,15.067834,59.342808,0.0,1018.22504
2003-03-11 00:00:00+00:00,13.95325,59.84294,0.0,1017.40826
2003-03-12 00:00:00+00:00,13.359498,60.826984,0.0,1017.64185
2003-03-13 00:00:00+00:00,14.874084,53.74536,0.0,1019.9292
2003-03-14 00:00:00+00:00,16.344917,49.0159,0.0,1018.96686
2003-03-15 00:00:00+00:00,17.336584,54.747944,0.0,1014.75415
2003-03-16 00:00:00+00:00,15.824084,63.506023,0.0,1014.85425
2003-03-17 00:00:00+00:00,18.694914,42.07765,0.0,1011.4583
2003-03-18 00:00:00+00:00,15.601166,40.190067,0.0,1011.63336
2003-03-19 00:00:00+00:00,14.303249,52.9281,0.0,1014.8125
2003-03-20 00:00:00+00:00,13.7490835,50.72514,0.0,1016.7043
2003-03-21 00:00:00+00:00,13.817834,51.3437,0.0,1016.17487
2003-03-22 00:00:00+00:00,13.924083,57.66757,0.0,1018.21246
2003-03-23 00:00:00+00:00,14.8345,50.15562,0.0,1017.179
2003-03-24 00:00:00+00:00,11.701165,63.51302,0.70000005,1009.0374
2003-03-25 00:00:00+00:00,10.442833,54.94463,0.5,1009.57086
2003-03-26 00:00:00+00:00,13.909499,58.67854,0.0,1015.60004
2003-03-27 00:00:00+00:00,15.07825,61.73493,0.0,1018.75
2003-03-28 00:00:00+00:00,15.578251,57.813396,0.0,1017.3125
2003-03-29 00:00:00+00:00,15.097001,57.36868,0.0,1016.00824
2003-03-30 00:00:00+00:00,16.044918,53.12235,0.0,1015.6333
2003-03-31 00:00:00+00:00,18.18658,48.180344,0.0,1016.05414
2003-04-01 00:00:00+00:00,20.46575,42.453827,0.0,1013.94147
2003-04-02 00:00:00+00:00,26.574083,21.52838,0.0,1007.7542
2003-04-03 00:00:00+00:00,23.978249,40.52897,0.0,1009.1084
2003-04-04 00:00:00+00:00,31.974083,12.791969,0.0,1004.54156
2003-04-05 00:00:00+00:00,29.392832,21.728256,0.0,1005.0501
2003-04-06 00:00:00+00:00,21.972,42.279907,0.0,1008.49585
2003-04-07 00:00:00+00:00,19.869919,54.364506,0.0,1009.21246
2003-04-08 00:00:00+00:00,19.911585,54.434338,0.0,1013.2959
2003-04-09 00:00:00+00:00,18.257418,58.15687,0.0,1018.5083
2003-04-10 00:00:00+00:00,17.257416,50.972385,0.0,1019.6167
2003-04-11 00:00:00+00:00,18.2345,53.515717,0.0,1017.571
2003-04-12 00:00:00+00:00,19.761581,50.93542,0.0,1015.3918
2003-04-13 00:00:00+00:00,19.380331,55.305084,0.0,1011.9624
2003-04-14 00:00:00+00:00,19.815748,58.348175,0.0,1009.9292
2003-04-15 00:00:00+00:00,17.874083,57.037632,0.0,1011.88745
2003-04-16 00:00:00+00:00,18.617834,55.74628,0.0,1015.2625
2003-04-17 00:00:00+00:00,22.880335,36.0148,0.0,1012.6875
2003-04-18 00:00:00+00:00,25.034498,29.390371,0.0,1005.5334
2003-04-19 00:00:00+00:00,20.451166,55.167988,0.0,1009.76263
2003-04-20 00:00:00+00:00,17.397005,56.12482,0.0,1014.15826
2003-04-21 00:00:00+00:00,16.597002,57.70888,0.0,1015.21246
2003-04-22 00:00:00+00:00,17.849081,52.170567,0.0,1015.2834
2003-04-23 00:00:00+00:00,25.224081,27.391907,0.0,1011.29584
2003-04-24 00:00:00+00:00,29.65325,14.875545,0.0,1005.5457
2003-04-25 00:00:00+00:00,22.447,40.219772,0.0,1009.42914
2003-04-26 00:00:00+00:00,17.811584,54.15111,0.0,1014.0417
2003-04-27 00:00:00+00:00,18.46575,48.928402,0.1,1015.4416
2003-04-28 00:00:00+00:00,18.455332,50.72282,0.0,1019.1582
2003-04-29 00:00:00+00:00,19.726168,46.082382,0.0,1020.5874
2003-04-30 00:00:00+00:00,19.365751,52.248775,0.0,1020.3166
2003-05-01 00:00:00+00:00,21.009497,53.659443,0.0,1016.9458
2003-05-02 00:00:00+00:00,22.588667,50.309433,0.0,1013.25824
2003-05-03 00:00:00+00:00,24.342833,48.34627,0.0,1012.44574
2003-05-04 00:00:00+00:00,25.257416,39.861156,0.0,1012.5791
2003-05-05 00:00:00+00:00,24.690748,43.996128,0.0,1011.80414
2003-05-06 00:00:00+00:00,23.982414,49.43869,0.0,1011.3001
2003-05-07 00:00:00+00:00,23.430338,54.954784,0.0,1010.6416
2003-05-08 00:00:00+00:00,24.64283,48.520123,0.0,1010.1626
2003-05-09 00:00:00+00:00,25.163664,37.184414,0.0,1010.30005
2003-05-10 00:00:00+00:00,24.588667,45.45564,0.0,1011.45825
2003-05-11 00:00:00+00:00,24.301168,53.80628,0.0,1011.7334
2003-05-12 00:00:00+00:00,25.451166,49.97206,0.0,1010.09174
2003-05-13 00:00:00+00:00,26.799082,42.2962,0.0,1009.24585
2003-05-14 00:00:00+00:00,27.186586,34.584763,0.0,1010.6248
2003-05-15 00:00:00+00:00,29.928251,19.8691,0.0,1008.3792
2003-05-16 00:00:00+00:00,28.032412,33.847134,0.0,1008.4666
2003-05-17 00:00:00+00:00,25.89908,51.69283,0.0,1011.49585
2003-05-18 00:00:00+00:00,26.853249,46.630497,0.0,1011.20825
2003-05-19 00:00:00+00:00,26.634504,42.49142,0.0,1011.3
2003-05-20 00:00:00+00:00,25.436584,51.97788,0.0,1011.74164
2003-05-21 00:00:00+00:00,26.476164,51.06604,0.0,1013.1792
2003-05-22 00:00:00+00:00,26.132416,49.230885,0.0,1012.9834
2003-05-23 00:00:00+00:00,28.242834,35.250164,0.0,1009.89575
2003-05-24 00:00:00+00:00,26.95533,41.48955,0.0,1011.06244
2003-05-25 00:00:00+00:00,26.80533,44.10555,0.0,1013.4668
2003-05-26 00:00:00+00:00,25.676168,44.865993,0.0,1014.35834
2003-05-27 00:00:00+00:00,25.244913,47.20724,0.0,1012.65424
2003-05-28 00:00:00+00:00,29.29283,33.351353,0.0,1007.67914
2003-05-29 00:00:00+00:00,34.538666,16.16332,0.0,1002.2583
2003-05-30 00:00:00+00:00,26.734499,42.164474,0.0,1008.5291
2003-05-31 00:00:00+00:00,25.282417,47.206882,0.0,1011.01245
2003-06-01 00:00:00+00:00,25.161583,50.451862,0.0,1012.69574
2003-06-02 00:00:00+00:00,25.936584,50.221375,0.0,1012.5625
2003-06-03 00:00:00+00:00,25.642836,47.751328,0.0,1013.3249
2003-06-04 00:00:00+00:00,25.319916,49.275303,0.0,1013.5374
2003-06-05 00:00:00+00:00,26.290749,50.82376,0.0,1012.2126
2003-06-06 00:00:00+00:00,27.201164,48.609726,0.0,1010.3208
2003-06-07 00:00:00+00:00,28.099085,42.01032,0.0,1009.14166
2003-06-08 00:00:00+00:00,27.1845,47.028534,0.0,1010.4792
2003-06-09 00:00:00+00:00,27.182413,40.466923,0.0,1011.42505
2003-06-10 00:00:00+00:00,26.967834,42.90547,0.0,1011.0666
2003-06-11 00:00:00+00:00,26.755331,53.166805,0.0,1010.32513
2003-06-12 00:00:00+00:00,27.26367,49.87044,0.0,1009.39996
2003-06-13 00:00:00+00:00,27.484503,53.05274,0.0,1008.81647
2003-06-14 00:00:00+00:00,28.201164,52.210773,0.0,1008.22925
2003-06-15 00:00:00+00:00,29.140753,45.026947,0.0,1007.3084
2003-06-16 00:00:00+00:00,31.126167,34.146603,0.0,1005.2624
2003-06-17 00:00:00+00:00,30.97825,34.098118,0.0,1006.6499
2003-06-18 00:00:00+00:00,28.392832,48.722042,0.0,1009.40826
2003-06-19 00:00:00+00:00,28.251165,53.62598,0.0,1008.93756
2003-06-20 00:00:00+00:00,27.880333,51.54254,0.0,1008.1458
2003-06-21 00:00:00+00:00,28.765749,47.990025,0.0,1008.1126
2003-06-22 00:00:00+00:00,28.972002,47.431,0.0,1009.45825
2003-06-23 00:00:00+00:00,28.151167,52.995144,0.0,1011.4001
2003-06-24 00:00:00+00:00,28.655329,49.722706,0.0,1010.37085
2003-06-25 00:00:00+00:00,28.682417,46.70096,0.0,1008.0
2003-06-26 00:00:00+00:00,28.411583,48.233257,0.0,1006.5667
2003-06-27 00:00:00+00:00,28.732416,53.058163,0.0,1007.3667
2003-06-28 00:00:00+00:00,28.494917,53.484497,0.0,1008.37915
2003-06-29 00:00:00+00:00,28.765749,56.5267,0.0,1008.1458
2003-06-30 00:00:00+00:00,29.128244,51.14052,0.0,1005.98755
2003-07-01 00:00:00+00:00,28.821999,56.32962,0.0,1002.94165
2003-07-02 00:00:00+00:00,29.503244,53.403824,0.0,1006.1208
2003-07-03 00:00:00+00:00,30.494917,49.335217,0.0,1009.1541
2003-07-04 00:00:00+00:00,30.467833,45.25368,0.0,1007.97504
2003-07-05 00:00:00+00:00,29.205336,50.8479,0.0,1006.0667
2003-07-06 00:00:00+00:00,31.099083,52.870148,0.0,1006.5457
2003-07-07 00:00:00+00:00,28.542831,52.727787,0.0,1007.3833
2003-07-08 00:00:00+00:00,27.3095,48.35438,0.0,1006.5625
2003-07-09 00:00:00+00:00,27.084501,46.329037,0.0,1008.43335
2003-07-10 00:00:00+00:00,26.471998,48.563477,0.0,1010.53345
2003-07-11 00:00:00+00:00,26.199087,51.58939,0.0,1009.3958
2003-07-12 00:00:00+00:00,26.805336,54.39613,0.0,1009.0251
2003-07-13 00:00:00+00:00,27.1345,53.092785,0.0,1009.71674
2003-07-14 00:00:00+00:00,26.69075,53.07271,0.0,1009.1875
2003-07-15 00:00:00+00:00,26.653252,52.77244,0.0,1009.33746
2003-07-16 00:00:00+00:00,27.282417,55.790585,0.0,1009.1333
2003-07-17 00:00:00+00:00,27.451164,55.966022,0.0,1008.4749
2003-07-18 00:00:00+00:00,28.765749,54.14259,0.0,1006.3791
2003-07-19 00:00:00+00:00,30.032415,50.103886,0.0,1005.3418
2003-07-20 00:00:00+00:00,30.486582,49.28682,0.0,1006.46246
2003-07-21 00:00:00+00:00,28.594917,57.845135,0.0,1009.89996
2003-07-22 00:00:00+00:00,27.932417,57.872684,0.0,1009.5918
2003-07-23 00:00:00+00:00,28.313665,59.042973,0.0,1008.3416
2003-07-24 00:00:00+00:00,28.234497,57.069782,0.0,1008.17084
2003-07-25 00:00:00+00:00,28.501167,56.453518,0.0,1007.09576
2003-07-26 00:00:00+00:00,28.821999,54.75117,0.0,1005.64166
2003-07-27 00:00:00+00:00,28.415747,58.553513,0.0,1005.97906
2003-07-28 00:00:00+00:00,28.217834,58.305523,0.0,1007.5583
2003-07-29 00:00:00+00:00,28.415747,56.915203,0.0,1007.9709
2003-07-30 00:00:00+00:00,28.203247,54.19902,0.0,1006.9709
2003-07-31 00:00:00+00:00,27.926168,52.608505,0.0,1006.48334
2003-08-01 00:00:00+00:00,28.453249,49.743774,0.0,1008.03326
2003-08-02 00:00:00+00:00,29.090754,49.5795,0.0,1010.26666
2003-08-03 00:00:00+00:00,29.219915,46.648457,0.0,1010.59576
2003-08-04 00:00:00+00:00,28.84075,50.154922,0.0,1010.1875
2003-08-05 00:00:00+00:00,28.622,56.763233,0.0,1009.25415
2003-08-06 00:00:00+00:00,28.213667,60.725018,0.0,1007.6917
2003-08-07 00:00:00+00:00,28.21575,60.792988,0.0,1006.75
2003-08-08 00:00:00+00:00,28.790754,60.242146,0.0,1007.4626
2003-08-09 00:00:00+00:00,28.865747,60.57361,0.0,1007.4292
2003-08-10 00:00:00+00:00,28.013666,59.19109,0.0,1008.39996
2003-08-11 00:00:00+00:00,27.021997,59.52971,0.0,1010.84174
2003-08-12 00:00:00+00:00,27.10325,59.245865,0.0,1012.1125
2003-08-13 00:00:00+00:00,27.761583,59.120556,0.0,1010.8
2003-08-14 00:00:00+00:00,27.338667,59.934093,0.0,1008.9834
2003-08-15 00:00:00+00:00,27.2595,56.78406,0.0,1008.54156
2003-08-16 00:00:00+00:00,27.359499,57.020977,0.0,1009.38336
2003-08-17 00:00:00+00:00,28.184496,53.546177,0.0,1010.7583
2003-08-18 00:00:00+00:00,28.499084,56.725475,0.0,1009.47516
2003-08-19 00:00:00+00:00,29.265749,59.72791,0.0,1006.64996
2003-08-20 00:00:00+00:00,29.436584,60.8903,0.0,1006.0959
2003-08-21 00:00:00+00:00,28.584497,58.86853,0.0,1006.4209
2003-08-22 00:00:00+00:00,28.267836,59.787933,0.0,1006.78345
2003-08-23 00:00:00+00:00,28.942833,58.190098,0.0,1007.78326
2003-08-24 00:00:00+00:00,28.561583,56.89586,0.0,1007.39996
2003-08-25 00:00:00+00:00,28.709501,58.33724,0.0,1007.34174
2003-08-26 00:00:00+00:00,28.590752,53.093567,0.0,1009.3625
2003-08-27 00:00:00+00:00,28.1595,51.30798,0.0,1009.50006
2003-08-28 00:00:00+00:00,29.428251,50.182697,0.0,1008.75836
2003-08-29 00:00:00+00:00,29.063667,59.148746,0.0,1010.1584
2003-08-30 00:00:00+00:00,28.676168,60.0287,0.0,1010.2292
2003-08-31 00:00:00+00:00,28.549086,57.611664,0.0,1008.09985
2003-09-01 00:00:00+00:00,28.936579,55.867767,0.0,1007.0999
2003-09-02 00:00:00+00:00,30.565748,51.756565,0.0,1008.08344
2003-09-03 00:00:00+00:00,29.415749,58.115997,0.0,1010.68744
2003-09-04 00:00:00+00:00,28.50325,56.65749,0.0,1011.26245
2003-09-05 00:00:00+00:00,26.282417,56.716686,0.0,1012.39575
2003-09-06 00:00:00+00:00,25.565748,49.601498,0.0,1013.5583
2003-09-07 00:00:00+00:00,25.392832,51.51614,0.0,1013.12085
2003-09-08 00:00:00+00:00,25.890747,51.23988,0.0,1012.11664
2003-09-09 00:00:00+00:00,25.632416,53.191723,0.0,1012.9751
2003-09-10 00:00:00+00:00,27.986582,49.733093,0.0,1012.80414
2003-09-11 00:00:00+00:00,30.488663,38.39259,0.0,1011.6082
2003-09-12 00:00:00+00:00,28.734499,56.907284,0.0,1011.8958
2003-09-13 00:00:00+00:00,26.778246,55.802425,0.0,1012.2666
2003-09-14 00:00:00+00:00,26.476166,53.61656,0.0,1013.32074
2003-09-15 00:00:00+00:00,26.094915,58.673985,0.0,1014.76666
2003-09-16 00:00:00+00:00,26.599083,55.468067,0.0,1014.2793
2003-09-17 00:00:00+00:00,29.851168,43.664623,0.0,1013.2874
2003-09-18 00:00:00+00:00,27.74283,54.381428,0.0,1013.8376
2003-09-19 00:00:00+00:00,25.296999,56.69995,0.0,1015.31244
2003-09-20 00:00:00+00:00,25.119917,56.620937,0.0,1014.95825
2003-09-21 00:00:00+00:00,24.976166,57.689655,0.0,1013.5542
2003-09-22 00:00:00+00:00,25.240747,51.232533,0.0,1012.8791
2003-09-23 00:00:00+00:00,25.207418,58.916164,0.0,1013.0666
2003-09-24 00:00:00+00:00,25.699081,57.552837,0.0,1013.60004
2003-09-25 00:00:00+00:00,24.719915,54.223587,0.0,1013.53754
2003-09-26 00:00:00+00:00,24.338667,57.976948,0.0,1013.62085
2003-09-27 00:00:00+00:00,24.380333,60.800716,0.0,1014.81665
2003-09-28 00:00:00+00:00,24.201166,59.9482,0.0,1015.3916
2003-09-29 00:00:00+00:00,24.001162,55.791046,0.0,1014.4417
2003-09-30 00:00:00+00:00,25.884499,49.820194,0.0,1013.09576
2003-10-01 00:00:00+00:00,25.244919,57.60681,0.0,1011.13745
2003-10-02 00:00:00+00:00,24.132414,60.156704,0.0,1011.58746
2003-10-03 00:00:00+00:00,24.171999,60.292057,0.0,1012.95
2003-10-04 00:00:00+00:00,24.463663,63.071796,0.0,1014.6167
2003-10-05 00:00:00+00:00,24.780333,65.59037,0.0,1015.125
2003-10-06 00:00:00+00:00,25.786585,65.01973,0.0,1013.94586
2003-10-07 00:00:00+00:00,25.622,57.639057,0.0,1014.40424
2003-10-08 00:00:00+00:00,25.453249,61.08556,0.0,1012.81683
2003-10-09 00:00:00+00:00,25.817833,60.52698,0.0,1011.6668
2003-10-10 00:00:00+00:00,25.06575,65.56379,0.0,1013.93756
2003-10-11 00:00:00+00:00,22.369917,53.710052,0.0,1015.84174
2003-10-12 00:00:00+00:00,21.142834,52.391754,0.0,1014.35815
2003-10-13 00:00:00+00:00,22.174086,55.864487,0.0,1013.2249
2003-10-14 00:00:00+00:00,22.415749,59.021133,0.0,1014.6668
2003-10-15 00:00:00+00:00,22.455336,59.77696,0.0,1015.69147
2003-10-16 00:00:00+00:00,21.686579,59.157467,0.0,1015.721
2003-10-17 00:00:00+00:00,21.778252,56.821316,0.0,1015.78326
2003-10-18 00:00:00+00:00,23.5345,56.725796,0.0,1016.87915
2003-10-19 00:00:00+00:00,23.40325,61.908207,0.0,1017.09595
2003-10-20 00:00:00+00:00,23.863668,64.21616,0.0,1016.3584
2003-10-21 00:00:00+00:00,24.974083,64.750145,0.0,1016.04175
2003-10-22 00:00:00+00:00,26.096998,55.47487,0.0,1016.80817
2003-10-23 00:00:00+00:00,26.355337,54.063538,0.0,1016.0833
2003-10-24 00:00:00+00:00,26.269918,51.26941,0.0,1015.8625
2003-10-25 00:00:00+00:00,25.863665,50.76723,0.0,1015.7
2003-10-26 00:00:00+00:00,26.013664,50.75411,0.0,1014.7751
2003-10-27 00:00:00+00:00,22.844917,66.79502,0.0,1016.2751
2003-10-28 00:00:00+00:00,23.459501,63.893173,0.0,1014.71674
2003-10-29 00:00:00+00:00,21.126165,57.285282,0.0,1016.4958
2003-10-30 00:00:00+00:00,19.613668,53.37739,0.0,1017.81256
2003-10-31 00:00:00+00:00,23.37825,39.324986,0.0,1015.85004
2003-11-01 00:00:00+00:00,26.874084,31.913717,0.0,1014.61664
2003-11-02 00:00:00+00:00,24.824083,52.06699,0.0,1014.8499
2003-11-03 00:00:00+00:00,23.636583,68.829506,0.0,1013.8792
2003-11-04 00:00:00+00:00,23.451166,68.3213,0.0,1012.86237
2003-11-05 00:00:00+00:00,22.37825,69.18787,0.0,1013.77924
2003-11-06 00:00:00+00:00,22.413671,61.132385,0.0,1015.0083
2003-11-07 00:00:00+00:00,22.569918,53.11932,0.0,1017.39594
2003-11-08 00:00:00+00:00,20.584501,66.92231,0.0,1015.45825
2003-11-09 00:00:00+00:00,19.651167,65.06923,0.0,1009.9917
2003-11-10 00:00:00+00:00,18.484499,67.065056,0.1,1010.09576
2003-11-11 00:00:00+00:00,17.85325,57.070377,0.0,1018.88324
2003-11-12 00:00:00+00:00,17.486584,52.507854,0.0,1022.94165
2003-11-13 00:00:00+00:00,17.553251,59.92815,0.0,1022.52075
2003-11-14 00:00:00+00:00,18.117834,65.468925,0.0,1021.625
2003-11-15 00:00:00+00:00,18.244917,62.581726,0.0,1021.47504
2003-11-16 00:00:00+00:00,18.457418,63.81903,0.0,1022.78345
2003-11-17 00:00:00+00:00,18.447,68.53356,0.0,1023.1167
2003-11-18 00:00:00+00:00,18.40325,66.63935,0.0,1022.1543
2003-11-19 00:00:00+00:00,17.894918,68.62325,0.0,1019.0833
2003-11-20 00:00:00+00:00,18.351168,65.67498,0.0,1018.6458
2003-11-21 00:00:00+00:00,18.334501,68.34787,0.0,1018.93756
2003-11-22 00:00:00+00:00,19.25325,68.1397,0.0,1017.65826
2003-11-23 00:00:00+00:00,18.528252,77.70704,0.0,1016.01666
2003-11-24 00:00:00+00:00,19.311586,71.95326,0.0,1015.6333
2003-11-25 00:00:00+00:00,18.199083,73.968506,0.0,1018.7502
2003-11-26 00:00:00+00:00,17.759502,68.50683,0.0,1020.2583
2003-11-27 00:00:00+00:00,17.838667,65.70621,0.0,1016.2417
2003-11-28 00:00:00+00:00,16.830336,68.159935,0.0,1015.35004
2003-11-29 00:00:00+00:00,17.013666,67.117645,0.0,1017.2
2003-11-30 00:00:00+00:00,16.8845,68.1348,0.0,1016.7083
2003-12-01 00:00:00+00:00,17.078249,65.24465,0.0,1016.77924
2003-12-02 00:00:00+00:00,16.13867,61.78812,0.0,1017.69586
2003-12-03 00:00:00+00:00,16.309502,69.14182,0.0,1017.41675
2003-12-04 00:00:00+00:00,14.94075,72.4599,0.9,1015.3875
2003-12-05 00:00:00+00:00,16.267836,67.00972,0.3,1015.3125
2003-12-06 00:00:00+00:00,15.555333,66.60517,0.0,1018.7832
2003-12-07 00:00:00+00:00,15.4095,55.36479,0.0,1020.01245
2003-12-08 00:00:00+00:00,15.830334,45.38058,0.0,1018.4167
2003-12-09 00:00:00+00:00,16.236584,43.123676,0.0,1017.95416
2003-12-10 00:00:00+00:00,15.615748,66.21821,0.0,1020.98737
2003-12-11 00:00:00+00:00,16.93867,74.85679,0.0,1021.2917
2003-12-12 00:00:00+00:00,17.538668,67.81913,0.0,1017.36255
2003-12-13 00:00:00+00:00,18.388666,53.73888,0.0,1013.1958
2003-12-14 00:00:00+00:00,18.167833,46.553177,0.0,1011.52924
2003-12-15 00:00:00+00:00,16.61783,49.52355,0.0,1012.45
2003-12-16 00:00:00+00:00,16.567835,52.65213,0.0,1014.1875
2003-12-17 00:00:00+00:00,16.088667,44.045208,0.0,1015.2751
2003-12-18 00:00:00+00:00,11.807416,49.10263,0.0,1020.69586
2003-12-19 00:00:00+00:00,11.955334,59.004456,0.0,1023.67505
2003-12-20 00:00:00+00:00,12.45325,57.7225,0.0,1024.4625
2003-12-21 00:00:00+00:00,12.588668,57.902424,0.0,1021.53326
2003-12-22 00:00:00+00:00,12.184502,64.11019,0.0,1017.9084
2003-12-23 00:00:00+00:00,12.403249,51.893803,0.0,1019.6541
2003-12-24 00:00:00+00:00,12.778252,46.905704,0.0,1018.3542
2003-12-25 00:00:00+00:00,12.917834,40.53721,0.0,1017.021
2003-12-26 00:00:00+00:00,10.511584,35.718327,0.0,1018.55835
2003-12-27 00:00:00+00:00,11.690749,55.121048,0.0,1018.5042
2003-12-28 00:00:00+00:00,13.586583,68.38195,0.0,1021.39996
2003-12-29 00:00:00+00:00,13.515751,61.549664,0.0,1023.4417
2003-12-30 00:00:00+00:00,13.330333,59.283337,0.0,1020.1875
2003-12-31 00:00:00+00:00,12.640751,59.81361,0.0,1019.37085
2004-01-01 00:00:00+00:00,12.590751,47.17123,0.0,1016.5833
2004-01-02 00:00:00+00:00,13.542832,37.517162,0.0,1011.58746
2004-01-03 00:00:00+00:00,12.105334,42.386185,0.0,1014.6541
2004-01-04 00:00:00+00:00,14.35325,30.812536,0.0,1014.2292
2004-01-05 00:00:00+00:00,13.8115835,37.903202,0.0,1016.0581
2004-01-06 00:00:00+00:00,12.517833,50.79597,0.0,1015.82495
2004-01-07 00:00:00+00:00,11.967834,58.335896,0.0,1016.00415
2004-01-08 00:00:00+00:00,11.074084,69.32631,0.2,1018.9334
2004-01-09 00:00:00+00:00,12.149083,62.46377,0.0,1018.72504
2004-01-10 00:00:00+00:00,12.7345,56.431255,0.1,1016.1291
2004-01-11 00:00:00+00:00,14.474084,39.805515,0.0,1013.1377
2004-01-12 00:00:00+00:00,12.755332,64.629166,3.8,1011.8833
2004-01-13 00:00:00+00:00,13.659501,69.252716,0.1,1016.09576
2004-01-14 00:00:00+00:00,14.5845,69.42391,2.3,1013.79596
2004-01-15 00:00:00+00:00,15.049085,56.09023,0.0,1013.9167
2004-01-16 00:00:00+00:00,14.801169,48.625874,0.0,1015.46246
2004-01-17 00:00:00+00:00,14.113669,67.67338,0.0,1018.40826
2004-01-18 00:00:00+00:00,12.582416,62.24387,0.0,1019.82495
2004-01-19 00:00:00+00:00,12.717832,71.138115,0.0,1019.8625
2004-01-20 00:00:00+00:00,13.269917,71.66909,0.0,1018.0957
2004-01-21 00:00:00+00:00,15.517834,54.707035,0.0,1011.8501
2004-01-22 00:00:00+00:00,15.367831,42.113457,2.7,1004.78754
2004-01-23 00:00:00+00:00,12.201168,42.63947,0.0,1009.57916
2004-01-24 00:00:00+00:00,11.026166,44.426205,0.0,1013.1792
2004-01-25 00:00:00+00:00,12.472,45.43634,0.3,1011.49164
2004-01-26 00:00:00+00:00,11.692833,42.852985,0.0,1017.23334
2004-01-27 00:00:00+00:00,13.719917,54.9796,0.0,1018.3042
2004-01-28 00:00:00+00:00,13.136581,59.197674,0.0,1017.9875
2004-01-29 00:00:00+00:00,15.059501,48.90561,0.0,1014.59985
2004-01-30 00:00:00+00:00,15.632417,51.064865,0.0,1017.2749
2004-01-31 00:00:00+00:00,13.376168,54.10197,0.0,1020.2292
2004-02-01 00:00:00+00:00,13.786583,62.12067,0.0,1020.14575
2004-02-02 00:00:00+00:00,12.944919,61.766094,0.0,1021.9334
2004-02-03 00:00:00+00:00,12.015752,64.16619,0.0,1020.84174
2004-02-04 00:00:00+00:00,11.922001,67.368004,2.2,1014.98334
2004-02-05 00:00:00+00:00,13.06575,73.41004,1.3000001,1016.94574
2004-02-06 00:00:00+00:00,13.386584,68.23967,0.0,1025.7335
2004-02-07 00:00:00+00:00,14.226166,73.27787,0.0,1027.4208
2004-02-08 00:00:00+00:00,14.632415,74.35354,0.0,1025.2501
2004-02-09 00:00:00+00:00,14.903249,76.34115,0.0,1020.3252
2004-02-10 00:00:00+00:00,14.384501,77.92439,0.0,1017.2541
2004-02-11 00:00:00+00:00,14.382419,68.96395,0.1,1019.4416
2004-02-12 00:00:00+00:00,15.297001,52.251873,0.0,1016.6792
2004-02-13 00:00:00+00:00,14.830334,45.58365,0.0,1013.8083
2004-02-14 00:00:00+00:00,9.001166,41.1358,0.0,1019.4915
2004-02-15 00:00:00+00:00,11.163666,49.565533,0.0,1023.40405
2004-02-16 00:00:00+00:00,12.634499,46.460163,0.0,1022.0916
2004-02-17 00:00:00+00:00,13.205334,44.175446,0.0,1017.8208
2004-02-18 00:00:00+00:00,13.4053335,50.004215,0.0,1015.03326
2004-02-19 00:00:00+00:00,12.211585,65.49619,0.0,1021.02496
2004-02-20 00:00:00+00:00,12.888667,61.22157,0.0,1024.7458
2004-02-21 00:00:00+00:00,13.872002,61.706905,0.0,1022.50836
2004-02-22 00:00:00+00:00,12.636584,56.83974,0.0,1022.8333
2004-02-23 00:00:00+00:00,13.786584,38.60994,0.0,1021.48755
2004-02-24 00:00:00+00:00,19.357416,33.69903,0.0,1018.37506
2004-02-25 00:00:00+00:00,17.6095,51.229122,0.0,1020.9207
2004-02-26 00:00:00+00:00,19.642832,42.61508,0.0,1019.42084
2004-02-27 00:00:00+00:00,22.186583,29.624495,0.0,1016.6916
2004-02-28 00:00:00+00:00,23.549086,25.388906,0.0,1014.7041
2004-02-29 00:00:00+00:00,23.77825,26.844217,0.0,1013.79156
2004-03-01 00:00:00+00:00,20.542835,56.60004,0.0,1015.63745
2004-03-02 00:00:00+00:00,21.155333,54.394104,0.0,1013.6707
2004-03-03 00:00:00+00:00,24.984503,36.60752,0.0,1009.32904
2004-03-04 00:00:00+00:00,29.097,19.582869,0.0,1005.2542
2004-03-05 00:00:00+00:00,19.292833,46.37315,1.5000001,1011.78754
2004-03-06 00:00:00+00:00,15.057418,61.716175,0.8,1020.6624
2004-03-07 00:00:00+00:00,13.155334,54.48995,0.0,1025.8998
2004-03-08 00:00:00+00:00,13.101166,52.44974,0.0,1025.1709
2004-03-09 00:00:00+00:00,13.644917,55.278835,0.0,1025.2084
2004-03-10 00:00:00+00:00,16.449083,48.191967,0.0,1022.64154
2004-03-11 00:00:00+00:00,16.711584,54.42808,0.0,1019.88336
2004-03-12 00:00:00+00:00,15.744916,55.411907,0.0,1018.82916
2004-03-13 00:00:00+00:00,15.980335,58.948986,0.0,1019.06665
2004-03-14 00:00:00+00:00,15.980334,54.20644,0.0,1022.6416
2004-03-15 00:00:00+00:00,15.419917,45.06769,0.0,1024.7167
2004-03-16 00:00:00+00:00,14.376167,50.53834,0.0,1024.2208
2004-03-17 00:00:00+00:00,14.805333,55.459732,0.0,1019.6375
2004-03-18 00:00:00+00:00,15.463666,55.565403,0.0,1019.6416
2004-03-19 00:00:00+00:00,15.813667,52.85487,0.0,1021.9167
2004-03-20 00:00:00+00:00,15.79075,50.628002,0.0,1023.1291
2004-03-21 00:00:00+00:00,15.934501,55.62718,0.0,1023.2041
2004-03-22 00:00:00+00:00,17.701168,58.822598,0.0,1019.74994
2004-03-23 00:00:00+00:00,18.940752,58.569088,0.0,1014.75836
2004-03-24 00:00:00+00:00,18.317833,54.15486,0.0,1017.8542
2004-03-25 00:00:00+00:00,18.038668,54.493958,0.0,1018.7834
2004-03-26 00:00:00+00:00,16.817833,64.27305,0.0,1016.46674
2004-03-27 00:00:00+00:00,17.992832,66.09666,0.0,1013.78754
2004-03-28 00:00:00+00:00,19.907417,61.554546,0.0,1013.90814
2004-03-29 00:00:00+00:00,22.567833,50.942734,0.0,1013.3499
2004-03-30 00:00:00+00:00,22.532417,50.79863,0.0,1013.83344
2004-03-31 00:00:00+00:00,22.349085,50.084408,0.0,1014.1541
2004-04-01 00:00:00+00:00,25.832418,38.64246,0.0,1010.11676
2004-04-02 00:00:00+00:00,21.571999,51.89906,0.0,1011.65826
2004-04-03 00:00:00+00:00,17.39075,66.27675,0.0,1013.5584
2004-04-04 00:00:00+00:00,17.674084,52.99931,0.0,1016.9375
2004-04-05 00:00:00+00:00,16.836584,51.44238,0.0,1017.63324
2004-04-06 00:00:00+00:00,16.378252,53.024136,0.0,1017.8584
2004-04-07 00:00:00+00:00,16.480333,55.543552,0.0,1019.99164
2004-04-08 00:00:00+00:00,16.45325,55.989918,0.0,1019.23755
2004-04-09 00:00:00+00:00,17.169916,60.43762,0.0,1016.5583
2004-04-10 00:00:00+00:00,19.317833,61.13914,0.0,1015.0208
2004-04-11 00:00:00+00:00,21.180334,48.250153,0.0,1016.88336
2004-04-12 00:00:00+00:00,22.067833,42.75668,0.0,1016.7209
2004-04-13 00:00:00+00:00,23.232416,34.462917,0.0,1014.59595
2004-04-14 00:00:00+00:00,24.324081,33.52749,0.0,1013.72906
2004-04-15 00:00:00+00:00,20.082418,57.8181,0.0,1016.7334
2004-04-16 00:00:00+00:00,17.882414,56.584644,0.0,1018.1125
2004-04-17 00:00:00+00:00,18.742834,52.010807,0.0,1016.22925
2004-04-18 00:00:00+00:00,24.099081,30.452353,0.0,1007.68335
2004-04-19 00:00:00+00:00,21.678253,44.211334,0.4,1006.24994
2004-04-20 00:00:00+00:00,23.457418,39.417583,0.0,1008.2917
2004-04-21 00:00:00+00:00,21.438667,53.862137,0.0,1008.9292
2004-04-22 00:00:00+00:00,19.284502,51.110294,0.0,1008.42487
2004-04-23 00:00:00+00:00,18.29075,54.56162,0.0,1010.4583
2004-04-24 00:00:00+00:00,19.319918,53.120396,0.0,1013.5332
2004-04-25 00:00:00+00:00,21.176167,45.27571,0.0,1011.75415
2004-04-26 00:00:00+00:00,24.963667,28.787687,0.0,1006.56244
2004-04-27 00:00:00+00:00,24.2595,28.22425,0.0,1010.79584
2004-04-28 00:00:00+00:00,25.011583,34.475307,0.0,1010.4041
2004-04-29 00:00:00+00:00,21.03242,55.840393,0.0,1011.0791
2004-04-30 00:00:00+00:00,20.613667,53.544384,0.0,1011.30414
2004-05-01 00:00:00+00:00,24.197,36.52737,0.0,1006.6875
2004-05-02 00:00:00+00:00,22.888664,46.41998,0.0,1007.78326
2004-05-03 00:00:00+00:00,21.06992,58.915096,0.0,1013.0625
2004-05-04 00:00:00+00:00,22.092833,51.730694,0.0,1015.34595
2004-05-05 00:00:00+00:00,25.646997,29.667395,0.0,1012.79584
2004-05-06 00:00:00+00:00,29.663668,21.179125,0.0,1009.679
2004-05-07 00:00:00+00:00,26.140747,37.35287,0.0,1013.1377
2004-05-08 00:00:00+00:00,26.276169,36.866413,0.0,1011.69995
2004-05-09 00:00:00+00:00,30.513666,25.118721,0.0,1004.2332
2004-05-10 00:00:00+00:00,28.701164,28.765875,0.0,1005.80005
2004-05-11 00:00:00+00:00,22.607416,51.131214,0.0,1012.71655
2004-05-12 00:00:00+00:00,21.971998,50.22731,0.0,1013.6042
2004-05-13 00:00:00+00:00,24.865747,35.694416,0.0,1010.6501
2004-05-14 00:00:00+00:00,27.432419,29.561762,0.0,1008.3125
2004-05-15 00:00:00+00:00,22.084497,54.684826,0.0,1012.62085
2004-05-16 00:00:00+00:00,21.803251,53.64853,0.0,1012.47906
2004-05-17 00:00:00+00:00,23.424082,40.875233,0.0,1013.52924
2004-05-18 00:00:00+00:00,25.786581,40.050213,0.1,1014.9417
2004-05-19 00:00:00+00:00,25.324083,47.68755,0.1,1013.67084
2004-05-20 00:00:00+00:00,22.201164,53.05624,0.0,1015.2918
2004-05-21 00:00:00+00:00,21.374084,53.79694,0.0,1016.82495
2004-05-22 00:00:00+00:00,21.799086,50.313114,0.0,1016.7334
2004-05-23 00:00:00+00:00,22.274086,48.304913,0.0,1015.05
2004-05-24 00:00:00+00:00,22.740753,46.325916,0.0,1012.80414
2004-05-25 00:00:00+00:00,24.111586,42.552937,0.0,1010.8042
2004-05-26 00:00:00+00:00,24.207413,44.027393,0.0,1008.66675
2004-05-27 00:00:00+00:00,25.580336,46.790726,0.0,1010.0667
2004-05-28 00:00:00+00:00,24.249083,48.676876,0.0,1013.09174
2004-05-29 00:00:00+00:00,26.653252,38.244343,0.0,1010.82074
2004-05-30 00:00:00+00:00,27.865746,34.89094,0.0,1009.24994
2004-05-31 00:00:00+00:00,23.980331,54.844616,0.0,1014.9793
2004-06-01 00:00:00+00:00,22.861582,53.915195,0.0,1017.4875
2004-06-02 00:00:00+00:00,23.001165,54.304844,0.0,1017.4417
2004-06-03 00:00:00+00:00,23.347,53.271698,0.0,1015.91675
2004-06-04 00:00:00+00:00,24.053251,56.19443,0.0,1014.55414
2004-06-05 00:00:00+00:00,24.813665,52.31099,0.0,1012.7126
2004-06-06 00:00:00+00:00,27.226168,42.90361,0.0,1011.9749
2004-06-07 00:00:00+00:00,29.753252,37.261444,0.0,1012.9292
2004-06-08 00:00:00+00:00,25.763664,53.560364,0.0,1012.7959
2004-06-09 00:00:00+00:00,23.882416,58.41226,0.0,1012.4668
2004-06-10 00:00:00+00:00,24.84075,55.16315,0.0,1012.0251
2004-06-11 00:00:00+00:00,25.590752,50.79323,0.0,1013.6126
2004-06-12 00:00:00+00:00,26.169914,50.562428,0.0,1015.43335
2004-06-13 00:00:00+00:00,26.982414,47.660748,0.0,1014.43744
2004-06-14 00:00:00+00:00,26.517836,46.77232,0.0,1012.1416
2004-06-15 00:00:00+00:00,27.463667,44.5271,0.0,1008.57916
2004-06-16 00:00:00+00:00,26.857416,54.27617,0.0,1007.67065
2004-06-17 00:00:00+00:00,27.324081,51.070984,0.0,1009.50836
2004-06-18 00:00:00+00:00,29.522001,44.731827,0.0,1008.2417
2004-06-19 00:00:00+00:00,30.984499,43.236332,0.0,1006.51685
2004-06-20 00:00:00+00:00,26.60325,56.778748,0.0,1009.21246
2004-06-21 00:00:00+00:00,26.528252,54.35164,0.0,1012.63336
2004-06-22 00:00:00+00:00,26.472,55.49584,0.0,1012.51245
2004-06-23 00:00:00+00:00,26.861582,52.605747,0.0,1010.1208
2004-06-24 00:00:00+00:00,26.615747,53.458477,0.0,1008.2417
2004-06-25 00:00:00+00:00,26.407417,55.381565,0.0,1010.84985
2004-06-26 00:00:00+00:00,27.003252,55.441223,0.0,1012.2375
2004-06-27 00:00:00+00:00,27.884499,51.194168,0.0,1012.33325
2004-06-28 00:00:00+00:00,27.342834,54.302937,0.0,1011.40826
2004-06-29 00:00:00+00:00,27.538668,53.46105,0.0,1010.0583
2004-06-30 00:00:00+00:00,28.697,50.585907,0.0,1009.56665
2004-07-01 00:00:00+00:00,28.167831,47.063442,0.0,1009.5374
2004-07-02 00:00:00+00:00,27.828249,51.98344,0.0,1009.27075
2004-07-03 00:00:00+00:00,27.099083,55.397446,0.0,1008.3042
2004-07-04 00:00:00+00:00,27.705332,53.566723,0.0,1008.3377
2004-07-05 00:00:00+00:00,28.924082,55.16089,0.0,1006.94586
2004-07-06 00:00:00+00:00,29.409502,53.964214,0.0,1006.3083
2004-07-07 00:00:00+00:00,29.424088,54.336594,0.0,1006.5293
2004-07-08 00:00:00+00:00,28.578249,55.2225,0.0,1007.6333
2004-07-09 00:00:00+00:00,28.057417,59.598278,0.0,1007.24994
2004-07-10 00:00:00+00:00,28.557419,53.17309,0.0,1006.33746
2004-07-11 00:00:00+00:00,28.390753,57.379925,0.0,1003.9749
2004-07-12 00:00:00+00:00,29.282415,56.262554,0.0,1004.07513
2004-07-13 00:00:00+00:00,30.349085,53.575916,0.0,1006.14557
2004-07-14 00:00:00+00:00,31.761587,42.413258,0.0,1006.62067
2004-07-15 00:00:00+00:00,30.190748,47.13136,0.0,1006.6668
2004-07-16 00:00:00+00:00,28.326164,55.38039,0.0,1009.31244
2004-07-17 00:00:00+00:00,26.751167,51.73788,0.0,1012.20416
2004-07-18 00:00:00+00:00,26.419916,56.462917,0.0,1011.5623
2004-07-19 00:00:00+00:00,27.230333,55.002487,0.0,1009.6958
2004-07-20 00:00:00+00:00,26.726168,57.683395,0.0,1008.8418
2004-07-21 00:00:00+00:00,26.749083,59.237,0.0,1008.6042
2004-07-22 00:00:00+00:00,27.486582,58.067566,0.0,1008.07916
2004-07-23 00:00:00+00:00,27.66575,58.654755,0.0,1008.0542
2004-07-24 00:00:00+00:00,27.630335,54.33695,0.0,1007.17505
2004-07-25 00:00:00+00:00,28.511583,51.348587,0.0,1006.64166
2004-07-26 00:00:00+00:00,29.553246,52.58369,0.0,1007.73334
2004-07-27 00:00:00+00:00,29.884499,48.681316,0.0,1009.9876
2004-07-28 00:00:00+00:00,29.551165,49.18835,0.0,1010.16254
2004-07-29 00:00:00+00:00,30.574081,44.941547,0.0,1008.5959
2004-07-30 00:00:00+00:00,29.942835,50.439632,0.0,1008.99164
2004-07-31 00:00:00+00:00,28.163671,57.553364,0.0,1008.9875
2004-08-01 00:00:00+00:00,27.230333,60.15053,0.0,1008.6834
2004-08-02 00:00:00+00:00,26.926168,60.120495,0.0,1008.25
2004-08-03 00:00:00+00:00,27.030336,54.834183,0.0,1007.32904
2004-08-04 00:00:00+00:00,27.257416,55.55325,0.0,1007.875
2004-08-05 00:00:00+00:00,27.824081,55.89081,0.0,1008.8582
2004-08-06 00:00:00+00:00,28.438667,57.69199,0.0,1010.36676
2004-08-07 00:00:00+00:00,28.499086,56.17956,0.0,1010.23737
2004-08-08 00:00:00+00:00,29.432417,52.97009,0.0,1008.91675
2004-08-09 00:00:00+00:00,28.649086,53.97876,0.0,1007.86664
2004-08-10 00:00:00+00:00,27.780336,58.54276,0.0,1008.2375
2004-08-11 00:00:00+00:00,28.807417,57.544117,0.0,1008.04156
2004-08-12 00:00:00+00:00,27.857416,57.881134,0.0,1008.0625
2004-08-13 00:00:00+00:00,28.019915,59.972717,0.0,1008.479
2004-08-14 00:00:00+00:00,28.872002,57.385956,0.0,1009.26666
2004-08-15 00:00:00+00:00,28.763666,52.37149,0.0,1007.3875
2004-08-16 00:00:00+00:00,30.05116,50.94665,0.0,1006.52094
2004-08-17 00:00:00+00:00,29.96158,55.24439,0.0,1009.92084
2004-08-18 00:00:00+00:00,27.74283,58.935318,0.0,1013.10425
2004-08-19 00:00:00+00:00,26.694914,56.98608,0.0,1010.4793
2004-08-20 00:00:00+00:00,27.201164,52.132915,0.0,1006.81647
2004-08-21 00:00:00+00:00,28.094915,52.02237,0.0,1007.97485
2004-08-22 00:00:00+00:00,28.761581,50.286453,0.0,1009.5417
2004-08-23 00:00:00+00:00,28.647001,51.29568,0.0,1010.60004
2004-08-24 00:00:00+00:00,28.353249,56.15495,0.0,1010.2749
2004-08-25 00:00:00+00:00,27.286583,62.659527,0.0,1010.0959
2004-08-26 00:00:00+00:00,27.44075,60.826992,0.0,1008.68756
2004-08-27 00:00:00+00:00,27.555334,56.892857,0.0,1007.896
2004-08-28 00:00:00+00:00,28.538666,58.026722,0.0,1009.29987
2004-08-29 00:00:00+00:00,27.613668,57.941303,0.0,1012.4709
2004-08-30 00:00:00+00:00,25.946999,57.613758,0.0,1012.47504
2004-08-31 00:00:00+00:00,26.163671,58.53213,0.0,1010.7417
2004-09-01 00:00:00+00:00,26.692833,60.26489,0.0,1010.0999
2004-09-02 00:00:00+00:00,27.069914,60.354534,0.0,1010.3042
2004-09-03 00:00:00+00:00,27.182413,61.983646,0.0,1011.22504
2004-09-04 00:00:00+00:00,27.411581,61.96724,0.0,1010.1543
2004-09-05 00:00:00+00:00,28.124084,62.330715,0.0,1008.34174
2004-09-06 00:00:00+00:00,28.372,59.054886,0.0,1008.7625
2004-09-07 00:00:00+00:00,27.926165,58.00552,0.0,1010.7251
2004-09-08 00:00:00+00:00,27.40325,59.65979,0.0,1010.95
2004-09-09 00:00:00+00:00,26.121996,60.893402,0.0,1012.66675
2004-09-10 00:00:00+00:00,25.259499,54.15157,0.0,1013.63336
2004-09-11 00:00:00+00:00,24.817835,53.936672,0.0,1014.1624
2004-09-12 00:00:00+00:00,24.976166,50.68144,0.0,1013.8293
2004-09-13 00:00:00+00:00,24.54075,49.979416,0.0,1014.9001
2004-09-14 00:00:00+00:00,23.863665,57.217297,0.0,1015.18335
2004-09-15 00:00:00+00:00,24.117834,55.88278,0.0,1013.7625
2004-09-16 00:00:00+00:00,23.780334,56.708347,0.0,1011.92084
2004-09-17 00:00:00+00:00,24.642836,55.432343,0.0,1010.6167
2004-09-18 00:00:00+00:00,24.892832,55.80682,0.0,1010.9875
2004-09-19 00:00:00+00:00,25.651167,56.371643,0.0,1012.03754
2004-09-20 00:00:00+00:00,26.205336,59.000217,0.0,1013.5625
2004-09-21 00:00:00+00:00,26.02408,58.931614,0.0,1013.1501
2004-09-22 00:00:00+00:00,25.665749,59.94679,0.0,1011.5542
2004-09-23 00:00:00+00:00,25.672003,62.529736,0.0,1012.4333
2004-09-24 00:00:00+00:00,25.619913,61.038555,0.0,1013.39166
2004-09-25 00:00:00+00:00,26.472,55.56692,0.0,1014.4541
2004-09-26 00:00:00+00:00,28.14492,46.63756,0.0,1013.7415
2004-09-27 00:00:00+00:00,27.049086,52.96181,0.0,1014.39154
2004-09-28 00:00:00+00:00,27.138664,59.493107,0.0,1012.6833
2004-09-29 00:00:00+00:00,28.196999,59.20581,0.0,1011.41675
2004-09-30 00:00:00+00:00,27.84075,56.414425,0.0,1013.4626
2004-10-01 00:00:00+00:00,27.122,60.126286,0.0,1015.4709
2004-10-02 00:00:00+00:00,25.707415,61.636246,0.0,1015.0
2004-10-03 00:00:00+00:00,24.37825,59.457367,0.0,1013.44574
2004-10-04 00:00:00+00:00,24.236586,59.605145,0.0,1012.8374
2004-10-05 00:00:00+00:00,23.849083,60.398884,0.0,1013.4456
2004-10-06 00:00:00+00:00,22.992836,49.566586,0.0,1015.25
2004-10-07 00:00:00+00:00,22.926165,51.306118,0.0,1016.12085
2004-10-08 00:00:00+00:00,22.796999,55.524,0.0,1015.7834
2004-10-09 00:00:00+00:00,22.805334,55.33621,0.0,1015.4707
2004-10-10 00:00:00+00:00,22.80533,52.544598,0.0,1016.22076
2004-10-11 00:00:00+00:00,22.711584,54.534885,0.0,1015.9668
2004-10-12 00:00:00+00:00,22.619913,55.562603,0.0,1015.5457
2004-10-13 00:00:00+00:00,23.082415,58.659893,0.0,1015.4333
2004-10-14 00:00:00+00:00,23.376167,61.380676,0.0,1016.39575
2004-10-15 00:00:00+00:00,23.463669,64.57029,0.0,1016.83325
2004-10-16 00:00:00+00:00,24.630335,65.81518,0.0,1015.9458
2004-10-17 00:00:00+00:00,25.117836,65.76348,0.0,1016.13763
2004-10-18 00:00:00+00:00,25.34075,65.1589,0.0,1016.925
2004-10-19 00:00:00+00:00,25.378248,59.69034,0.0,1016.97925
2004-10-20 00:00:00+00:00,24.484503,54.44454,0.0,1014.28754
2004-10-21 00:00:00+00:00,24.817831,48.816624,0.0,1012.88745
2004-10-22 00:00:00+00:00,24.617834,56.684174,0.0,1014.75006
2004-10-23 00:00:00+00:00,24.390753,58.365986,0.0,1015.6624
2004-10-24 00:00:00+00:00,23.876167,66.3311,0.0,1015.4458
2004-10-25 00:00:00+00:00,24.101166,66.859985,0.0,1014.50836
2004-10-26 00:00:00+00:00,24.417833,68.06716,0.0,1013.6209
2004-10-27 00:00:00+00:00,24.049082,68.07429,0.0,1015.4958
2004-10-28 00:00:00+00:00,23.16575,63.327946,0.0,1015.56665
2004-10-29 00:00:00+00:00,22.792837,60.930782,0.0,1014.58765
2004-10-30 00:00:00+00:00,24.232416,47.146725,0.0,1013.52905
2004-10-31 00:00:00+00:00,22.740751,63.629574,0.0,1013.07916
2004-11-01 00:00:00+00:00,23.594915,67.26532,0.0,1012.58746
2004-11-02 00:00:00+00:00,24.301165,59.849716,0.0,1011.30835
2004-11-03 00:00:00+00:00,24.949081,48.96876,0.0,1011.60406
2004-11-04 00:00:00+00:00,24.676168,54.496532,0.0,1012.67505
2004-11-05 00:00:00+00:00,24.242836,59.897995,0.0,1012.28326
2004-11-06 00:00:00+00:00,23.824081,62.01985,0.0,1010.69995
2004-11-07 00:00:00+00:00,22.484503,61.12206,0.0,1011.61255
2004-11-08 00:00:00+00:00,22.26367,52.46387,0.0,1011.6833
2004-11-09 00:00:00+00:00,22.969917,45.393124,0.0,1011.67926
2004-11-10 00:00:00+00:00,23.180334,50.478687,0.0,1011.03754
2004-11-11 00:00:00+00:00,23.692831,52.634323,0.0,1012.81244
2004-11-12 00:00:00+00:00,22.809502,63.64009,0.0,1016.98334
2004-11-13 00:00:00+00:00,21.807419,68.63148,0.0,1016.79156
2004-11-14 00:00:00+00:00,22.305334,63.454945,0.0,1015.9209
2004-11-15 00:00:00+00:00,23.319921,53.1273,0.0,1014.13336
2004-11-16 00:00:00+00:00,21.607416,59.551792,0.0,1013.98755
2004-11-17 00:00:00+00:00,19.776169,58.248753,0.0,1014.4624
2004-11-18 00:00:00+00:00,19.074083,59.732388,0.0,1017.37915
2004-11-19 00:00:00+00:00,17.84075,60.418865,0.0,1017.73315
2004-11-20 00:00:00+00:00,17.892834,54.356113,0.0,1017.95416
2004-11-21 00:00:00+00:00,18.884499,48.279865,0.0,1016.5583
2004-11-22 00:00:00+00:00,15.440749,60.573826,0.1,1018.57086
2004-11-23 00:00:00+00:00,13.594918,50.72703,0.0,1023.425
2004-11-24 00:00:00+00:00,14.615753,54.11865,0.0,1022.3833
2004-11-25 00:00:00+00:00,15.547002,47.535778,0.0,1018.28754
2004-11-26 00:00:00+00:00,14.263669,56.212234,0.0,1020.1125
2004-11-27 00:00:00+00:00,14.126166,53.51636,0.0,1024.3832
2004-11-28 00:00:00+00:00,15.419918,53.941814,0.0,1025.7042
2004-11-29 00:00:00+00:00,15.411584,58.25726,0.0,1023.6584
2004-11-30 00:00:00+00:00,15.703248,62.2868,0.0,1023.02075
2004-12-01 00:00:00+00:00,16.078249,63.4969,0.0,1024.35
2004-12-02 00:00:00+00:00,16.544916,64.93705,0.0,1024.3917
2004-12-03 00:00:00+00:00,16.794914,56.623753,0.0,1023.6209
2004-12-04 00:00:00+00:00,16.257416,55.214504,0.0,1022.87897
2004-12-05 00:00:00+00:00,16.157415,55.225983,0.0,1021.9167
2004-12-06 00:00:00+00:00,16.647001,69.62112,0.0,1021.81647
2004-12-07 00:00:00+00:00,16.59283,74.56561,0.0,1022.42926
2004-12-08 00:00:00+00:00,16.432419,67.100914,0.0,1021.0417
2004-12-09 00:00:00+00:00,15.105335,61.32956,0.0,1020.9001
2004-12-10 00:00:00+00:00,15.032416,58.09943,0.0,1018.1374
2004-12-11 00:00:00+00:00,15.334502,56.7639,0.0,1015.9458
2004-12-12 00:00:00+00:00,15.963669,71.4235,0.0,1019.2332
2004-12-13 00:00:00+00:00,15.101169,62.06075,0.0,1020.5457
2004-12-14 00:00:00+00:00,14.440749,66.99633,0.0,1018.54156
2004-12-15 00:00:00+00:00,14.309502,69.06504,0.0,1017.60425
2004-12-16 00:00:00+00:00,13.5845,66.66699,0.1,1019.89594
2004-12-17 00:00:00+00:00,12.224084,53.07378,0.0,1023.0457
2004-12-18 00:00:00+00:00,12.3324175,52.75662,0.3,1017.19586
2004-12-19 00:00:00+00:00,14.163666,50.68748,0.0,1013.2041
2004-12-20 00:00:00+00:00,14.126168,53.801395,0.0,1015.2292
2004-12-21 00:00:00+00:00,12.947,56.410275,0.0,1017.7751
2004-12-22 00:00:00+00:00,13.8428335,48.99174,0.0,1017.09174
2004-12-23 00:00:00+00:00,13.169917,48.917698,0.0,1014.1208
2004-12-24 00:00:00+00:00,13.346999,65.28705,0.1,1011.83746
2004-12-25 00:00:00+00:00,13.140751,66.84293,0.0,1017.67505
2004-12-26 00:00:00+00:00,13.353251,61.883728,0.0,1024.4293
2004-12-27 00:00:00+00:00,13.646999,65.47376,0.0,1026.8959
2004-12-28 00:00:00+00:00,14.553249,58.106018,0.0,1022.55414
2004-12-29 00:00:00+00:00,15.640752,42.210987,0.0,1016.83344
2004-12-30 00:00:00+00:00,16.059502,42.996723,0.0,1017.04156
2004-12-31 00:00:00+00:00,17.355333,50.36507,0.0,1017.85834
2005-01-01 00:00:00+00:00,16.251167,71.07673,0.0,1018.2083
2005-01-02 00:00:00+00:00,14.8011675,73.29539,0.0,1018.26666
2005-01-03 00:00:00+00:00,13.767833,66.24087,0.0,1019.7082
2005-01-04 00:00:00+00:00,14.367833,58.311016,0.2,1018.99585
2005-01-05 00:00:00+00:00,12.990749,66.75976,0.90000004,1019.0166
2005-01-06 00:00:00+00:00,12.50325,59.58077,0.0,1024.1373
2005-01-07 00:00:00+00:00,12.276168,67.610405,0.0,1023.30414
2005-01-08 00:00:00+00:00,11.903249,66.827095,1.0,1019.0833
2005-01-09 00:00:00+00:00,11.792834,72.290695,0.1,1022.2625
2005-01-10 00:00:00+00:00,13.134502,62.311954,0.0,1026.5416
2005-01-11 00:00:00+00:00,13.3011675,71.8777,0.0,1025.4667
2005-01-12 00:00:00+00:00,13.149085,70.37074,0.0,1024.3417
2005-01-13 00:00:00+00:00,13.136584,71.5792,0.0,1020.7375
2005-01-14 00:00:00+00:00,14.097001,66.96173,0.0,1016.54156
2005-01-15 00:00:00+00:00,13.653249,60.636578,0.0,1015.8499
2005-01-16 00:00:00+00:00,13.013667,51.421307,0.0,1015.19995
2005-01-17 00:00:00+00:00,11.715749,56.18503,0.0,1015.47076
2005-01-18 00:00:00+00:00,10.778251,58.35495,0.1,1012.77924
2005-01-19 00:00:00+00:00,11.526166,68.02044,0.0,1014.1252
2005-01-20 00:00:00+00:00,12.040751,54.31979,0.0,1016.45825
2005-01-21 00:00:00+00:00,13.28867,43.461456,0.0,1012.2458
2005-01-22 00:00:00+00:00,11.661586,44.21692,0.0,1013.38745
2005-01-23 00:00:00+00:00,14.2386675,51.650955,0.0,1015.3044
2005-01-24 00:00:00+00:00,13.544917,64.22808,0.0,1018.9084
2005-01-25 00:00:00+00:00,13.813666,52.06905,0.0,1017.85425
2005-01-26 00:00:00+00:00,14.297,45.805603,0.0,1015.8748
2005-01-27 00:00:00+00:00,16.094917,36.027344,0.0,1015.98737
2005-01-28 00:00:00+00:00,18.892832,23.830145,0.0,1015.1709
2005-01-29 00:00:00+00:00,21.634499,17.713886,0.0,1012.2957
2005-01-30 00:00:00+00:00,20.424084,37.95714,0.0,1011.925
2005-01-31 00:00:00+00:00,14.290751,54.81432,0.0,1016.19165
2005-02-01 00:00:00+00:00,13.28867,41.78079,0.0,1016.6584
2005-02-02 00:00:00+00:00,11.8949175,49.014847,0.0,1018.11255
2005-02-03 00:00:00+00:00,12.81575,41.737427,0.0,1015.92914
2005-02-04 00:00:00+00:00,11.999085,40.251007,0.0,1017.74585
2005-02-05 00:00:00+00:00,12.01575,41.611946,0.0,1017.44995
2005-02-06 00:00:00+00:00,11.888667,54.97203,0.0,1018.81256
2005-02-07 00:00:00+00:00,11.163667,63.921467,0.1,1020.94995
2005-02-08 00:00:00+00:00,10.513666,57.007645,0.0,1022.5293
2005-02-09 00:00:00+00:00,10.559501,50.062515,0.0,1023.5583
2005-02-10 00:00:00+00:00,10.159499,56.0631,0.7,1020.9875
2005-02-11 00:00:00+00:00,11.080333,63.15199,0.0,1019.63336
2005-02-12 00:00:00+00:00,10.238666,66.86952,0.5,1019.68335
2005-02-13 00:00:00+00:00,10.70325,63.64365,0.0,1020.62915
2005-02-14 00:00:00+00:00,11.397,56.561947,0.0,1018.94586
2005-02-15 00:00:00+00:00,13.513668,45.32994,0.0,1015.5708
2005-02-16 00:00:00+00:00,17.578249,25.911303,0.0,1014.5874
2005-02-17 00:00:00+00:00,19.107414,27.089064,0.0,1013.2292
2005-02-18 00:00:00+00:00,21.780334,26.905615,0.0,1010.32513
2005-02-19 00:00:00+00:00,19.192833,49.529118,0.0,1010.5417
2005-02-20 00:00:00+00:00,17.526167,65.985664,0.5,1013.4668
2005-02-21 00:00:00+00:00,16.324083,59.363464,4.3999996,1016.5666
2005-02-22 00:00:00+00:00,16.290752,53.854443,0.0,1017.07086
2005-02-23 00:00:00+00:00,15.972001,55.86403,0.0,1015.4124
2005-02-24 00:00:00+00:00,16.313667,52.527935,0.0,1015.7458
2005-02-25 00:00:00+00:00,14.659499,62.33359,0.0,1016.92914
2005-02-26 00:00:00+00:00,15.721999,55.89493,0.0,1012.88745
2005-02-27 00:00:00+00:00,18.642832,47.84122,0.1,1010.87933
2005-02-28 00:00:00+00:00,18.111586,49.196213,0.0,1013.5417
2005-03-01 00:00:00+00:00,21.826166,27.202078,0.0,1012.1375
2005-03-02 00:00:00+00:00,24.269918,16.507885,0.0,1008.9543
2005-03-03 00:00:00+00:00,22.065752,39.58286,0.1,1010.16254
2005-03-04 00:00:00+00:00,16.101168,57.90865,0.0,1018.5791
2005-03-05 00:00:00+00:00,16.153252,43.914967,0.0,1017.35846
2005-03-06 00:00:00+00:00,20.586582,29.099714,0.0,1013.22076
2005-03-07 00:00:00+00:00,19.986584,56.396606,0.0,1013.0
2005-03-08 00:00:00+00:00,21.490751,56.080654,1.2,1012.2249
2005-03-09 00:00:00+00:00,15.828251,70.80106,6.6999993,1016.1375
2005-03-10 00:00:00+00:00,14.11575,58.31355,0.4,1017.571
2005-03-11 00:00:00+00:00,12.757417,59.671856,0.0,1018.06244
2005-03-12 00:00:00+00:00,12.803249,57.654957,0.0,1021.15826
2005-03-13 00:00:00+00:00,12.869918,51.76872,0.0,1022.4709
2005-03-14 00:00:00+00:00,13.647002,51.32478,0.0,1022.21246
2005-03-15 00:00:00+00:00,14.290752,55.180405,0.0,1021.0376
2005-03-16 00:00:00+00:00,14.792834,56.44533,0.0,1020.17084
2005-03-17 00:00:00+00:00,15.803249,59.410736,0.0,1019.8333
2005-03-18 00:00:00+00:00,16.022,55.28272,0.0,1020.41254
2005-03-19 00:00:00+00:00,16.130335,56.907185,0.0,1019.6292
2005-03-20 00:00:00+00:00,17.478254,52.591248,0.0,1017.2209
2005-03-21 00:00:00+00:00,17.455334,50.78886,0.0,1016.18335
2005-03-22 00:00:00+00:00,17.221998,53.332172,0.0,1016.7749
2005-03-23 00:00:00+00:00,16.117834,62.442486,0.0,1019.6833
2005-03-24 00:00:00+00:00,16.044916,58.47633,0.0,1020.1333
2005-03-25 00:00:00+00:00,16.036583,54.293896,0.0,1019.1834
2005-03-26 00:00:00+00:00,16.361586,53.922825,0.0,1018.5833
2005-03-27 00:00:00+00:00,17.049082,55.292103,0.0,1019.61664
2005-03-28 00:00:00+00:00,18.730333,54.07745,0.0,1018.49585
2005-03-29 00:00:00+00:00,20.413668,51.56129,0.0,1014.64996
2005-03-30 00:00:00+00:00,21.269915,44.351505,0.0,1011.0166
2005-03-31 00:00:00+00:00,21.540749,36.3303,0.0,1008.5083
2005-04-01 00:00:00+00:00,19.35325,49.287598,0.0,1010.80835
2005-04-02 00:00:00+00:00,15.947,57.756596,0.0,1017.0334
2005-04-03 00:00:00+00:00,14.478251,51.922546,0.0,1023.42505
2005-04-04 00:00:00+00:00,14.596997,50.553528,0.0,1025.1207
2005-04-05 00:00:00+00:00,15.740752,49.068775,0.0,1023.06683
2005-04-06 00:00:00+00:00,16.478249,53.040344,0.0,1019.94165
2005-04-07 00:00:00+00:00,21.222002,31.585554,0.0,1012.14575
2005-04-08 00:00:00+00:00,20.532415,40.126526,0.0,1009.88336
2005-04-09 00:00:00+00:00,19.549082,59.64481,0.0,1013.0916
2005-04-10 00:00:00+00:00,20.778248,55.24803,0.0,1013.98346
2005-04-11 00:00:00+00:00,24.063667,38.46348,0.0,1011.45416
2005-04-12 00:00:00+00:00,26.240751,35.0439,0.0,1009.0083
2005-04-13 00:00:00+00:00,21.642832,52.57112,0.0,1012.74176
2005-04-14 00:00:00+00:00,20.630335,40.988964,0.0,1015.60834
2005-04-15 00:00:00+00:00,18.888666,53.822723,0.0,1016.8
2005-04-16 00:00:00+00:00,19.213667,51.37453,0.0,1017.5291
2005-04-17 00:00:00+00:00,23.611582,27.917267,0.0,1013.4751
2005-04-18 00:00:00+00:00,25.865747,25.927505,0.0,1008.4334
2005-04-19 00:00:00+00:00,20.453249,53.34216,0.0,1014.02496
2005-04-20 00:00:00+00:00,22.513666,41.134903,0.0,1013.4626
2005-04-21 00:00:00+00:00,27.501165,37.050274,0.0,1009.3542
2005-04-22 00:00:00+00:00,27.63867,41.710953,0.0,1010.04565
2005-04-23 00:00:00+00:00,23.044916,56.461697,0.0,1012.5959
2005-04-24 00:00:00+00:00,19.299084,57.200455,0.0,1016.63745
2005-04-25 00:00:00+00:00,18.738668,52.004242,0.0,1016.9416
2005-04-26 00:00:00+00:00,20.492834,55.765976,0.0,1015.47076
2005-04-27 00:00:00+00:00,22.276169,48.861897,0.0,1013.67487
2005-04-28 00:00:00+00:00,22.799082,46.50471,0.0,1012.4084
2005-04-29 00:00:00+00:00,21.046999,53.071777,0.0,1010.73346
2005-04-30 00:00:00+00:00,21.049082,51.035477,0.0,1009.5334
2005-05-01 00:00:00+00:00,20.357416,52.965687,0.0,1010.86255
2005-05-02 00:00:00+00:00,19.147001,55.89386,0.0,1014.27094
2005-05-03 00:00:00+00:00,19.242836,55.344494,0.0,1014.6458
2005-05-04 00:00:00+00:00,20.622,54.587543,0.0,1013.07935
2005-05-05 00:00:00+00:00,21.911583,56.730976,0.0,1013.63745
2005-05-06 00:00:00+00:00,24.140747,43.242294,0.0,1013.38745
2005-05-07 00:00:00+00:00,27.224083,31.70935,0.0,1009.25
2005-05-08 00:00:00+00:00,21.999083,51.252163,0.0,1013.11237
2005-05-09 00:00:00+00:00,20.77408,52.15666,0.0,1016.12506
2005-05-10 00:00:00+00:00,21.171999,48.86154,0.0,1015.26666
2005-05-11 00:00:00+00:00,20.576164,52.90239,0.0,1014.5667
2005-05-12 00:00:00+00:00,22.126167,51.531513,0.0,1014.7166
2005-05-13 00:00:00+00:00,24.938665,45.10315,0.0,1015.27924
2005-05-14 00:00:00+00:00,26.551168,36.41932,0.0,1012.19165
2005-05-15 00:00:00+00:00,24.680336,51.23615,0.0,1012.65424
2005-05-16 00:00:00+00:00,24.372002,49.828217,0.0,1013.25
2005-05-17 00:00:00+00:00,24.70117,43.505054,0.0,1013.729
2005-05-18 00:00:00+00:00,25.817833,37.078075,0.0,1012.5959
2005-05-19 00:00:00+00:00,27.051165,37.36523,0.0,1010.53754
2005-05-20 00:00:00+00:00,27.780329,35.763348,0.0,1009.7751
2005-05-21 00:00:00+00:00,24.553251,54.555313,0.0,1011.30835
2005-05-22 00:00:00+00:00,22.669914,55.382828,0.0,1013.5833
2005-05-23 00:00:00+00:00,22.667833,55.107273,0.0,1015.0791
2005-05-24 00:00:00+00:00,23.255333,52.137936,0.0,1013.51245
2005-05-25 00:00:00+00:00,24.584501,44.652546,0.0,1011.81244
2005-05-26 00:00:00+00:00,27.492834,34.94878,0.0,1009.5168
2005-05-27 00:00:00+00:00,24.859499,45.308315,0.0,1012.70844
2005-05-28 00:00:00+00:00,28.296997,35.638176,0.0,1012.05005
2005-05-29 00:00:00+00:00,25.546999,53.131756,0.0,1013.4082
2005-05-30 00:00:00+00:00,25.382418,50.53355,0.0,1015.0916
2005-05-31 00:00:00+00:00,27.307413,44.58087,0.0,1012.68744
2005-06-01 00:00:00+00:00,26.949083,46.73204,0.0,1011.0085
2005-06-02 00:00:00+00:00,25.51367,53.457825,0.0,1011.10425
2005-06-03 00:00:00+00:00,25.505333,56.459972,0.0,1011.8333
2005-06-04 00:00:00+00:00,25.53242,53.866154,0.0,1012.0376
2005-06-05 00:00:00+00:00,25.586584,49.036835,0.0,1011.78754
2005-06-06 00:00:00+00:00,26.40325,47.805073,0.0,1012.5916
2005-06-07 00:00:00+00:00,26.869919,49.263927,0.0,1013.66675
2005-06-08 00:00:00+00:00,26.142832,45.314816,0.0,1013.6501
2005-06-09 00:00:00+00:00,26.111586,47.85104,0.0,1012.42505
2005-06-10 00:00:00+00:00,26.19075,49.232494,0.0,1012.23755
2005-06-11 00:00:00+00:00,28.363665,39.270676,0.0,1012.22906
2005-06-12 00:00:00+00:00,29.530333,36.72519,0.2,1009.91675
2005-06-13 00:00:00+00:00,27.01367,52.165024,0.0,1008.22504
2005-06-14 00:00:00+00:00,25.232414,50.374023,0.0,1011.25433
2005-06-15 00:00:00+00:00,25.161583,50.623535,0.0,1011.60004
2005-06-16 00:00:00+00:00,25.62617,52.31925,0.0,1011.36664
2005-06-17 00:00:00+00:00,26.571999,50.442707,0.0,1012.5291
2005-06-18 00:00:00+00:00,27.505333,46.369156,0.0,1012.05835
2005-06-19 00:00:00+00:00,29.149084,42.18532,0.0,1010.0667
2005-06-20 00:00:00+00:00,31.515749,33.748096,0.0,1008.02496
2005-06-21 00:00:00+00:00,28.372002,46.981472,0.0,1009.95825
2005-06-22 00:00:00+00:00,26.865751,51.111877,0.0,1012.05426
2005-06-23 00:00:00+00:00,26.655329,51.98911,0.0,1011.6084
2005-06-24 00:00:00+00:00,26.96575,50.08317,0.0,1010.26245
2005-06-25 00:00:00+00:00,26.549082,52.04366,0.0,1009.9375
2005-06-26 00:00:00+00:00,26.274084,56.848133,0.0,1009.4001
2005-06-27 00:00:00+00:00,27.20533,56.178375,0.0,1007.425
2005-06-28 00:00:00+00:00,26.86158,54.075527,0.0,1005.77924
2005-06-29 00:00:00+00:00,27.134499,48.43574,0.0,1006.396
2005-06-30 00:00:00+00:00,27.517832,51.22514,0.0,1008.82916
2005-07-01 00:00:00+00:00,27.469915,49.591183,0.0,1009.425
2005-07-02 00:00:00+00:00,28.642836,47.435078,0.0,1008.42084
2005-07-03 00:00:00+00:00,30.922005,39.81345,0.0,1006.42505
2005-07-04 00:00:00+00:00,29.186586,50.54567,0.0,1006.42084
2005-07-05 00:00:00+00:00,26.972,53.02637,0.0,1008.8501
2005-07-06 00:00:00+00:00,26.965752,55.31493,0.0,1008.83746
2005-07-07 00:00:00+00:00,27.296997,53.766617,0.0,1009.7209
2005-07-08 00:00:00+00:00,27.915749,50.145813,0.0,1010.04584
2005-07-09 00:00:00+00:00,27.9095,53.119694,0.0,1010.2583
2005-07-10 00:00:00+00:00,29.172003,53.768585,0.0,1010.9084
2005-07-11 00:00:00+00:00,29.134499,52.034595,0.0,1011.2917
2005-07-12 00:00:00+00:00,29.553251,52.26858,0.0,1009.6875
2005-07-13 00:00:00+00:00,30.344915,53.292133,0.0,1009.0625
2005-07-14 00:00:00+00:00,28.401167,56.198425,0.0,1009.2541
2005-07-15 00:00:00+00:00,27.413666,56.682278,0.0,1009.69165
2005-07-16 00:00:00+00:00,27.074083,59.713116,0.0,1009.4124
2005-07-17 00:00:00+00:00,27.463667,57.249847,0.0,1008.71655
2005-07-18 00:00:00+00:00,28.276169,55.920258,0.0,1009.3708
2005-07-19 00:00:00+00:00,28.617834,52.202007,0.0,1010.59595
2005-07-20 00:00:00+00:00,29.290749,50.942825,0.0,1009.0291
2005-07-21 00:00:00+00:00,29.742834,50.277782,0.0,1006.4919
2005-07-22 00:00:00+00:00,29.892832,52.5665,0.0,1007.075
2005-07-23 00:00:00+00:00,29.02408,53.333633,0.0,1008.7415
2005-07-24 00:00:00+00:00,27.657415,55.005566,0.0,1008.2126
2005-07-25 00:00:00+00:00,28.45117,52.239536,0.0,1007.3918
2005-07-26 00:00:00+00:00,29.071999,52.719563,0.0,1007.93756
2005-07-27 00:00:00+00:00,29.286581,57.32764,0.0,1008.32513
2005-07-28 00:00:00+00:00,28.951166,58.353207,0.0,1007.4207
2005-07-29 00:00:00+00:00,28.786585,54.865894,0.0,1005.8958
2005-07-30 00:00:00+00:00,29.778252,52.052364,0.0,1005.3667
2005-07-31 00:00:00+00:00,30.592833,51.40254,0.0,1006.3042
2005-08-01 00:00:00+00:00,29.944918,54.810993,0.0,1006.86255
2005-08-02 00:00:00+00:00,29.244917,53.836468,0.0,1006.01666
2005-08-03 00:00:00+00:00,29.813667,54.763584,0.0,1004.4124
2005-08-04 00:00:00+00:00,31.111582,52.902973,0.0,1004.88336
2005-08-05 00:00:00+00:00,31.257416,51.437317,0.0,1006.04584
2005-08-06 00:00:00+00:00,30.082415,56.101887,0.0,1008.0376
2005-08-07 00:00:00+00:00,29.81367,47.65799,0.0,1009.43335
2005-08-08 00:00:00+00:00,28.90325,50.36263,0.0,1010.0332
2005-08-09 00:00:00+00:00,27.078253,58.77355,0.0,1010.0918
2005-08-10 00:00:00+00:00,27.917833,57.026676,0.0,1008.7083
2005-08-11 00:00:00+00:00,27.986586,60.64699,0.0,1007.4543
2005-08-12 00:00:00+00:00,29.032417,55.68434,0.0,1007.5249
2005-08-13 00:00:00+00:00,29.909498,57.53841,0.0,1008.1916
2005-08-14 00:00:00+00:00,30.272001,54.255085,0.0,1007.98334
2005-08-15 00:00:00+00:00,30.322,57.372746,0.0,1007.58746
2005-08-16 00:00:00+00:00,28.928247,59.719814,0.0,1008.2
2005-08-17 00:00:00+00:00,28.255335,57.65672,0.0,1009.1584
2005-08-18 00:00:00+00:00,27.59492,58.19421,0.0,1009.52924
2005-08-19 00:00:00+00:00,26.984497,57.303467,0.0,1009.9709
2005-08-20 00:00:00+00:00,27.130333,59.324512,0.0,1008.5291
2005-08-21 00:00:00+00:00,27.990751,58.348404,0.0,1007.51666
2005-08-22 00:00:00+00:00,27.886583,59.391373,0.0,1007.28754
2005-08-23 00:00:00+00:00,28.749084,60.997173,0.0,1008.17084
2005-08-24 00:00:00+00:00,29.153246,58.548477,0.0,1009.90424
2005-08-25 00:00:00+00:00,28.017832,55.697193,0.0,1011.06665
2005-08-26 00:00:00+00:00,26.649086,58.24039,0.0,1011.29584
2005-08-27 00:00:00+00:00,26.636583,56.594894,0.0,1011.0291
2005-08-28 00:00:00+00:00,27.582415,58.356556,0.0,1010.9043
2005-08-29 00:00:00+00:00,27.951164,61.322933,0.0,1011.6458
2005-08-30 00:00:00+00:00,28.480337,63.00894,0.0,1009.97076
2005-08-31 00:00:00+00:00,29.032417,62.259537,0.0,1007.45013
2005-09-01 00:00:00+00:00,28.651163,61.224506,0.0,1008.779
2005-09-02 00:00:00+00:00,28.7845,55.44048,0.0,1012.42926
2005-09-03 00:00:00+00:00,30.5095,43.68155,0.0,1012.05005
2005-09-04 00:00:00+00:00,27.344915,52.77171,0.0,1012.26666
2005-09-05 00:00:00+00:00,26.574083,54.380352,0.0,1012.075
2005-09-06 00:00:00+00:00,26.338663,53.182648,0.0,1012.61255
2005-09-07 00:00:00+00:00,25.844917,52.84811,0.0,1013.34174
2005-09-08 00:00:00+00:00,26.099083,60.93085,0.0,1012.11664
2005-09-09 00:00:00+00:00,26.16992,63.27113,0.0,1010.3875
2005-09-10 00:00:00+00:00,26.551163,58.52316,0.0,1010.20844
2005-09-11 00:00:00+00:00,25.226168,57.785496,0.0,1009.8208
2005-09-12 00:00:00+00:00,25.588667,55.853577,0.0,1010.1624
2005-09-13 00:00:00+00:00,25.997,55.735016,0.0,1011.91656
2005-09-14 00:00:00+00:00,26.401167,58.642155,0.0,1011.6584
2005-09-15 00:00:00+00:00,27.36783,55.9416,0.0,1008.97906
2005-09-16 00:00:00+00:00,29.374084,46.795593,0.0,1006.35004
2005-09-17 00:00:00+00:00,27.242836,54.61935,0.0,1010.54156
2005-09-18 00:00:00+00:00,26.051165,62.512863,0.0,1014.7126
2005-09-19 00:00:00+00:00,26.546997,60.607975,0.0,1014.04584
2005-09-20 00:00:00+00:00,27.132416,59.457783,0.0,1010.74164
2005-09-21 00:00:00+00:00,29.130331,50.657715,0.0,1010.42084
2005-09-22 00:00:00+00:00,28.321999,52.882816,0.0,1013.4543
2005-09-23 00:00:00+00:00,25.330336,56.7458,0.0,1015.52924
2005-09-24 00:00:00+00:00,25.486582,49.42336,0.0,1014.65405
2005-09-25 00:00:00+00:00,27.69075,45.356476,0.0,1013.3457
2005-09-26 00:00:00+00:00,30.296999,36.882656,0.0,1014.25836
2005-09-27 00:00:00+00:00,27.213663,58.173275,0.0,1016.57916
2005-09-28 00:00:00+00:00,26.172003,55.683304,0.0,1016.73334
2005-09-29 00:00:00+00:00,25.632416,55.503983,0.0,1015.0041
2005-09-30 00:00:00+00:00,24.763664,53.932346,0.0,1015.3918
2005-10-01 00:00:00+00:00,25.396997,53.924267,0.0,1016.72504
2005-10-02 00:00:00+00:00,27.75325,44.239185,0.0,1015.35004
2005-10-03 00:00:00+00:00,27.311586,54.834713,0.0,1014.51666
2005-10-04 00:00:00+00:00,24.205332,56.5473,0.0,1014.6917
2005-10-05 00:00:00+00:00,23.81575,56.473476,0.0,1013.57513
2005-10-06 00:00:00+00:00,24.426165,60.851017,0.0,1014.76245
2005-10-07 00:00:00+00:00,24.155334,62.591522,0.0,1016.3501
2005-10-08 00:00:00+00:00,23.928247,62.030933,0.0,1015.9375
2005-10-09 00:00:00+00:00,23.405333,62.139072,0.0,1015.0002
2005-10-10 00:00:00+00:00,23.98242,60.325333,0.0,1015.03326
2005-10-11 00:00:00+00:00,25.401163,52.068863,0.0,1014.14996
2005-10-12 00:00:00+00:00,25.890753,55.713196,0.0,1015.2625
2005-10-13 00:00:00+00:00,25.451164,67.59933,0.0,1016.4709
2005-10-14 00:00:00+00:00,24.59075,61.69246,0.0,1017.59576
2005-10-15 00:00:00+00:00,23.076166,57.841995,0.0,1016.0291
2005-10-16 00:00:00+00:00,21.724085,63.180927,0.0,1013.5291
2005-10-17 00:00:00+00:00,21.676168,55.116253,0.0,1016.1956
2005-10-18 00:00:00+00:00,22.053251,52.736897,0.0,1016.7083
2005-10-19 00:00:00+00:00,20.699083,61.73303,0.0,1017.0999
2005-10-20 00:00:00+00:00,19.405334,50.942585,0.0,1017.79156
2005-10-21 00:00:00+00:00,20.415752,47.010983,0.0,1017.70416
2005-10-22 00:00:00+00:00,20.678251,51.67239,0.0,1018.77094
2005-10-23 00:00:00+00:00,22.511583,55.5625,0.0,1017.7209
2005-10-24 00:00:00+00:00,22.361582,60.519974,0.0,1016.8584
2005-10-25 00:00:00+00:00,21.667833,56.911545,0.0,1017.32916
2005-10-26 00:00:00+00:00,21.00325,59.461258,0.0,1016.77094
2005-10-27 00:00:00+00:00,21.465752,61.74628,0.0,1015.05426
2005-10-28 00:00:00+00:00,21.401169,66.249916,0.0,1014.92914
2005-10-29 00:00:00+00:00,20.409502,66.58568,0.0,1015.8167
2005-10-30 00:00:00+00:00,19.17825,57.593967,0.0,1017.18335
2005-10-31 00:00:00+00:00,18.392836,47.68008,0.0,1020.4626
2005-11-01 00:00:00+00:00,17.336582,49.93607,0.0,1021.47504
2005-11-02 00:00:00+00:00,18.6595,56.156796,0.0,1020.67505
2005-11-03 00:00:00+00:00,18.180334,57.392197,0.0,1018.5085
2005-11-04 00:00:00+00:00,17.713663,56.103733,0.0,1017.1834
2005-11-05 00:00:00+00:00,17.26575,59.962723,0.0,1018.94165
2005-11-06 00:00:00+00:00,17.349083,60.247753,0.0,1018.44995
2005-11-07 00:00:00+00:00,18.003248,55.667404,0.0,1020.25415
2005-11-08 00:00:00+00:00,18.309502,55.02956,0.0,1020.61237
2005-11-09 00:00:00+00:00,17.930332,57.746418,0.0,1020.35425
2005-11-10 00:00:00+00:00,18.303251,54.774395,0.0,1020.10834
2005-11-11 00:00:00+00:00,18.561583,59.43228,0.0,1018.825
2005-11-12 00:00:00+00:00,17.64908,55.279263,0.0,1017.54584
2005-11-13 00:00:00+00:00,17.121998,59.835125,0.0,1018.39594
2005-11-14 00:00:00+00:00,17.228252,64.231415,0.0,1018.9583
2005-11-15 00:00:00+00:00,16.719917,62.751266,0.0,1017.8125
2005-11-16 00:00:00+00:00,16.519917,58.29479,0.0,1017.2334
2005-11-17 00:00:00+00:00,16.519915,56.91756,0.0,1017.33746
2005-11-18 00:00:00+00:00,16.263668,57.255123,0.0,1015.9875
2005-11-19 00:00:00+00:00,17.803251,61.354717,0.0,1016.7791
2005-11-20 00:00:00+00:00,18.484499,53.486683,0.0,1015.5666
2005-11-21 00:00:00+00:00,16.692835,65.89989,0.0,1018.825
2005-11-22 00:00:00+00:00,14.56575,60.44563,0.0,1023.25
2005-11-23 00:00:00+00:00,15.661584,60.447235,0.0,1020.7293
2005-11-24 00:00:00+00:00,16.75325,62.609577,0.0,1018.6501
2005-11-25 00:00:00+00:00,17.651165,56.802692,0.0,1016.60004
2005-11-26 00:00:00+00:00,19.219915,48.225903,0.0,1016.72095
2005-11-27 00:00:00+00:00,21.553251,39.155186,0.0,1014.5874
2005-11-28 00:00:00+00:00,22.813667,41.112774,0.0,1014.1084
2005-11-29 00:00:00+00:00,21.415749,54.2553,0.0,1016.6209
2005-11-30 00:00:00+00:00,19.130335,69.34105,0.0,1018.19574
2005-12-01 00:00:00+00:00,19.274084,52.35509,0.0,1017.1626
2005-12-02 00:00:00+00:00,19.99283,53.76115,0.0,1016.7874
2005-12-03 00:00:00+00:00,19.211584,52.61556,0.0,1016.7041
2005-12-04 00:00:00+00:00,16.557417,81.046165,0.0,1016.625
2005-12-05 00:00:00+00:00,16.936583,75.46592,0.0,1016.2791
2005-12-06 00:00:00+00:00,16.217833,68.04357,0.0,1017.1333
2005-12-07 00:00:00+00:00,16.3845,73.25674,0.0,1018.1917
2005-12-08 00:00:00+00:00,17.111584,79.882774,0.0,1018.76654
2005-12-09 00:00:00+00:00,17.351168,72.48696,0.0,1019.0166
2005-12-10 00:00:00+00:00,16.803251,78.22536,0.0,1019.02484
2005-12-11 00:00:00+00:00,17.190748,76.26095,0.0,1018.69586
2005-12-12 00:00:00+00:00,16.4845,78.418076,0.0,1016.51245
2005-12-13 00:00:00+00:00,16.480335,75.95072,0.0,1013.33746
2005-12-14 00:00:00+00:00,16.201166,66.05935,0.0,1012.81256
2005-12-15 00:00:00+00:00,14.494918,40.171944,0.0,1013.2502
2005-12-16 00:00:00+00:00,15.263667,51.583866,0.0,1013.5415
2005-12-17 00:00:00+00:00,15.632416,57.536304,0.0,1016.7791
2005-12-18 00:00:00+00:00,14.613667,56.548374,0.0,1017.73334
2005-12-19 00:00:00+00:00,14.876166,47.805523,0.0,1017.07513
2005-12-20 00:00:00+00:00,14.086583,64.00587,0.0,1020.11664
2005-12-21 00:00:00+00:00,13.392834,55.591335,0.0,1021.9709
2005-12-22 00:00:00+00:00,12.805333,57.57155,0.0,1020.5334
2005-12-23 00:00:00+00:00,12.697001,66.29237,0.0,1017.32916
2005-12-24 00:00:00+00:00,11.838666,63.89661,0.0,1015.2166
2005-12-25 00:00:00+00:00,10.81575,64.59643,0.0,1020.9792
2005-12-26 00:00:00+00:00,11.06575,62.05966,0.0,1025.2709
2005-12-27 00:00:00+00:00,11.461583,61.059887,0.0,1023.66675
2005-12-28 00:00:00+00:00,12.324084,58.414337,0.0,1021.9168
2005-12-29 00:00:00+00:00,13.180333,58.61436,0.0,1022.05817
2005-12-30 00:00:00+00:00,14.917834,59.24487,0.0,1021.60834
2005-12-31 00:00:00+00:00,16.126165,61.781387,0.0,1019.63745
2006-01-01 00:00:00+00:00,15.665746,72.82163,0.0,1017.4624
2006-01-02 00:00:00+00:00,15.688664,77.55734,0.0,1017.05
2006-01-03 00:00:00+00:00,16.217833,64.94414,0.0,1014.68335
2006-01-04 00:00:00+00:00,18.7595,47.874634,0.0,1011.2083
2006-01-05 00:00:00+00:00,17.011583,52.946133,0.0,1014.2166
2006-01-06 00:00:00+00:00,15.259501,74.411514,0.0,1016.12085
2006-01-07 00:00:00+00:00,14.280332,67.95045,0.0,1017.10406
2006-01-08 00:00:00+00:00,12.907416,65.94833,0.0,1018.1626
2006-01-09 00:00:00+00:00,12.536583,63.459225,0.0,1017.64575
2006-01-10 00:00:00+00:00,12.832417,60.86768,1.4000001,1013.85406
2006-01-11 00:00:00+00:00,11.986584,67.17074,0.0,1015.10004
2006-01-12 00:00:00+00:00,11.488667,67.78187,0.0,1017.92084
2006-01-13 00:00:00+00:00,10.6240835,72.78703,0.2,1019.85834
2006-01-14 00:00:00+00:00,10.326167,64.90215,0.0,1021.0334
2006-01-15 00:00:00+00:00,10.961582,68.62601,0.0,1021.9792
2006-01-16 00:00:00+00:00,11.022,73.9241,0.0,1022.125
2006-01-17 00:00:00+00:00,12.184499,65.59681,0.0,1024.0876
2006-01-18 00:00:00+00:00,11.992833,69.466805,0.0,1024.2583
2006-01-19 00:00:00+00:00,12.451167,59.91574,0.0,1022.7458
2006-01-20 00:00:00+00:00,13.980334,52.6328,0.0,1021.7375
2006-01-21 00:00:00+00:00,12.4595,64.76395,0.0,1023.74994
2006-01-22 00:00:00+00:00,14.97825,45.328625,0.0,1016.6624
2006-01-23 00:00:00+00:00,16.44075,42.255043,0.0,1013.57074
2006-01-24 00:00:00+00:00,15.463666,60.385498,1.6,1014.38324
2006-01-25 00:00:00+00:00,12.992835,48.14618,0.0,1013.471
2006-01-26 00:00:00+00:00,12.257417,44.7007,0.0,1018.3459
2006-01-27 00:00:00+00:00,12.474083,60.677967,0.0,1023.97504
2006-01-28 00:00:00+00:00,11.897,67.125114,0.0,1025.275
2006-01-29 00:00:00+00:00,11.678252,64.27267,0.0,1024.8002
2006-01-30 00:00:00+00:00,10.961583,63.88329,0.0,1020.56256
2006-01-31 00:00:00+00:00,12.292834,55.446606,0.0,1015.09576
2006-02-01 00:00:00+00:00,16.465752,34.395294,0.0,1010.2375
2006-02-02 00:00:00+00:00,15.090752,37.39283,0.1,1007.75415
2006-02-03 00:00:00+00:00,13.951168,57.69597,0.0,1011.6084
2006-02-04 00:00:00+00:00,13.953252,65.40665,0.0,1018.64166
2006-02-05 00:00:00+00:00,14.705335,55.24293,0.0,1016.94995
2006-02-06 00:00:00+00:00,15.274083,48.26028,0.0,1012.53326
2006-02-07 00:00:00+00:00,17.382414,37.314144,0.0,1009.42926
2006-02-08 00:00:00+00:00,12.519916,39.312336,0.0,1012.64594
2006-02-09 00:00:00+00:00,11.99075,46.949703,0.0,1019.61676
2006-02-10 00:00:00+00:00,12.615749,47.819534,0.0,1022.2207
2006-02-11 00:00:00+00:00,13.978249,42.493397,0.0,1019.85004
2006-02-12 00:00:00+00:00,15.344917,33.108482,0.3,1014.70416
2006-02-13 00:00:00+00:00,15.344917,52.03137,0.0,1012.94165
2006-02-14 00:00:00+00:00,13.949084,75.16929,2.4,1013.5251
2006-02-15 00:00:00+00:00,11.444919,72.10473,0.0,1017.7664
2006-02-16 00:00:00+00:00,10.855334,62.229755,0.0,1020.9875
2006-02-17 00:00:00+00:00,11.9261675,54.400356,0.0,1021.6208
2006-02-18 00:00:00+00:00,12.930333,63.15714,0.0,1021.67505
2006-02-19 00:00:00+00:00,15.474083,65.88757,0.0,1016.9709
2006-02-20 00:00:00+00:00,15.215753,69.90336,0.0,1016.125
2006-02-21 00:00:00+00:00,15.338666,71.357185,0.0,1017.72076
2006-02-22 00:00:00+00:00,15.559502,67.263954,0.0,1018.82074
2006-02-23 00:00:00+00:00,15.978249,62.790478,0.0,1015.9709
2006-02-24 00:00:00+00:00,21.757418,32.280186,0.0,1013.14996
2006-02-25 00:00:00+00:00,18.957418,50.534527,0.0,1015.3667
2006-02-26 00:00:00+00:00,17.96575,59.864056,0.3,1014.67505
2006-02-27 00:00:00+00:00,16.263666,61.336533,0.0,1015.2624
2006-02-28 00:00:00+00:00,18.930334,45.834827,0.0,1012.7541
2006-03-01 00:00:00+00:00,17.91575,51.215256,0.0,1015.59576
2006-03-02 00:00:00+00:00,15.611583,60.634796,0.0,1018.4458
2006-03-03 00:00:00+00:00,17.769918,48.810307,0.0,1015.47485
2006-03-04 00:00:00+00:00,17.530333,60.973057,0.0,1016.5667
2006-03-05 00:00:00+00:00,15.9574175,63.810467,0.0,1018.12103
2006-03-06 00:00:00+00:00,16.226168,51.42555,0.0,1015.6167
2006-03-07 00:00:00+00:00,22.451164,29.859495,0.0,1006.2375
2006-03-08 00:00:00+00:00,15.913669,41.1059,0.0,1011.1709
2006-03-09 00:00:00+00:00,12.9095,41.664257,0.0,1017.61664
2006-03-10 00:00:00+00:00,13.094918,61.030544,0.0,1022.22095
2006-03-11 00:00:00+00:00,14.449085,55.22685,0.0,1018.28754
2006-03-12 00:00:00+00:00,17.0595,45.474613,0.0,1010.31256
2006-03-13 00:00:00+00:00,18.307417,32.169476,0.0,1010.4168
2006-03-14 00:00:00+00:00,17.751165,32.175327,0.0,1014.0625
2006-03-15 00:00:00+00:00,16.613668,50.05139,0.0,1018.55
2006-03-16 00:00:00+00:00,16.288668,53.99107,0.0,1017.47925
2006-03-17 00:00:00+00:00,15.651168,53.929,0.0,1016.2292
2006-03-18 00:00:00+00:00,16.644918,49.100887,0.0,1015.71246
2006-03-19 00:00:00+00:00,19.582417,39.969135,0.0,1013.86664
2006-03-20 00:00:00+00:00,19.267832,46.62585,0.0,1016.7625
2006-03-21 00:00:00+00:00,23.315752,30.667212,0.0,1015.7583
2006-03-22 00:00:00+00:00,21.830338,44.091278,0.0,1015.76245
2006-03-23 00:00:00+00:00,25.10742,26.295443,0.0,1012.67926
2006-03-24 00:00:00+00:00,19.924086,49.45584,0.0,1012.70844
2006-03-25 00:00:00+00:00,17.072,57.694706,0.0,1015.75415
2006-03-26 00:00:00+00:00,17.74075,54.913544,0.0,1016.65826
2006-03-27 00:00:00+00:00,17.71575,62.60599,0.2,1013.7959
2006-03-28 00:00:00+00:00,16.011583,70.27783,1.2,1014.5542
2006-03-29 00:00:00+00:00,16.96367,57.831997,0.0,1019.3874
2006-03-30 00:00:00+00:00,18.765753,49.935543,0.0,1018.71246
2006-03-31 00:00:00+00:00,19.792833,50.379986,0.0,1013.7998
2006-04-01 00:00:00+00:00,16.142834,71.47697,0.6,1013.63745
2006-04-02 00:00:00+00:00,16.99075,62.309353,0.0,1014.2791
2006-04-03 00:00:00+00:00,18.701166,46.37592,0.0,1011.375
2006-04-04 00:00:00+00:00,19.374084,47.89504,0.0,1008.31683
2006-04-05 00:00:00+00:00,16.924086,60.293262,0.3,1013.6916
2006-04-06 00:00:00+00:00,17.81575,59.099964,0.0,1018.64166
2006-04-07 00:00:00+00:00,20.542833,41.145344,0.0,1017.8208
2006-04-08 00:00:00+00:00,22.978249,26.553972,0.0,1012.0251
2006-04-09 00:00:00+00:00,18.911583,61.728252,0.0,1012.9333
2006-04-10 00:00:00+00:00,17.372002,59.50795,0.0,1016.88745
2006-04-11 00:00:00+00:00,17.872002,57.625973,0.0,1018.3542
2006-04-12 00:00:00+00:00,20.555334,47.636578,0.0,1014.9041
2006-04-13 00:00:00+00:00,24.286585,38.259556,0.0,1009.9001
2006-04-14 00:00:00+00:00,25.726168,38.351498,0.0,1006.7459
2006-04-15 00:00:00+00:00,19.142832,53.76494,0.0,1014.10834
2006-04-16 00:00:00+00:00,18.582417,55.534744,0.1,1012.83746
2006-04-17 00:00:00+00:00,20.513666,53.948452,0.0,1011.76263
2006-04-18 00:00:00+00:00,22.261583,49.069027,0.0,1013.36664
2006-04-19 00:00:00+00:00,25.4345,33.627754,0.0,1013.8291
2006-04-20 00:00:00+00:00,26.124083,38.63593,0.0,1012.05414
2006-04-21 00:00:00+00:00,22.638666,50.253933,0.0,1013.61664
2006-04-22 00:00:00+00:00,27.271996,33.595875,0.0,1007.12506
2006-04-23 00:00:00+00:00,20.849083,57.689793,0.0,1011.2166
2006-04-24 00:00:00+00:00,19.296999,56.206387,0.0,1012.01263
2006-04-25 00:00:00+00:00,20.019917,56.517025,0.0,1010.7124
2006-04-26 00:00:00+00:00,20.165747,52.129944,0.0,1011.8833
2006-04-27 00:00:00+00:00,22.599085,29.493225,0.0,1011.1292
2006-04-28 00:00:00+00:00,27.417831,24.434416,0.0,1006.82074
2006-04-29 00:00:00+00:00,26.522001,35.58209,0.0,1007.63763
2006-04-30 00:00:00+00:00,22.632418,54.308422,0.0,1011.92487
2006-05-01 00:00:00+00:00,22.836584,46.580276,0.0,1012.60406
2006-05-02 00:00:00+00:00,22.442835,55.625248,0.0,1012.80835
2006-05-03 00:00:00+00:00,21.015749,57.269077,0.0,1013.61255
2006-05-04 00:00:00+00:00,20.530333,56.07428,0.0,1013.40424
2006-05-05 00:00:00+00:00,21.451166,51.823124,0.0,1013.45404
2006-05-06 00:00:00+00:00,28.546997,32.5381,0.0,1009.24585
2006-05-07 00:00:00+00:00,24.361586,51.058506,0.0,1010.55414
2006-05-08 00:00:00+00:00,20.367836,50.628967,0.0,1013.71674
2006-05-09 00:00:00+00:00,20.097,47.429516,0.0,1015.23334
2006-05-10 00:00:00+00:00,20.519918,48.010952,0.0,1016.02075
2006-05-11 00:00:00+00:00,20.901167,50.349823,0.0,1016.71246
2006-05-12 00:00:00+00:00,22.334501,49.626247,0.0,1016.8542
2006-05-13 00:00:00+00:00,25.622,42.486588,0.0,1014.89166
2006-05-14 00:00:00+00:00,24.265749,46.319748,0.0,1013.69165
2006-05-15 00:00:00+00:00,21.782417,53.35201,0.0,1013.7834
2006-05-16 00:00:00+00:00,21.647001,49.087147,0.0,1014.3459
2006-05-17 00:00:00+00:00,22.022001,51.00264,0.0,1015.37915
2006-05-18 00:00:00+00:00,22.030333,51.714146,0.0,1016.37494
2006-05-19 00:00:00+00:00,22.332418,48.56981,0.0,1013.72095
2006-05-20 00:00:00+00:00,22.734503,54.685253,0.0,1013.9959
2006-05-21 00:00:00+00:00,23.638666,49.75787,0.0,1014.41656
2006-05-22 00:00:00+00:00,24.763666,47.36267,0.0,1013.73334
2006-05-23 00:00:00+00:00,26.244913,45.25752,0.0,1010.24585
2006-05-24 00:00:00+00:00,26.54075,50.205677,0.0,1008.24164
2006-05-25 00:00:00+00:00,27.447,51.21945,0.0,1008.86255
2006-05-26 00:00:00+00:00,28.155333,44.37489,0.0,1010.85834
2006-05-27 00:00:00+00:00,27.799082,46.786716,0.0,1012.92926
2006-05-28 00:00:00+00:00,26.201166,52.782436,0.0,1013.47095
2006-05-29 00:00:00+00:00,25.286581,53.59619,0.0,1011.1499
2006-05-30 00:00:00+00:00,25.515755,48.291607,0.0,1008.9167
2006-05-31 00:00:00+00:00,27.040747,38.793938,0.0,1009.1458
2006-06-01 00:00:00+00:00,27.6845,34.707043,0.0,1010.67084
2006-06-02 00:00:00+00:00,29.119913,35.13525,0.0,1009.6958
2006-06-03 00:00:00+00:00,30.238663,31.38751,0.0,1009.42084
2006-06-04 00:00:00+00:00,29.505327,46.52856,0.0,1010.5251
2006-06-05 00:00:00+00:00,28.928247,46.60501,0.0,1012.98737
2006-06-06 00:00:00+00:00,28.369917,42.94006,0.0,1014.50415
2006-06-07 00:00:00+00:00,26.8845,46.749493,0.0,1014.52924
2006-06-08 00:00:00+00:00,25.72825,44.626892,0.0,1014.65845
2006-06-09 00:00:00+00:00,24.644918,45.915707,0.0,1014.77924
2006-06-10 00:00:00+00:00,24.6345,49.89516,0.0,1015.5166
2006-06-11 00:00:00+00:00,23.6595,50.70122,0.0,1017.45404
2006-06-12 00:00:00+00:00,24.074081,50.85256,0.0,1015.93744
2006-06-13 00:00:00+00:00,27.184502,45.268307,0.0,1012.88336
2006-06-14 00:00:00+00:00,26.203247,50.5692,0.0,1013.7791
2006-06-15 00:00:00+00:00,24.56575,51.8884,0.0,1015.44995
2006-06-16 00:00:00+00:00,24.442833,52.477108,0.0,1013.93756
2006-06-17 00:00:00+00:00,25.178251,53.06454,0.0,1012.6917
2006-06-18 00:00:00+00:00,26.39492,50.83925,0.0,1012.5833
2006-06-19 00:00:00+00:00,27.024084,44.900524,0.0,1011.61255
2006-06-20 00:00:00+00:00,27.119917,47.11041,0.0,1010.1541
2006-06-21 00:00:00+00:00,27.636583,57.098606,0.0,1008.52924
2006-06-22 00:00:00+00:00,28.151167,55.65552,0.0,1008.7459
2006-06-23 00:00:00+00:00,28.163668,55.712814,0.0,1008.4624
2006-06-24 00:00:00+00:00,28.709496,51.030643,0.0,1008.2874
2006-06-25 00:00:00+00:00,30.334496,43.985645,0.0,1008.01245
2006-06-26 00:00:00+00:00,29.113668,48.750767,0.0,1008.4417
2006-06-27 00:00:00+00:00,28.1845,53.638092,0.0,1007.9334
2006-06-28 00:00:00+00:00,28.776169,53.55249,0.0,1006.33344
2006-06-29 00:00:00+00:00,29.307413,51.495712,0.0,1007.5291
2006-06-30 00:00:00+00:00,29.761583,51.423306,0.0,1008.21246
2006-07-01 00:00:00+00:00,29.669916,55.251358,0.0,1007.5666
2006-07-02 00:00:00+00:00,29.886581,53.88155,0.0,1007.3084
2006-07-03 00:00:00+00:00,30.515749,48.75485,0.0,1006.1624
2006-07-04 00:00:00+00:00,28.765753,54.595276,0.0,1007.5542
2006-07-05 00:00:00+00:00,27.536585,57.25913,0.0,1008.75836
2006-07-06 00:00:00+00:00,27.155333,54.721333,0.0,1009.8499
2006-07-07 00:00:00+00:00,27.099085,54.944233,0.0,1009.4959
2006-07-08 00:00:00+00:00,27.532417,54.395344,0.0,1010.72064
2006-07-09 00:00:00+00:00,26.842833,51.892624,0.0,1011.9334
2006-07-10 00:00:00+00:00,28.11158,44.923153,0.0,1011.67084
2006-07-11 00:00:00+00:00,32.021996,30.696665,0.0,1008.9624
2006-07-12 00:00:00+00:00,28.392832,51.6666,0.0,1009.12933
2006-07-13 00:00:00+00:00,27.163668,55.845524,0.0,1009.9126
2006-07-14 00:00:00+00:00,26.909502,56.08966,0.0,1009.48737
2006-07-15 00:00:00+00:00,27.538666,58.30252,0.0,1008.91675
2006-07-16 00:00:00+00:00,28.094915,57.044724,0.0,1009.02924
2006-07-17 00:00:00+00:00,28.338667,57.585636,0.0,1009.3499
2006-07-18 00:00:00+00:00,28.794916,56.61334,0.0,1008.49164
2006-07-19 00:00:00+00:00,27.296999,58.979336,0.0,1009.325
2006-07-20 00:00:00+00:00,26.813665,56.43663,0.0,1009.68317
2006-07-21 00:00:00+00:00,26.811579,53.42369,0.0,1008.9583
2006-07-22 00:00:00+00:00,28.282415,47.29307,0.0,1008.05835
2006-07-23 00:00:00+00:00,28.413666,56.20863,0.0,1008.47906
2006-07-24 00:00:00+00:00,28.13867,55.897293,0.0,1008.9749
2006-07-25 00:00:00+00:00,27.271997,54.65297,0.0,1008.97906
2006-07-26 00:00:00+00:00,27.730331,56.83505,0.0,1009.32916
2006-07-27 00:00:00+00:00,28.592833,53.094135,0.0,1008.82495
2006-07-28 00:00:00+00:00,27.50325,51.76386,0.0,1005.6541
2006-07-29 00:00:00+00:00,27.7595,52.34329,0.0,1004.63336
2006-07-30 00:00:00+00:00,28.755333,55.38235,0.0,1006.62494
2006-07-31 00:00:00+00:00,28.694916,50.808197,0.0,1006.63763
2006-08-01 00:00:00+00:00,28.96992,54.556656,0.0,1005.98334
2006-08-02 00:00:00+00:00,29.040749,54.345306,0.0,1005.30414
2006-08-03 00:00:00+00:00,28.474081,55.334213,0.0,1005.6416
2006-08-04 00:00:00+00:00,28.315752,56.016285,0.0,1006.47076
2006-08-05 00:00:00+00:00,28.311584,53.626354,0.0,1007.6792
2006-08-06 00:00:00+00:00,27.882414,56.06923,0.0,1007.9417
2006-08-07 00:00:00+00:00,27.994913,62.17436,0.0,1006.8166
2006-08-08 00:00:00+00:00,27.713669,56.852173,0.0,1006.9792
2006-08-09 00:00:00+00:00,27.822,54.6666,0.0,1008.56683
2006-08-10 00:00:00+00:00,27.14908,52.74402,0.0,1009.18335
2006-08-11 00:00:00+00:00,29.461584,44.948135,0.0,1008.13336
2006-08-12 00:00:00+00:00,28.367834,60.20398,0.0,1009.03345
2006-08-13 00:00:00+00:00,27.499083,56.313614,0.0,1009.6541
2006-08-14 00:00:00+00:00,27.109499,58.403687,0.0,1009.14996
2006-08-15 00:00:00+00:00,28.244917,61.398937,0.0,1006.10834
2006-08-16 00:00:00+00:00,28.726166,63.30719,0.0,1004.5041
2006-08-17 00:00:00+00:00,29.609497,61.275578,0.0,1005.17084
2006-08-18 00:00:00+00:00,29.83866,61.550716,0.0,1007.3626
2006-08-19 00:00:00+00:00,29.7595,65.68714,0.0,1008.4041
2006-08-20 00:00:00+00:00,30.511583,61.042973,0.0,1007.69574
2006-08-21 00:00:00+00:00,30.686583,58.54169,0.0,1006.58734
2006-08-22 00:00:00+00:00,30.959497,53.792988,0.0,1006.61237
2006-08-23 00:00:00+00:00,30.351168,54.040257,0.0,1006.8042
2006-08-24 00:00:00+00:00,30.144913,58.672825,0.0,1006.8083
2006-08-25 00:00:00+00:00,28.790749,58.04214,0.0,1007.24164
2006-08-26 00:00:00+00:00,28.151169,56.16895,0.0,1009.625
2006-08-27 00:00:00+00:00,27.807419,55.534435,0.0,1010.9458
2006-08-28 00:00:00+00:00,29.622004,46.072758,0.0,1009.4375
2006-08-29 00:00:00+00:00,29.644913,53.538925,0.0,1010.16254
2006-08-30 00:00:00+00:00,27.759497,58.834976,0.0,1011.42505
2006-08-31 00:00:00+00:00,26.622004,61.223156,0.0,1010.0874
2006-09-01 00:00:00+00:00,27.363665,58.21375,0.0,1007.52924
2006-09-02 00:00:00+00:00,26.324081,52.898037,0.0,1009.25
2006-09-03 00:00:00+00:00,26.226166,50.05464,0.0,1013.4875
2006-09-04 00:00:00+00:00,26.144918,53.789383,0.0,1014.62915
2006-09-05 00:00:00+00:00,26.107414,57.40243,0.0,1011.04156
2006-09-06 00:00:00+00:00,26.444918,52.985744,0.0,1008.7083
2006-09-07 00:00:00+00:00,28.288668,46.45195,0.0,1009.6584
2006-09-08 00:00:00+00:00,29.77825,42.03998,0.0,1010.604
2006-09-09 00:00:00+00:00,29.309496,44.256443,0.0,1011.5708
2006-09-10 00:00:00+00:00,28.415749,52.22334,0.0,1013.24164
2006-09-11 00:00:00+00:00,27.876165,57.41936,0.0,1013.9167
2006-09-12 00:00:00+00:00,26.978249,61.835346,0.0,1013.5959
2006-09-13 00:00:00+00:00,27.77408,61.57623,0.0,1014.03754
2006-09-14 00:00:00+00:00,26.747002,61.878788,0.0,1013.15826
2006-09-15 00:00:00+00:00,25.905333,59.600567,0.0,1012.1541
2006-09-16 00:00:00+00:00,26.544914,59.55875,0.0,1011.7332
2006-09-17 00:00:00+00:00,27.007416,58.06319,0.0,1011.66235
2006-09-18 00:00:00+00:00,27.761583,57.784866,0.0,1010.4792
2006-09-19 00:00:00+00:00,29.290749,52.66334,0.0,1011.0791
2006-09-20 00:00:00+00:00,26.830332,61.96957,0.0,1013.2917
2006-09-21 00:00:00+00:00,26.282417,56.12949,0.0,1013.12506
2006-09-22 00:00:00+00:00,25.517836,58.308605,0.0,1011.29175
2006-09-23 00:00:00+00:00,26.030334,52.88336,0.0,1011.37506
2006-09-24 00:00:00+00:00,26.572,48.650135,0.0,1013.9375
2006-09-25 00:00:00+00:00,26.30533,51.86322,0.0,1014.0
2006-09-26 00:00:00+00:00,24.913668,55.33144,0.0,1012.2751
2006-09-27 00:00:00+00:00,26.211584,50.930737,0.0,1011.17487
2006-09-28 00:00:00+00:00,29.453249,45.280293,0.0,1010.18744
2006-09-29 00:00:00+00:00,30.651163,45.82143,0.0,1009.87085
2006-09-30 00:00:00+00:00,26.357416,60.72282,0.0,1012.575
2006-10-01 00:00:00+00:00,25.057419,57.052856,0.0,1012.43744
2006-10-02 00:00:00+00:00,24.830336,56.68872,0.0,1012.5459
2006-10-03 00:00:00+00:00,25.011581,62.58443,0.0,1014.25415
2006-10-04 00:00:00+00:00,25.367836,59.478863,0.0,1015.6543
2006-10-05 00:00:00+00:00,24.905334,56.069443,0.0,1015.04584
2006-10-06 00:00:00+00:00,24.334503,59.45119,0.0,1013.46674
2006-10-07 00:00:00+00:00,23.882418,60.3129,0.0,1012.3291
2006-10-08 00:00:00+00:00,23.419916,56.810673,0.0,1012.05
2006-10-09 00:00:00+00:00,25.374083,49.12176,0.0,1012.38745
2006-10-10 00:00:00+00:00,27.767832,38.03101,0.0,1009.3416
2006-10-11 00:00:00+00:00,25.665749,43.300476,0.0,1012.4832
2006-10-12 00:00:00+00:00,26.292831,32.32115,0.0,1014.24164
2006-10-13 00:00:00+00:00,25.11367,47.37363,0.0,1015.6167
2006-10-14 00:00:00+00:00,23.913668,62.581776,0.0,1015.7083
2006-10-15 00:00:00+00:00,22.93033,62.307224,0.0,1014.67914
2006-10-16 00:00:00+00:00,22.299082,57.73843,0.0,1014.11255
2006-10-17 00:00:00+00:00,24.588669,43.706997,0.0,1013.02496
2006-10-18 00:00:00+00:00,26.190752,33.96281,0.2,1011.12915
2006-10-19 00:00:00+00:00,21.774086,58.078674,0.0,1015.2126
2006-10-20 00:00:00+00:00,21.297003,49.3058,0.0,1016.1292
2006-10-21 00:00:00+00:00,22.197,55.60683,0.0,1017.0625
2006-10-22 00:00:00+00:00,22.872,57.497257,0.0,1016.87085
2006-10-23 00:00:00+00:00,23.12825,57.038357,0.0,1015.6084
2006-10-24 00:00:00+00:00,21.926163,66.673805,0.0,1014.85834
2006-10-25 00:00:00+00:00,22.130333,64.791794,0.0,1015.8459
2006-10-26 00:00:00+00:00,22.224085,68.49729,0.0,1017.06256
2006-10-27 00:00:00+00:00,22.213669,67.09238,0.0,1015.80414
2006-10-28 00:00:00+00:00,21.092833,58.590717,0.0,1012.0
2006-10-29 00:00:00+00:00,19.942831,53.514954,0.0,1010.22485
2006-10-30 00:00:00+00:00,21.172,45.364258,0.0,1009.2126
2006-10-31 00:00:00+00:00,22.917833,39.55368,0.0,1009.42505
2006-11-01 00:00:00+00:00,21.565748,41.478416,0.0,1013.24164
2006-11-02 00:00:00+00:00,19.699083,52.961742,0.0,1015.0168
2006-11-03 00:00:00+00:00,19.944916,50.979176,0.0,1013.375
2006-11-04 00:00:00+00:00,20.234503,51.584362,0.0,1013.84576
2006-11-05 00:00:00+00:00,16.703253,52.025967,0.0,1020.1333
2006-11-06 00:00:00+00:00,15.507419,47.92338,0.2,1021.6167
2006-11-07 00:00:00+00:00,15.932419,48.92038,0.0,1022.5791
2006-11-08 00:00:00+00:00,17.071999,49.589962,0.0,1023.9541
2006-11-09 00:00:00+00:00,18.063665,52.323772,0.0,1022.44165
2006-11-10 00:00:00+00:00,17.617834,54.731037,0.0,1020.27094
2006-11-11 00:00:00+00:00,17.742834,57.56,0.0,1017.94586
2006-11-12 00:00:00+00:00,17.565752,52.50056,0.0,1016.05426
2006-11-13 00:00:00+00:00,16.819918,56.51712,0.0,1017.43756
2006-11-14 00:00:00+00:00,17.453253,53.74045,0.0,1017.96674
2006-11-15 00:00:00+00:00,16.957418,64.536125,0.0,1019.6375
2006-11-16 00:00:00+00:00,18.405333,56.037907,0.0,1020.23315
2006-11-17 00:00:00+00:00,17.819918,63.671062,0.0,1019.4583
2006-11-18 00:00:00+00:00,17.46158,63.252808,0.0,1019.55835
2006-11-19 00:00:00+00:00,17.319918,64.59622,0.0,1019.50415
2006-11-20 00:00:00+00:00,17.182419,63.484833,0.0,1018.32916
2006-11-21 00:00:00+00:00,17.299084,63.124405,0.0,1016.52094
2006-11-22 00:00:00+00:00,17.117834,69.17676,0.0,1015.3833
2006-11-23 00:00:00+00:00,17.59075,63.61832,0.0,1017.14154
2006-11-24 00:00:00+00:00,17.380333,58.2182,0.0,1018.4167
2006-11-25 00:00:00+00:00,17.536585,63.65543,0.0,1018.5584
2006-11-26 00:00:00+00:00,17.842834,59.132122,0.0,1018.325
2006-11-27 00:00:00+00:00,17.8845,55.32786,0.0,1017.44165
2006-11-28 00:00:00+00:00,17.036581,57.61301,0.0,1018.1541
2006-11-29 00:00:00+00:00,16.476168,62.68849,0.0,1017.70844
2006-11-30 00:00:00+00:00,16.690752,65.43736,0.0,1018.32916
2006-12-01 00:00:00+00:00,17.53242,63.43085,0.0,1020.85834
2006-12-02 00:00:00+00:00,16.426168,55.287426,0.0,1022.3918
2006-12-03 00:00:00+00:00,15.60325,59.48442,0.0,1018.99164
2006-12-04 00:00:00+00:00,15.613666,65.06507,0.0,1017.74567
2006-12-05 00:00:00+00:00,14.934501,72.638985,0.3,1018.4875
2006-12-06 00:00:00+00:00,14.507419,78.54981,0.6,1018.05414
2006-12-07 00:00:00+00:00,14.771999,67.19292,0.0,1019.05835
2006-12-08 00:00:00+00:00,15.932418,59.08189,0.0,1020.09985
2006-12-09 00:00:00+00:00,16.397,57.476604,0.0,1017.64996
2006-12-10 00:00:00+00:00,16.784502,66.18299,0.0,1023.7832
2006-12-11 00:00:00+00:00,15.578252,63.220383,0.0,1025.9126
2006-12-12 00:00:00+00:00,15.2345,69.01766,0.0,1020.8167
2006-12-13 00:00:00+00:00,16.257416,74.15237,0.0,1020.94574
2006-12-14 00:00:00+00:00,16.051167,72.46578,0.0,1023.46674
2006-12-15 00:00:00+00:00,16.061583,64.95609,0.0,1023.78754
2006-12-16 00:00:00+00:00,14.899085,47.487255,0.0,1026.4
2006-12-17 00:00:00+00:00,12.934501,46.20316,0.0,1025.9834
2006-12-18 00:00:00+00:00,14.076167,47.303043,0.0,1022.1875
2006-12-19 00:00:00+00:00,13.553249,40.39219,0.0,1020.8125
2006-12-20 00:00:00+00:00,13.715752,52.161556,0.0,1022.34174
2006-12-21 00:00:00+00:00,14.553249,71.77146,0.0,1022.26245
2006-12-22 00:00:00+00:00,15.484501,72.91097,0.0,1020.91675
2006-12-23 00:00:00+00:00,14.642834,65.83941,0.0,1021.59576
2006-12-24 00:00:00+00:00,13.069916,57.322407,0.0,1023.05
2006-12-25 00:00:00+00:00,11.9990835,61.225872,0.0,1018.58344
2006-12-26 00:00:00+00:00,12.544914,62.283108,0.1,1015.3792
2006-12-27 00:00:00+00:00,11.167834,54.800533,0.0,1019.65845
2006-12-28 00:00:00+00:00,11.142835,51.345646,0.0,1025.8457
2006-12-29 00:00:00+00:00,11.388667,68.00811,0.3,1028.4
2006-12-30 00:00:00+00:00,12.41575,65.610466,0.0,1029.029
2006-12-31 00:00:00+00:00,12.574081,65.940346,0.0,1028.2208
2007-01-01 00:00:00+00:00,12.847,59.204067,0.0,1031.2833
2007-01-02 00:00:00+00:00,11.792832,60.485943,0.0,1031.3625
2007-01-03 00:00:00+00:00,11.11575,62.618458,0.0,1025.7916
2007-01-04 00:00:00+00:00,11.657416,51.042202,0.0,1020.2166
2007-01-05 00:00:00+00:00,12.232417,57.658997,0.0,1019.0251
2007-01-06 00:00:00+00:00,12.809499,56.1584,0.0,1023.47504
2007-01-07 00:00:00+00:00,12.611583,62.917553,0.0,1023.7834
2007-01-08 00:00:00+00:00,12.717834,61.73093,0.0,1024.725
2007-01-09 00:00:00+00:00,13.330333,55.12962,0.0,1023.82916
2007-01-10 00:00:00+00:00,13.7074175,64.22704,0.0,1022.88324
2007-01-11 00:00:00+00:00,13.4261675,59.41412,0.0,1020.15424
2007-01-12 00:00:00+00:00,12.1595,71.06777,0.3,1019.7376
2007-01-13 00:00:00+00:00,12.903249,63.973873,0.0,1019.425
2007-01-14 00:00:00+00:00,14.126168,53.401836,0.0,1021.2874
2007-01-15 00:00:00+00:00,13.605332,66.430115,0.0,1021.2043
2007-01-16 00:00:00+00:00,14.272002,63.80216,0.0,1024.0084
2007-01-17 00:00:00+00:00,13.722,61.947803,0.0,1028.0208
2007-01-18 00:00:00+00:00,12.074084,65.687706,0.0,1028.175
2007-01-19 00:00:00+00:00,11.594917,67.07867,0.0,1024.7333
2007-01-20 00:00:00+00:00,13.2095,65.89735,1.0,1018.1792
2007-01-21 00:00:00+00:00,14.353249,54.140915,0.0,1020.37085
2007-01-22 00:00:00+00:00,13.088668,57.542706,0.0,1025.9874
2007-01-23 00:00:00+00:00,13.453252,58.394638,0.0,1023.7793
2007-01-24 00:00:00+00:00,13.505333,53.088108,0.0,1021.24164
2007-01-25 00:00:00+00:00,15.188668,44.468845,0.0,1020.70844
2007-01-26 00:00:00+00:00,13.599083,61.353237,0.0,1021.20825
2007-01-27 00:00:00+00:00,13.090752,66.48586,0.0,1020.70844
2007-01-28 00:00:00+00:00,14.676166,56.036076,0.0,1017.5459
2007-01-29 00:00:00+00:00,12.7845,53.126072,0.0,1020.1123
2007-01-30 00:00:00+00:00,13.840749,55.23145,0.0,1018.82495
2007-01-31 00:00:00+00:00,13.178249,65.4208,0.0,1021.7376
2007-02-01 00:00:00+00:00,11.978251,57.961227,0.0,1021.74585
2007-02-02 00:00:00+00:00,12.2699175,60.343388,0.0,1015.84174
2007-02-03 00:00:00+00:00,11.6095,62.17047,3.6000001,1010.5166
2007-02-04 00:00:00+00:00,12.167834,53.730972,0.1,1015.0876
2007-02-05 00:00:00+00:00,12.349083,55.17468,2.1000001,1011.7666
2007-02-06 00:00:00+00:00,10.52825,67.5867,0.0,1016.07074
2007-02-07 00:00:00+00:00,10.886582,63.91727,0.0,1021.42487
2007-02-08 00:00:00+00:00,12.080334,59.525288,0.0,1020.14575
2007-02-09 00:00:00+00:00,12.513667,67.79712,0.70000005,1017.1667
2007-02-10 00:00:00+00:00,13.184499,72.12151,0.0,1016.8708
2007-02-11 00:00:00+00:00,14.747001,64.91902,0.0,1015.6374
2007-02-12 00:00:00+00:00,16.147001,48.24452,0.0,1013.92505
2007-02-13 00:00:00+00:00,15.492833,63.60704,0.0,1016.7126
2007-02-14 00:00:00+00:00,15.619918,56.16791,0.0,1017.5583
2007-02-15 00:00:00+00:00,14.980335,52.836613,0.0,1017.34985
2007-02-16 00:00:00+00:00,13.422001,61.171066,0.0,1017.51666
2007-02-17 00:00:00+00:00,16.586584,42.61516,0.0,1012.53326
2007-02-18 00:00:00+00:00,14.965749,57.550014,0.2,1015.24164
2007-02-19 00:00:00+00:00,15.169919,64.06271,0.0,1019.47925
2007-02-20 00:00:00+00:00,17.155333,51.655125,0.0,1015.91675
2007-02-21 00:00:00+00:00,17.526167,42.805172,0.0,1013.5625
2007-02-22 00:00:00+00:00,15.836583,66.205345,0.0,1014.78754
2007-02-23 00:00:00+00:00,17.942833,46.06818,0.1,1009.1626
2007-02-24 00:00:00+00:00,19.330336,31.711212,0.0,1009.7375
2007-02-25 00:00:00+00:00,17.019915,56.98645,0.1,1014.99585
2007-02-26 00:00:00+00:00,15.242833,67.29195,0.0,1018.10016
2007-02-27 00:00:00+00:00,15.724084,58.43133,0.0,1016.8875
2007-02-28 00:00:00+00:00,16.255333,48.464634,0.0,1013.48334
2007-03-01 00:00:00+00:00,14.544917,56.294895,0.0,1019.70416
2007-03-02 00:00:00+00:00,15.069919,60.428158,0.0,1023.00836
2007-03-03 00:00:00+00:00,17.082417,51.083477,0.0,1020.95825
2007-03-04 00:00:00+00:00,18.363665,45.71854,0.0,1018.7751
2007-03-05 00:00:00+00:00,18.074083,55.776276,0.0,1018.10425
2007-03-06 00:00:00+00:00,16.015749,57.32007,0.0,1020.57086
2007-03-07 00:00:00+00:00,15.547,52.833607,0.0,1016.58746
2007-03-08 00:00:00+00:00,16.1595,57.290848,0.0,1012.46674
2007-03-09 00:00:00+00:00,16.136583,56.684673,0.0,1014.6707
2007-03-10 00:00:00+00:00,20.511583,39.50845,0.0,1012.16675
2007-03-11 00:00:00+00:00,21.7845,27.483072,0.0,1013.87067
2007-03-12 00:00:00+00:00,17.865751,59.68596,0.0,1015.83344
2007-03-13 00:00:00+00:00,16.405333,65.58442,0.0,1013.28754
2007-03-14 00:00:00+00:00,14.367833,58.429474,0.0,1013.35425
2007-03-15 00:00:00+00:00,13.388668,57.477665,0.70000005,1014.9458
2007-03-16 00:00:00+00:00,14.444916,58.444073,0.3,1016.7458
2007-03-17 00:00:00+00:00,14.419918,54.849777,0.0,1017.9917
2007-03-18 00:00:00+00:00,14.4365835,57.063538,0.0,1019.16254
2007-03-19 00:00:00+00:00,16.842833,48.124226,0.0,1014.0
2007-03-20 00:00:00+00:00,20.063665,37.6554,0.0,1009.1792
2007-03-21 00:00:00+00:00,18.001165,52.117702,0.0,1012.97076
2007-03-22 00:00:00+00:00,21.376167,33.464676,0.0,1012.05
2007-03-23 00:00:00+00:00,24.580336,25.786757,0.0,1007.74585
2007-03-24 00:00:00+00:00,17.434502,50.77387,0.0,1017.3958
2007-03-25 00:00:00+00:00,15.9886675,53.575245,0.0,1018.33325
2007-03-26 00:00:00+00:00,15.394916,58.018955,0.0,1015.3543
2007-03-27 00:00:00+00:00,16.069918,55.359066,0.0,1016.33765
2007-03-28 00:00:00+00:00,17.959501,44.241318,0.0,1017.6792
2007-03-29 00:00:00+00:00,19.792833,33.021328,0.0,1016.84174
2007-03-30 00:00:00+00:00,21.1345,27.95302,0.0,1016.51263
2007-03-31 00:00:00+00:00,22.017832,40.44337,0.0,1013.79584
2007-04-01 00:00:00+00:00,17.776167,62.82909,0.0,1017.6082
2007-04-02 00:00:00+00:00,16.89075,57.59889,0.0,1017.0833
2007-04-03 00:00:00+00:00,16.949083,52.952457,0.0,1013.59576
2007-04-04 00:00:00+00:00,19.001167,40.9588,0.0,1012.0208
2007-04-05 00:00:00+00:00,24.901167,29.743172,0.0,1010.52094
2007-04-06 00:00:00+00:00,22.290749,42.971893,0.0,1013.00433
2007-04-07 00:00:00+00:00,26.011587,36.2511,0.0,1008.10004
2007-04-08 00:00:00+00:00,18.91575,55.55495,0.0,1013.72925
2007-04-09 00:00:00+00:00,17.794916,56.201427,0.0,1012.9585
2007-04-10 00:00:00+00:00,17.40325,58.150585,0.0,1013.125
2007-04-11 00:00:00+00:00,17.722,57.637478,0.0,1013.59595
2007-04-12 00:00:00+00:00,17.00117,59.33064,0.8,1012.64996
2007-04-13 00:00:00+00:00,16.005331,65.03494,0.5,1014.75824
2007-04-14 00:00:00+00:00,17.7845,62.767563,0.0,1016.6792
2007-04-15 00:00:00+00:00,18.240751,56.214977,0.0,1016.3918
2007-04-16 00:00:00+00:00,21.113667,40.875,0.0,1015.3374
2007-04-17 00:00:00+00:00,24.96992,34.0367,0.0,1008.8332
2007-04-18 00:00:00+00:00,19.697,56.752686,0.0,1014.5417
2007-04-19 00:00:00+00:00,18.905333,51.471405,0.0,1016.6667
2007-04-20 00:00:00+00:00,18.753248,45.636517,0.0,1017.50433
2007-04-21 00:00:00+00:00,21.349083,35.89895,0.0,1016.425
2007-04-22 00:00:00+00:00,27.471998,24.639875,0.0,1009.41675
2007-04-23 00:00:00+00:00,23.092834,47.10819,0.0,1009.80853
2007-04-24 00:00:00+00:00,20.717834,55.246525,0.0,1011.7
2007-04-25 00:00:00+00:00,19.34492,48.15417,0.0,1011.72504
2007-04-26 00:00:00+00:00,19.401167,53.435394,0.0,1011.93744
2007-04-27 00:00:00+00:00,22.119917,43.66539,0.0,1013.55005
2007-04-28 00:00:00+00:00,22.813667,43.17703,0.0,1011.70825
2007-04-29 00:00:00+00:00,20.557417,52.470417,0.0,1012.11664
2007-04-30 00:00:00+00:00,19.578249,47.5445,0.0,1014.32086
2007-05-01 00:00:00+00:00,21.60742,40.147068,0.0,1014.46246
2007-05-02 00:00:00+00:00,28.692833,26.340714,0.0,1011.0124
2007-05-03 00:00:00+00:00,29.188667,31.535332,0.0,1007.42096
2007-05-04 00:00:00+00:00,23.122,51.502457,0.0,1010.99994
2007-05-05 00:00:00+00:00,23.324081,48.156616,0.0,1011.04584
2007-05-06 00:00:00+00:00,24.692835,46.59955,0.0,1010.0168
2007-05-07 00:00:00+00:00,26.505331,46.790356,0.0,1009.8625
2007-05-08 00:00:00+00:00,29.209497,35.917522,0.0,1009.68756
2007-05-09 00:00:00+00:00,25.572,44.176758,0.0,1008.87494
2007-05-10 00:00:00+00:00,26.744917,46.068768,0.0,1004.7917
2007-05-11 00:00:00+00:00,21.372,69.89752,2.9,1007.7832
2007-05-12 00:00:00+00:00,22.557419,61.564144,0.5,1010.0208
2007-05-13 00:00:00+00:00,22.844917,46.6606,0.0,1012.2793
2007-05-14 00:00:00+00:00,23.974083,42.89654,0.0,1011.3293
2007-05-15 00:00:00+00:00,25.024084,41.28784,0.0,1008.9917
2007-05-16 00:00:00+00:00,23.836584,52.09346,0.0,1009.87494
2007-05-17 00:00:00+00:00,24.169916,54.138123,0.0,1010.9375
2007-05-18 00:00:00+00:00,25.376165,46.245144,0.0,1011.2666
2007-05-19 00:00:00+00:00,30.50325,26.350351,0.0,1009.7251
2007-05-20 00:00:00+00:00,25.50325,48.695797,0.0,1014.53754
2007-05-21 00:00:00+00:00,23.963669,49.801083,0.0,1013.4043
2007-05-22 00:00:00+00:00,23.380331,47.67926,0.0,1010.7832
2007-05-23 00:00:00+00:00,25.622002,36.215084,0.0,1007.82916
2007-05-24 00:00:00+00:00,25.747002,43.70311,0.0,1008.3044
2007-05-25 00:00:00+00:00,24.499079,52.159348,0.0,1011.25
2007-05-26 00:00:00+00:00,27.963667,39.321815,0.0,1009.19977
2007-05-27 00:00:00+00:00,25.272001,54.551315,0.0,1011.55005
2007-05-28 00:00:00+00:00,26.91575,44.70846,0.0,1011.23737
2007-05-29 00:00:00+00:00,31.097002,33.190437,0.0,1005.81683
2007-05-30 00:00:00+00:00,25.149084,57.2913,0.0,1010.29584
2007-05-31 00:00:00+00:00,25.224083,52.22212,0.0,1013.554
2007-06-01 00:00:00+00:00,24.661583,49.76622,0.0,1013.6582
2007-06-02 00:00:00+00:00,24.115751,47.54588,0.0,1013.1042
2007-06-03 00:00:00+00:00,25.501165,47.021683,0.0,1012.8333
2007-06-04 00:00:00+00:00,26.482414,43.399002,0.0,1011.92914
2007-06-05 00:00:00+00:00,29.349081,31.588312,0.0,1009.1501
2007-06-06 00:00:00+00:00,26.959503,42.922245,0.0,1009.2959
2007-06-07 00:00:00+00:00,24.130327,55.340313,0.0,1011.71246
2007-06-08 00:00:00+00:00,24.4095,54.860455,0.0,1011.08746
2007-06-09 00:00:00+00:00,27.372002,43.77528,0.0,1010.73755
2007-06-10 00:00:00+00:00,30.942835,30.622831,0.0,1008.72504
2007-06-11 00:00:00+00:00,25.867836,54.25528,0.0,1010.7165
2007-06-12 00:00:00+00:00,25.11992,49.77097,0.0,1010.30005
2007-06-13 00:00:00+00:00,25.290749,49.53421,0.0,1010.2083
2007-06-14 00:00:00+00:00,25.444916,49.789978,0.0,1010.31665
2007-06-15 00:00:00+00:00,25.280334,53.29378,0.0,1009.7793
2007-06-16 00:00:00+00:00,25.988668,53.106476,0.0,1009.22925
2007-06-17 00:00:00+00:00,26.826164,52.614582,0.0,1009.08344
2007-06-18 00:00:00+00:00,27.4345,54.504025,0.0,1007.69586
2007-06-19 00:00:00+00:00,28.309502,55.793457,0.0,1006.85815
2007-06-20 00:00:00+00:00,29.00325,53.596043,0.0,1006.5332
2007-06-21 00:00:00+00:00,28.761587,50.28452,0.0,1005.97906
2007-06-22 00:00:00+00:00,28.8095,44.61124,0.0,1006.94586
2007-06-23 00:00:00+00:00,28.492834,45.70471,0.0,1008.1125
2007-06-24 00:00:00+00:00,29.605337,40.57777,0.0,1009.05
2007-06-25 00:00:00+00:00,31.001165,46.24676,0.0,1006.1167
2007-06-26 00:00:00+00:00,31.080338,45.888927,0.0,1003.6499
2007-06-27 00:00:00+00:00,31.409502,44.585163,0.0,1004.2375
2007-06-28 00:00:00+00:00,31.390747,45.41051,0.0,1006.04584
2007-06-29 00:00:00+00:00,31.161581,43.46764,0.0,1007.4292
2007-06-30 00:00:00+00:00,29.517832,47.13232,0.0,1008.54175
2007-07-01 00:00:00+00:00,27.824083,46.792263,0.0,1008.79565
2007-07-02 00:00:00+00:00,27.230333,57.0974,0.0,1008.3874
2007-07-03 00:00:00+00:00,28.26784,55.20991,0.0,1008.43317
2007-07-04 00:00:00+00:00,27.526163,50.238785,0.0,1008.18744
2007-07-05 00:00:00+00:00,27.557417,49.36241,0.0,1007.4792
2007-07-06 00:00:00+00:00,28.436586,50.110683,0.0,1007.40424
2007-07-07 00:00:00+00:00,28.211584,53.757427,0.0,1009.40826
2007-07-08 00:00:00+00:00,27.761581,55.305485,0.0,1009.15015
2007-07-09 00:00:00+00:00,28.449081,52.440155,0.0,1007.05005
2007-07-10 00:00:00+00:00,28.401161,53.70108,0.0,1006.404
2007-07-11 00:00:00+00:00,28.71575,49.636185,0.0,1007.4792
2007-07-12 00:00:00+00:00,28.324081,49.10573,0.0,1008.5791
2007-07-13 00:00:00+00:00,27.182413,57.58548,0.0,1009.09576
2007-07-14 00:00:00+00:00,27.032415,56.70705,0.0,1009.48755
2007-07-15 00:00:00+00:00,27.365751,58.751232,0.0,1009.8249
2007-07-16 00:00:00+00:00,28.121996,55.856567,0.0,1009.7583
2007-07-17 00:00:00+00:00,27.907417,52.849552,0.0,1008.66254
2007-07-18 00:00:00+00:00,28.317833,51.210278,0.0,1008.4875
2007-07-19 00:00:00+00:00,28.836584,50.496197,0.0,1008.5667
2007-07-20 00:00:00+00:00,29.572004,47.80074,0.0,1008.7874
2007-07-21 00:00:00+00:00,29.542831,46.23646,0.0,1008.57086
2007-07-22 00:00:00+00:00,29.051165,52.016006,0.0,1007.0833
2007-07-23 00:00:00+00:00,29.332418,52.900005,0.0,1005.7083
2007-07-24 00:00:00+00:00,29.805334,54.236416,0.0,1004.8293
2007-07-25 00:00:00+00:00,30.169914,56.53355,0.0,1003.5041
2007-07-26 00:00:00+00:00,31.349081,53.046734,0.0,1004.6335
2007-07-27 00:00:00+00:00,32.538662,47.1467,0.0,1005.2541
2007-07-28 00:00:00+00:00,31.007418,57.312435,0.0,1004.55414
2007-07-29 00:00:00+00:00,30.782412,53.969532,0.0,1003.5083
2007-07-30 00:00:00+00:00,30.526167,53.619766,0.0,1003.00415
2007-07-31 00:00:00+00:00,29.59492,53.664555,0.0,1006.14984
2007-08-01 00:00:00+00:00,29.376167,51.40424,0.0,1007.83325
2007-08-02 00:00:00+00:00,29.490751,54.83434,0.0,1008.3918
2007-08-03 00:00:00+00:00,29.049086,54.944714,0.0,1009.9417
2007-08-04 00:00:00+00:00,27.167833,57.272507,0.0,1008.0417
2007-08-05 00:00:00+00:00,27.180336,53.895306,0.0,1006.20416
2007-08-06 00:00:00+00:00,28.080332,54.117672,0.0,1007.7376
2007-08-07 00:00:00+00:00,28.446999,55.967495,0.0,1009.59595
2007-08-08 00:00:00+00:00,27.319916,54.951767,0.0,1009.29156
2007-08-09 00:00:00+00:00,27.307417,54.091503,0.0,1007.8125
2007-08-10 00:00:00+00:00,28.113668,55.59479,0.0,1007.68756
2007-08-11 00:00:00+00:00,28.794916,53.042114,0.0,1008.38745
2007-08-12 00:00:00+00:00,28.199081,60.611195,0.0,1008.5042
2007-08-13 00:00:00+00:00,27.663668,58.58173,0.0,1008.1167
2007-08-14 00:00:00+00:00,27.292833,55.173946,0.0,1006.73346
2007-08-15 00:00:00+00:00,27.921999,55.337055,0.0,1006.12085
2007-08-16 00:00:00+00:00,28.363665,52.81386,0.0,1007.50836
2007-08-17 00:00:00+00:00,28.244919,56.68836,0.0,1008.9124
2007-08-18 00:00:00+00:00,28.132416,58.44298,0.0,1007.14594
2007-08-19 00:00:00+00:00,28.842829,48.97553,0.0,1006.5916
2007-08-20 00:00:00+00:00,28.024086,53.440647,0.0,1008.03754
2007-08-21 00:00:00+00:00,28.317833,54.743237,0.0,1010.0625
2007-08-22 00:00:00+00:00,28.62825,54.915966,0.0,1008.7749
2007-08-23 00:00:00+00:00,29.844917,52.340378,0.0,1006.8543
2007-08-24 00:00:00+00:00,30.724081,53.26184,0.0,1006.8625
2007-08-25 00:00:00+00:00,31.05533,49.868267,0.0,1008.32495
2007-08-26 00:00:00+00:00,30.209501,52.477875,0.0,1008.20416
2007-08-27 00:00:00+00:00,29.534498,54.266586,0.0,1007.1667
2007-08-28 00:00:00+00:00,29.538666,56.580128,0.0,1007.9626
2007-08-29 00:00:00+00:00,29.178251,59.923355,0.0,1009.55835
2007-08-30 00:00:00+00:00,28.155329,59.950428,0.0,1009.47504
2007-08-31 00:00:00+00:00,28.188667,55.13446,0.0,1008.0999
2007-09-01 00:00:00+00:00,29.305334,56.301647,0.0,1007.3167
2007-09-02 00:00:00+00:00,29.274084,58.49341,0.0,1007.7708
2007-09-03 00:00:00+00:00,28.924088,60.474834,0.0,1008.87494
2007-09-04 00:00:00+00:00,28.494917,60.872303,0.0,1010.33344
2007-09-05 00:00:00+00:00,27.447,57.913013,0.0,1011.6458
2007-09-06 00:00:00+00:00,27.33033,54.042355,0.0,1012.82916
2007-09-07 00:00:00+00:00,29.228254,53.873825,0.0,1010.83765
2007-09-08 00:00:00+00:00,27.203249,50.694088,0.0,1010.97504
2007-09-09 00:00:00+00:00,26.482416,53.696854,0.0,1011.2251
2007-09-10 00:00:00+00:00,25.836584,52.730545,0.0,1012.5042
2007-09-11 00:00:00+00:00,25.155333,51.402958,0.0,1012.8542
2007-09-12 00:00:00+00:00,25.313667,51.958363,0.0,1012.57495
2007-09-13 00:00:00+00:00,25.290747,53.49354,0.0,1011.5457
2007-09-14 00:00:00+00:00,26.182417,55.772095,0.0,1011.3127
2007-09-15 00:00:00+00:00,25.819916,57.025345,0.0,1012.0999
2007-09-16 00:00:00+00:00,25.515749,56.94208,0.0,1012.35004
2007-09-17 00:00:00+00:00,25.755335,56.81319,0.0,1011.36237
2007-09-18 00:00:00+00:00,26.174082,57.321014,0.0,1011.3125
2007-09-19 00:00:00+00:00,25.62825,57.733433,0.0,1012.03754
2007-09-20 00:00:00+00:00,25.886583,54.14648,0.0,1012.74164
2007-09-21 00:00:00+00:00,26.336584,54.040363,0.0,1012.825
2007-09-22 00:00:00+00:00,26.399084,55.813793,0.0,1013.18756
2007-09-23 00:00:00+00:00,25.36783,60.636295,0.0,1014.0376
2007-09-24 00:00:00+00:00,24.369919,55.698578,0.0,1013.86676
2007-09-25 00:00:00+00:00,24.459501,57.234592,0.0,1013.57513
2007-09-26 00:00:00+00:00,25.007416,55.549206,0.0,1014.3208
2007-09-27 00:00:00+00:00,25.082418,59.648388,0.0,1013.896
2007-09-28 00:00:00+00:00,25.163666,54.705868,0.0,1014.93335
2007-09-29 00:00:00+00:00,25.411581,62.54746,0.0,1014.12494
2007-09-30 00:00:00+00:00,26.415749,59.811035,0.0,1012.4001
2007-10-01 00:00:00+00:00,25.7595,61.27628,0.0,1011.825
2007-10-02 00:00:00+00:00,25.051168,58.928387,0.0,1011.7668
2007-10-03 00:00:00+00:00,25.936584,52.286377,0.0,1013.23755
2007-10-04 00:00:00+00:00,25.6595,52.458984,0.0,1015.21674
2007-10-05 00:00:00+00:00,24.744917,60.856323,0.0,1015.49994
2007-10-06 00:00:00+00:00,24.286583,60.72391,0.0,1014.7708
2007-10-07 00:00:00+00:00,24.234503,61.146255,0.0,1014.38336
2007-10-08 00:00:00+00:00,24.888664,63.76071,0.0,1014.3166
2007-10-09 00:00:00+00:00,25.10325,62.137997,0.0,1014.0002
2007-10-10 00:00:00+00:00,24.48242,55.694164,0.0,1014.22925
2007-10-11 00:00:00+00:00,24.992834,54.502476,0.0,1014.6834
2007-10-12 00:00:00+00:00,24.240751,62.583538,0.0,1014.9875
2007-10-13 00:00:00+00:00,24.232416,63.202457,0.0,1014.5791
2007-10-14 00:00:00+00:00,24.063665,58.956066,0.0,1014.1665
2007-10-15 00:00:00+00:00,24.476168,57.844944,0.0,1015.1333
2007-10-16 00:00:00+00:00,24.10325,56.357548,0.0,1016.4209
2007-10-17 00:00:00+00:00,23.613668,55.633068,0.0,1014.325
2007-10-18 00:00:00+00:00,24.396997,55.85145,0.0,1012.35425
2007-10-19 00:00:00+00:00,23.632418,58.77244,0.0,1014.24567
2007-10-20 00:00:00+00:00,23.724085,55.447628,0.0,1016.0334
2007-10-21 00:00:00+00:00,25.586584,48.396072,0.0,1016.0168
2007-10-22 00:00:00+00:00,27.12825,30.969122,0.0,1014.0501
2007-10-23 00:00:00+00:00,26.534502,46.240295,0.0,1013.6292
2007-10-24 00:00:00+00:00,24.313665,64.05814,0.0,1016.30426
2007-10-25 00:00:00+00:00,22.524084,61.18394,0.0,1019.41254
2007-10-26 00:00:00+00:00,22.369919,61.53169,0.0,1019.98334
2007-10-27 00:00:00+00:00,22.713667,62.470917,0.0,1019.53754
2007-10-28 00:00:00+00:00,22.634499,59.678722,0.0,1018.92487
2007-10-29 00:00:00+00:00,23.015749,61.298557,0.0,1017.75836
2007-10-30 00:00:00+00:00,23.849083,61.419666,0.0,1017.58344
2007-10-31 00:00:00+00:00,23.740753,60.594227,0.0,1020.1541
2007-11-01 00:00:00+00:00,24.369919,51.69343,0.0,1020.95416
2007-11-02 00:00:00+00:00,24.374083,55.25504,0.0,1018.7459
2007-11-03 00:00:00+00:00,24.640753,49.985973,0.0,1015.76245
2007-11-04 00:00:00+00:00,25.615751,33.723003,0.0,1014.9041
2007-11-05 00:00:00+00:00,26.2595,26.424616,0.0,1014.1167
2007-11-06 00:00:00+00:00,25.788668,35.389526,0.0,1012.0042
2007-11-07 00:00:00+00:00,21.074083,57.29152,0.0,1016.575
2007-11-08 00:00:00+00:00,19.32825,49.845276,0.0,1018.8127
2007-11-09 00:00:00+00:00,19.819918,55.872364,0.0,1018.96674
2007-11-10 00:00:00+00:00,19.557417,60.562225,0.0,1016.7832
2007-11-11 00:00:00+00:00,18.719917,55.817905,0.0,1017.0041
2007-11-12 00:00:00+00:00,17.774086,54.97614,0.0,1019.06665
2007-11-13 00:00:00+00:00,17.867834,52.7204,0.0,1018.2375
2007-11-14 00:00:00+00:00,18.451166,53.4234,0.0,1016.73334
2007-11-15 00:00:00+00:00,18.992834,64.48046,0.0,1016.5833
2007-11-16 00:00:00+00:00,19.926168,68.38,0.0,1018.61255
2007-11-17 00:00:00+00:00,19.222,68.54526,0.0,1016.2708
2007-11-18 00:00:00+00:00,20.049082,54.54404,0.0,1013.4666
2007-11-19 00:00:00+00:00,18.7595,55.448154,0.0,1016.2917
2007-11-20 00:00:00+00:00,17.194916,46.100384,0.0,1018.0125
2007-11-21 00:00:00+00:00,16.51575,60.15185,0.0,1019.04987
2007-11-22 00:00:00+00:00,17.02825,64.06388,0.0,1020.925
2007-11-23 00:00:00+00:00,17.328253,59.673946,0.0,1023.28754
2007-11-24 00:00:00+00:00,17.367836,53.341812,0.0,1022.6584
2007-11-25 00:00:00+00:00,16.897001,58.298077,0.0,1022.2751
2007-11-26 00:00:00+00:00,16.794916,59.894943,0.0,1022.2583
2007-11-27 00:00:00+00:00,16.772,60.57503,0.0,1020.27496
2007-11-28 00:00:00+00:00,17.299084,62.503723,0.0,1016.9875
2007-11-29 00:00:00+00:00,17.667833,59.656326,0.0,1015.3501
2007-11-30 00:00:00+00:00,18.042835,43.037563,0.0,1014.8208
2007-12-01 00:00:00+00:00,18.31575,50.95857,0.0,1015.24585
2007-12-02 00:00:00+00:00,17.751165,64.47471,0.0,1018.49164
2007-12-03 00:00:00+00:00,16.697,65.08346,0.0,1018.89594
2007-12-04 00:00:00+00:00,18.049082,63.21001,0.0,1016.6875
2007-12-05 00:00:00+00:00,17.205332,54.55135,0.0,1014.49994
2007-12-06 00:00:00+00:00,15.059499,49.191956,0.0,1014.8418
2007-12-07 00:00:00+00:00,14.369919,43.88905,0.0,1018.554
2007-12-08 00:00:00+00:00,13.85325,45.25214,0.0,1019.9375
2007-12-09 00:00:00+00:00,13.682416,52.93868,0.0,1020.6958
2007-12-10 00:00:00+00:00,14.797,48.783894,0.0,1021.05835
2007-12-11 00:00:00+00:00,15.286582,45.536945,0.0,1020.79596
2007-12-12 00:00:00+00:00,15.840749,41.91241,0.0,1018.4709
2007-12-13 00:00:00+00:00,14.538667,44.491077,0.0,1015.36255
2007-12-14 00:00:00+00:00,13.897002,52.48872,0.0,1015.64575
2007-12-15 00:00:00+00:00,13.1240835,50.141766,0.0,1018.6626
2007-12-16 00:00:00+00:00,13.917834,53.860302,0.0,1021.12067
2007-12-17 00:00:00+00:00,14.780334,62.18657,0.0,1022.71265
2007-12-18 00:00:00+00:00,15.257416,61.630432,0.0,1021.82916
2007-12-19 00:00:00+00:00,14.719916,66.82906,0.0,1022.0417
2007-12-20 00:00:00+00:00,13.232417,69.400764,0.3,1020.3167
2007-12-21 00:00:00+00:00,14.653252,67.34735,0.0,1022.7542
2007-12-22 00:00:00+00:00,14.292832,72.059364,0.0,1026.4
2007-12-23 00:00:00+00:00,14.084499,61.48988,0.0,1026.4374
2007-12-24 00:00:00+00:00,13.499084,62.893528,0.0,1025.0792
2007-12-25 00:00:00+00:00,14.163669,61.186874,0.0,1024.1251
2007-12-26 00:00:00+00:00,14.819916,67.1214,0.0,1024.2292
2007-12-27 00:00:00+00:00,15.9053335,54.940464,0.0,1020.88745
2007-12-28 00:00:00+00:00,15.330334,54.21289,0.0,1018.3916
2007-12-29 00:00:00+00:00,15.197001,69.08341,0.0,1018.4124
2007-12-30 00:00:00+00:00,13.638667,61.950226,0.0,1017.58344
2007-12-31 00:00:00+00:00,13.282416,49.72279,0.0,1015.2249
2008-01-01 00:00:00+00:00,13.561584,46.023464,0.0,1013.69995
2008-01-02 00:00:00+00:00,13.2095,51.539387,0.0,1017.05835
2008-01-03 00:00:00+00:00,13.028251,61.31459,0.0,1019.7668
2008-01-04 00:00:00+00:00,13.242833,68.36287,0.0,1023.9917
2008-01-05 00:00:00+00:00,13.307416,66.74708,0.0,1026.35
2008-01-06 00:00:00+00:00,12.907416,61.484447,0.0,1025.921
2008-01-07 00:00:00+00:00,12.401166,63.717777,0.0,1022.88336
2008-01-08 00:00:00+00:00,14.824084,59.014355,0.0,1020.4207
2008-01-09 00:00:00+00:00,14.30325,71.766136,0.3,1017.3708
2008-01-10 00:00:00+00:00,13.3115835,70.25893,0.0,1017.0374
2008-01-11 00:00:00+00:00,11.715751,58.443146,0.0,1022.0501
2008-01-12 00:00:00+00:00,10.871999,54.186584,0.0,1022.4709
2008-01-13 00:00:00+00:00,10.7845,56.55089,0.0,1024.0583
2008-01-14 00:00:00+00:00,10.738667,54.78473,0.0,1025.5751
2008-01-15 00:00:00+00:00,10.313667,55.946056,0.0,1025.8083
2008-01-16 00:00:00+00:00,11.042834,52.640717,0.0,1024.3666
2008-01-17 00:00:00+00:00,12.167834,43.120407,0.0,1021.47076
2008-01-18 00:00:00+00:00,11.684501,42.317837,0.0,1017.1001
2008-01-19 00:00:00+00:00,10.79075,38.017296,0.0,1017.11664
2008-01-20 00:00:00+00:00,12.949082,52.77374,0.0,1019.19586
2008-01-21 00:00:00+00:00,13.126168,57.61342,0.0,1018.06665
2008-01-22 00:00:00+00:00,11.457417,71.59954,0.2,1014.67096
2008-01-23 00:00:00+00:00,13.040751,65.6029,0.0,1017.52484
2008-01-24 00:00:00+00:00,13.415749,56.9093,0.0,1019.32513
2008-01-25 00:00:00+00:00,11.861583,68.58652,0.0,1015.9207
2008-01-26 00:00:00+00:00,12.438667,72.08836,0.0,1016.1374
2008-01-27 00:00:00+00:00,12.8324175,62.247177,0.0,1020.18756
2008-01-28 00:00:00+00:00,12.9595,55.982914,0.0,1017.00836
2008-01-29 00:00:00+00:00,11.213668,54.152637,0.7,1014.4626
2008-01-30 00:00:00+00:00,10.3740835,51.604244,0.0,1020.6875
2008-01-31 00:00:00+00:00,11.097001,49.130188,0.0,1025.1918
2008-02-01 00:00:00+00:00,12.051167,57.01309,0.0,1027.0542
2008-02-02 00:00:00+00:00,12.934499,57.665787,0.0,1025.9375
2008-02-03 00:00:00+00:00,13.499084,62.939526,0.0,1025.1542
2008-02-04 00:00:00+00:00,14.099083,59.689526,0.0,1021.9209
2008-02-05 00:00:00+00:00,14.805335,60.575104,0.0,1019.07916
2008-02-06 00:00:00+00:00,14.376167,67.066864,0.0,1017.9458
2008-02-07 00:00:00+00:00,14.111585,61.46506,0.0,1017.55
2008-02-08 00:00:00+00:00,13.278248,58.70163,0.0,1018.8625
2008-02-09 00:00:00+00:00,14.307418,48.498154,0.0,1019.7666
2008-02-10 00:00:00+00:00,14.386582,47.731625,0.0,1018.05005
2008-02-11 00:00:00+00:00,14.821999,45.68526,0.0,1017.34576
2008-02-12 00:00:00+00:00,13.8115835,66.47477,0.0,1021.74176
2008-02-13 00:00:00+00:00,12.944919,64.86789,0.0,1023.57086
2008-02-14 00:00:00+00:00,11.651168,60.83611,0.8,1022.1501
2008-02-15 00:00:00+00:00,12.417832,56.00204,0.0,1024.3959
2008-02-16 00:00:00+00:00,12.511584,56.85004,0.0,1020.91656
2008-02-17 00:00:00+00:00,13.917834,40.21059,0.0,1015.1958
2008-02-18 00:00:00+00:00,9.357417,63.472565,0.1,1019.92084
2008-02-19 00:00:00+00:00,9.163668,56.584187,0.0,1028.0292
2008-02-20 00:00:00+00:00,11.084499,59.22584,0.0,1031.6124
2008-02-21 00:00:00+00:00,12.090751,59.598904,0.0,1029.5792
2008-02-22 00:00:00+00:00,13.297002,66.80198,0.0,1025.1959
2008-02-23 00:00:00+00:00,14.559502,67.6309,0.0,1020.4334
2008-02-24 00:00:00+00:00,14.505333,67.09825,0.0,1017.27924
2008-02-25 00:00:00+00:00,13.130333,66.49834,0.2,1015.46234
2008-02-26 00:00:00+00:00,14.163669,53.00035,0.0,1020.61664
2008-02-27 00:00:00+00:00,14.4574175,54.78554,0.0,1023.4458
2008-02-28 00:00:00+00:00,16.332417,57.008907,0.0,1021.92084
2008-02-29 00:00:00+00:00,16.115751,66.19847,0.0,1020.01263
2008-03-01 00:00:00+00:00,15.6595,61.735764,0.0,1018.35834
2008-03-02 00:00:00+00:00,15.578248,58.807148,0.0,1018.5874
2008-03-03 00:00:00+00:00,16.240751,58.376804,0.0,1019.7498
2008-03-04 00:00:00+00:00,16.751167,53.209152,0.0,1019.25397
2008-03-05 00:00:00+00:00,18.834501,44.75397,0.0,1014.61664
2008-03-06 00:00:00+00:00,21.011583,38.952557,0.0,1014.33344
2008-03-07 00:00:00+00:00,24.569914,21.014101,0.0,1012.74994
2008-03-08 00:00:00+00:00,22.622002,35.38245,0.0,1012.55414
2008-03-09 00:00:00+00:00,20.051165,67.93031,0.0,1011.75415
2008-03-10 00:00:00+00:00,17.872,57.393856,0.0,1015.67487
2008-03-11 00:00:00+00:00,17.230333,48.37823,0.0,1017.4749
2008-03-12 00:00:00+00:00,17.696999,34.43947,0.0,1013.0666
2008-03-13 00:00:00+00:00,16.397003,58.04042,0.0,1013.55005
2008-03-14 00:00:00+00:00,17.142834,57.803234,0.0,1016.7376
2008-03-15 00:00:00+00:00,16.751167,55.92354,0.0,1019.04584
2008-03-16 00:00:00+00:00,16.599085,48.249004,0.0,1016.675
2008-03-17 00:00:00+00:00,17.655334,59.684982,0.0,1013.34595
2008-03-18 00:00:00+00:00,17.946999,53.3284,0.0,1014.0876
2008-03-19 00:00:00+00:00,21.188665,39.1377,0.0,1015.34155
2008-03-20 00:00:00+00:00,22.144918,39.7459,0.0,1014.9041
2008-03-21 00:00:00+00:00,25.901167,22.191298,0.0,1010.66675
2008-03-22 00:00:00+00:00,27.988668,16.072916,0.0,1009.3416
2008-03-23 00:00:00+00:00,28.432419,13.25813,0.0,1009.1333
2008-03-24 00:00:00+00:00,28.315748,17.252012,0.0,1008.8127
2008-03-25 00:00:00+00:00,24.015747,36.059616,0.0,1009.50006
2008-03-26 00:00:00+00:00,17.986586,55.73686,0.0,1012.84576
2008-03-27 00:00:00+00:00,17.888664,51.996296,0.0,1011.23755
2008-03-28 00:00:00+00:00,22.151167,34.232098,0.0,1005.81683
2008-03-29 00:00:00+00:00,19.890749,41.490013,0.0,1007.9583
2008-03-30 00:00:00+00:00,17.386585,52.061,0.0,1012.0251
2008-03-31 00:00:00+00:00,16.6595,58.638596,0.0,1013.91254
2008-04-01 00:00:00+00:00,16.822,53.176697,0.0,1016.0
2008-04-02 00:00:00+00:00,18.130335,47.163067,0.0,1015.47076
2008-04-03 00:00:00+00:00,18.76367,50.45973,0.0,1013.5041
2008-04-04 00:00:00+00:00,18.369917,50.97375,0.0,1015.55817
2008-04-05 00:00:00+00:00,21.022,38.981693,0.0,1010.20825
2008-04-06 00:00:00+00:00,21.180334,45.32378,0.0,1009.99585
2008-04-07 00:00:00+00:00,17.653248,53.234146,0.0,1017.43744
2008-04-08 00:00:00+00:00,17.438667,51.478146,0.0,1017.40826
2008-04-09 00:00:00+00:00,19.053251,41.46232,0.0,1014.4749
2008-04-10 00:00:00+00:00,22.30533,35.56513,0.0,1009.63324
2008-04-11 00:00:00+00:00,20.526167,58.311752,0.0,1015.0125
2008-04-12 00:00:00+00:00,21.2595,52.052303,0.0,1017.0083
2008-04-13 00:00:00+00:00,22.974081,47.944447,0.0,1015.0957
2008-04-14 00:00:00+00:00,26.317833,43.603683,0.0,1010.521
2008-04-15 00:00:00+00:00,25.826166,49.021133,0.0,1011.09576
2008-04-16 00:00:00+00:00,20.113668,59.006,0.0,1017.25
2008-04-17 00:00:00+00:00,19.113668,51.627975,0.0,1018.95844
2008-04-18 00:00:00+00:00,21.492834,45.649918,0.0,1014.7126
2008-04-19 00:00:00+00:00,23.692833,46.237457,0.0,1013.55414
2008-04-20 00:00:00+00:00,22.313665,51.54895,0.0,1015.1375
2008-04-21 00:00:00+00:00,26.740747,30.333792,0.0,1013.66254
2008-04-22 00:00:00+00:00,30.632416,19.76299,0.0,1011.56647
2008-04-23 00:00:00+00:00,32.36158,15.232281,0.0,1009.4792
2008-04-24 00:00:00+00:00,26.186586,39.63252,0.0,1009.6541
2008-04-25 00:00:00+00:00,22.984499,51.51805,0.0,1010.36676
2008-04-26 00:00:00+00:00,20.753252,57.478695,0.0,1012.71246
2008-04-27 00:00:00+00:00,20.540754,52.59286,0.0,1015.325
2008-04-28 00:00:00+00:00,21.794916,44.702908,0.0,1012.42084
2008-04-29 00:00:00+00:00,19.517836,52.177845,0.0,1013.06665
2008-04-30 00:00:00+00:00,19.734505,48.77408,0.0,1016.6873
2008-05-01 00:00:00+00:00,20.726168,46.040424,0.0,1018.0291
2008-05-02 00:00:00+00:00,22.155334,37.805256,0.0,1015.1292
2008-05-03 00:00:00+00:00,23.599083,32.898,0.0,1011.5083
2008-05-04 00:00:00+00:00,25.261583,31.0614,0.0,1010.125
2008-05-05 00:00:00+00:00,26.765747,30.7472,0.0,1009.9582
2008-05-06 00:00:00+00:00,22.107416,51.770508,0.0,1013.7375
2008-05-07 00:00:00+00:00,21.85325,48.363277,0.0,1012.5417
2008-05-08 00:00:00+00:00,22.713667,44.402756,0.0,1010.15814
2008-05-09 00:00:00+00:00,20.784502,52.44164,0.0,1013.1709
2008-05-10 00:00:00+00:00,21.588667,44.351395,0.0,1014.64575
2008-05-11 00:00:00+00:00,24.538668,34.724644,0.0,1012.1584
2008-05-12 00:00:00+00:00,29.094917,30.537453,0.0,1009.0666
2008-05-13 00:00:00+00:00,25.013664,44.301193,0.0,1012.92914
2008-05-14 00:00:00+00:00,29.022003,28.954435,0.0,1011.36237
2008-05-15 00:00:00+00:00,23.930334,47.969257,0.0,1013.3667
2008-05-16 00:00:00+00:00,22.14492,55.556103,0.0,1014.55414
2008-05-17 00:00:00+00:00,22.011581,54.993603,0.0,1014.3833
2008-05-18 00:00:00+00:00,23.35325,49.647724,0.0,1013.16675
2008-05-19 00:00:00+00:00,25.084501,37.11641,0.0,1012.50836
2008-05-20 00:00:00+00:00,26.39283,31.16525,0.0,1012.56665
2008-05-21 00:00:00+00:00,28.071999,25.897385,0.0,1011.4665
2008-05-22 00:00:00+00:00,27.717833,32.969433,0.0,1012.1541
2008-05-23 00:00:00+00:00,25.33242,45.417297,0.0,1012.95
2008-05-24 00:00:00+00:00,25.355331,44.524006,0.0,1013.66675
2008-05-25 00:00:00+00:00,25.084497,45.482006,0.0,1013.44995
2008-05-26 00:00:00+00:00,24.224085,51.884323,0.0,1012.5417
2008-05-27 00:00:00+00:00,24.788666,49.567608,0.0,1011.7793
2008-05-28 00:00:00+00:00,25.65325,41.921494,0.0,1011.76245
2008-05-29 00:00:00+00:00,26.426168,37.979866,0.0,1010.0041
2008-05-30 00:00:00+00:00,26.655336,42.68129,0.0,1010.2751
2008-05-31 00:00:00+00:00,27.615747,49.82195,0.0,1010.7249
2008-06-01 00:00:00+00:00,27.455336,48.28311,0.0,1010.02924
2008-06-02 00:00:00+00:00,28.551165,39.104,0.0,1008.50415
2008-06-03 00:00:00+00:00,26.736582,49.707504,0.0,1010.52075
2008-06-04 00:00:00+00:00,29.553247,38.982143,0.0,1012.16254
2008-06-05 00:00:00+00:00,30.91575,37.37071,0.0,1011.2834
2008-06-06 00:00:00+00:00,26.524084,50.651676,0.0,1012.02075
2008-06-07 00:00:00+00:00,27.651163,42.89439,0.0,1011.66675
2008-06-08 00:00:00+00:00,31.761581,26.63637,0.0,1009.4124
2008-06-09 00:00:00+00:00,30.77408,30.448114,0.0,1010.34155
2008-06-10 00:00:00+00:00,26.824087,47.930035,0.0,1012.41254
2008-06-11 00:00:00+00:00,25.769918,51.084614,0.0,1010.3376
2008-06-12 00:00:00+00:00,26.176168,51.23598,0.0,1009.35406
2008-06-13 00:00:00+00:00,26.965746,43.98892,0.0,1010.55414
2008-06-14 00:00:00+00:00,28.124086,38.470783,0.0,1009.4375
2008-06-15 00:00:00+00:00,27.705332,40.46759,0.0,1008.65015
2008-06-16 00:00:00+00:00,26.755327,48.566776,0.0,1011.28326
2008-06-17 00:00:00+00:00,26.436579,48.902256,0.0,1011.2415
2008-06-18 00:00:00+00:00,28.08033,43.70767,0.0,1008.80005
2008-06-19 00:00:00+00:00,29.032423,37.623302,0.0,1007.23737
2008-06-20 00:00:00+00:00,29.897003,38.738453,0.0,1006.28345
2008-06-21 00:00:00+00:00,31.038664,42.97817,0.0,1007.5168
2008-06-22 00:00:00+00:00,28.35325,50.18744,0.0,1009.20416
2008-06-23 00:00:00+00:00,28.703253,51.577972,0.0,1008.67914
2008-06-24 00:00:00+00:00,29.27408,44.98811,0.0,1007.85834
2008-06-25 00:00:00+00:00,28.961586,45.234756,0.0,1007.6875
2008-06-26 00:00:00+00:00,29.722002,42.420033,0.0,1009.1333
2008-06-27 00:00:00+00:00,30.26158,38.916943,0.0,1009.325
2008-06-28 00:00:00+00:00,30.507414,41.30958,0.0,1010.05414
2008-06-29 00:00:00+00:00,29.155334,48.05299,0.0,1009.9292
2008-06-30 00:00:00+00:00,29.30533,55.400623,0.0,1008.19586
2008-07-01 00:00:00+00:00,29.026167,59.544952,0.0,1006.69165
2008-07-02 00:00:00+00:00,28.669914,54.54005,0.0,1006.63763
2008-07-03 00:00:00+00:00,27.999084,51.50761,0.0,1006.65826
2008-07-04 00:00:00+00:00,28.7845,54.637238,0.0,1007.3875
2008-07-05 00:00:00+00:00,29.147003,52.699417,0.0,1008.48346
2008-07-06 00:00:00+00:00,28.763666,54.696712,0.0,1008.2124
2008-07-07 00:00:00+00:00,29.446999,55.88625,0.0,1007.3127
2008-07-08 00:00:00+00:00,29.701164,53.047333,0.0,1006.1374
2008-07-09 00:00:00+00:00,29.26992,53.48932,0.0,1005.6252
2008-07-10 00:00:00+00:00,30.432419,49.2164,0.0,1005.53345
2008-07-11 00:00:00+00:00,29.426163,56.73583,0.0,1006.65015
2008-07-12 00:00:00+00:00,28.303255,55.173813,0.0,1006.2292
2008-07-13 00:00:00+00:00,28.821997,58.020126,0.0,1007.4001
2008-07-14 00:00:00+00:00,29.163664,57.90509,0.0,1010.26263
2008-07-15 00:00:00+00:00,29.203249,55.228577,0.0,1009.58746
2008-07-16 00:00:00+00:00,29.555334,54.12026,0.0,1005.5251
2008-07-17 00:00:00+00:00,28.438667,57.6061,0.0,1005.6958
2008-07-18 00:00:00+00:00,27.372,56.749165,0.0,1007.45
2008-07-19 00:00:00+00:00,28.051165,57.638412,0.0,1007.9458
2008-07-20 00:00:00+00:00,28.161581,55.36548,0.0,1007.375
2008-07-21 00:00:00+00:00,28.413671,52.597164,0.0,1006.75415
2008-07-22 00:00:00+00:00,29.453247,56.071285,0.0,1006.6499
2008-07-23 00:00:00+00:00,30.063667,49.78957,0.0,1006.6375
2008-07-24 00:00:00+00:00,28.478249,55.18848,0.0,1006.8416
2008-07-25 00:00:00+00:00,27.203247,55.744656,0.0,1007.99585
2008-07-26 00:00:00+00:00,26.878248,51.69971,0.0,1008.93744
2008-07-27 00:00:00+00:00,27.186579,51.68658,0.0,1008.83325
2008-07-28 00:00:00+00:00,28.540754,48.858852,0.0,1007.81665
2008-07-29 00:00:00+00:00,28.449081,55.20833,0.0,1007.5166
2008-07-30 00:00:00+00:00,28.184502,60.151104,0.0,1007.45
2008-07-31 00:00:00+00:00,28.82617,56.364117,0.0,1007.1458
2008-08-01 00:00:00+00:00,30.190752,54.42509,0.0,1006.875
2008-08-02 00:00:00+00:00,29.928251,53.604946,0.0,1007.3167
2008-08-03 00:00:00+00:00,28.774086,53.52766,0.0,1007.06665
2008-08-04 00:00:00+00:00,27.667831,55.913647,0.0,1006.84174
2008-08-05 00:00:00+00:00,27.642836,54.03632,0.0,1006.13745
2008-08-06 00:00:00+00:00,28.182417,53.211926,0.0,1005.18335
2008-08-07 00:00:00+00:00,28.761581,51.271286,0.0,1004.65826
2008-08-08 00:00:00+00:00,29.5345,44.893986,0.0,1004.75006
2008-08-09 00:00:00+00:00,29.186583,51.83942,0.0,1005.26245
2008-08-10 00:00:00+00:00,28.628252,55.427612,0.0,1005.25836
2008-08-11 00:00:00+00:00,29.717833,53.879948,0.0,1005.3625
2008-08-12 00:00:00+00:00,28.430334,58.769634,0.0,1006.75415
2008-08-13 00:00:00+00:00,27.47825,57.802166,0.0,1007.125
2008-08-14 00:00:00+00:00,28.642836,58.807804,0.0,1006.09174
2008-08-15 00:00:00+00:00,29.494917,51.03419,0.0,1004.60004
2008-08-16 00:00:00+00:00,30.586578,40.58128,0.0,1003.42926
2008-08-17 00:00:00+00:00,29.857414,55.272243,0.0,1006.25006
2008-08-18 00:00:00+00:00,29.986582,53.964184,0.0,1008.0083
2008-08-19 00:00:00+00:00,29.469912,55.71024,0.0,1006.8625
2008-08-20 00:00:00+00:00,29.699081,55.302723,0.0,1006.7041
2008-08-21 00:00:00+00:00,29.832413,57.51917,0.0,1008.0249
2008-08-22 00:00:00+00:00,29.676165,54.169903,0.0,1007.4126
2008-08-23 00:00:00+00:00,29.257416,55.94606,0.0,1006.29584
2008-08-24 00:00:00+00:00,29.907415,48.050648,0.0,1006.50836
2008-08-25 00:00:00+00:00,31.64908,42.761448,0.0,1008.0291
2008-08-26 00:00:00+00:00,30.840752,44.492405,0.0,1009.13763
2008-08-27 00:00:00+00:00,29.892836,57.54495,0.0,1008.1709
2008-08-28 00:00:00+00:00,30.267836,59.48306,0.0,1007.6751
2008-08-29 00:00:00+00:00,29.638666,63.085155,0.0,1009.30005
2008-08-30 00:00:00+00:00,29.263664,59.60631,0.0,1009.67096
2008-08-31 00:00:00+00:00,28.203249,57.992596,0.0,1010.35004
2008-09-01 00:00:00+00:00,27.474083,56.84515,0.0,1011.2708
2008-09-02 00:00:00+00:00,27.44075,59.56903,0.0,1011.94574
2008-09-03 00:00:00+00:00,27.224081,56.93759,0.0,1011.11664
2008-09-04 00:00:00+00:00,27.469917,57.77654,0.0,1010.1375
2008-09-05 00:00:00+00:00,28.232416,58.784107,0.0,1010.2834
2008-09-06 00:00:00+00:00,28.315748,58.84242,0.0,1009.1873
2008-09-07 00:00:00+00:00,28.397001,56.09552,0.0,1008.12085
2008-09-08 00:00:00+00:00,27.119919,60.842133,0.0,1008.9167
2008-09-09 00:00:00+00:00,27.926168,58.219257,0.0,1009.5083
2008-09-10 00:00:00+00:00,28.671999,51.68704,0.0,1008.9834
2008-09-11 00:00:00+00:00,28.426165,53.3232,0.0,1008.2834
2008-09-12 00:00:00+00:00,27.828249,57.039036,0.0,1008.86255
2008-09-13 00:00:00+00:00,28.965754,50.31497,0.0,1010.51245
2008-09-14 00:00:00+00:00,29.567831,47.0851,0.0,1011.8499
2008-09-15 00:00:00+00:00,28.901163,48.238705,0.0,1010.7541
2008-09-16 00:00:00+00:00,29.019918,52.014847,0.0,1009.4751
2008-09-17 00:00:00+00:00,29.796999,46.01309,0.0,1008.6082
2008-09-18 00:00:00+00:00,27.476166,55.609623,0.0,1011.5251
2008-09-19 00:00:00+00:00,25.578247,52.68556,0.0,1011.9124
2008-09-20 00:00:00+00:00,26.1595,47.702442,0.0,1011.44586
2008-09-21 00:00:00+00:00,28.238665,40.438427,0.0,1010.58325
2008-09-22 00:00:00+00:00,30.122,40.21597,0.0,1009.00006
2008-09-23 00:00:00+00:00,27.036583,55.35673,0.0,1012.10406
2008-09-24 00:00:00+00:00,26.424086,49.42345,0.0,1014.35834
2008-09-25 00:00:00+00:00,29.847,38.106792,0.0,1011.5667
2008-09-26 00:00:00+00:00,27.569914,57.659138,0.0,1013.4124
2008-09-27 00:00:00+00:00,26.086586,57.89815,0.0,1015.51666
2008-09-28 00:00:00+00:00,26.180334,52.762142,0.0,1015.43756
2008-09-29 00:00:00+00:00,29.015747,47.901947,0.0,1013.5417
2008-09-30 00:00:00+00:00,25.276167,51.949844,0.0,1017.48755
2008-10-01 00:00:00+00:00,24.255333,49.82303,0.0,1018.8333
2008-10-02 00:00:00+00:00,24.957418,51.998837,0.0,1017.7583
2008-10-03 00:00:00+00:00,25.961584,53.28186,0.0,1016.0002
2008-10-04 00:00:00+00:00,28.824087,43.690502,0.0,1014.8376
2008-10-05 00:00:00+00:00,28.761581,52.44719,0.0,1015.72504
2008-10-06 00:00:00+00:00,26.344915,63.496212,0.0,1017.7542
2008-10-07 00:00:00+00:00,24.828249,58.72199,0.0,1016.49164
2008-10-08 00:00:00+00:00,23.842833,55.688553,0.0,1016.19586
2008-10-09 00:00:00+00:00,23.738668,54.967762,0.0,1017.18756
2008-10-10 00:00:00+00:00,23.478249,54.59779,0.0,1018.6335
2008-10-11 00:00:00+00:00,23.60325,53.656204,0.0,1017.2249
2008-10-12 00:00:00+00:00,22.344917,53.935047,0.0,1013.0
2008-10-13 00:00:00+00:00,23.68867,47.568043,0.0,1013.54584
2008-10-14 00:00:00+00:00,23.574087,65.138374,3.1000001,1014.9958
2008-10-15 00:00:00+00:00,21.969917,57.992504,0.0,1019.53735
2008-10-16 00:00:00+00:00,22.676165,58.96784,0.0,1019.3042
2008-10-17 00:00:00+00:00,22.586586,60.377026,0.0,1016.5708
2008-10-18 00:00:00+00:00,23.205332,59.366684,0.0,1016.55
2008-10-19 00:00:00+00:00,23.290749,60.154316,0.0,1017.13336
2008-10-20 00:00:00+00:00,23.057413,62.547863,0.0,1015.3501
2008-10-21 00:00:00+00:00,22.780334,61.140594,0.0,1012.91254
2008-10-22 00:00:00+00:00,21.994919,64.786934,0.0,1012.8709
2008-10-23 00:00:00+00:00,22.119919,60.947956,0.0,1014.0417
2008-10-24 00:00:00+00:00,20.50325,70.77996,0.0,1015.2791
2008-10-25 00:00:00+00:00,21.25325,63.510822,0.0,1017.071
2008-10-26 00:00:00+00:00,20.449083,61.182148,0.0,1017.4666
2008-10-27 00:00:00+00:00,19.671999,63.709354,0.0,1016.4709
2008-10-28 00:00:00+00:00,19.632418,63.402313,0.0,1017.42914
2008-10-29 00:00:00+00:00,19.463665,59.582733,0.0,1019.43744
2008-10-30 00:00:00+00:00,20.030333,59.25893,0.0,1020.2917
2008-10-31 00:00:00+00:00,21.128252,57.39775,0.0,1021.2959
2008-11-01 00:00:00+00:00,22.222,65.9873,0.0,1018.7624
2008-11-02 00:00:00+00:00,22.265749,67.26202,0.0,1017.7502
2008-11-03 00:00:00+00:00,22.247,58.38303,0.0,1016.74176
2008-11-04 00:00:00+00:00,21.709501,52.38541,0.0,1016.9168
2008-11-05 00:00:00+00:00,22.501165,51.324955,0.0,1016.7666
2008-11-06 00:00:00+00:00,21.738668,51.05777,0.0,1015.6291
2008-11-07 00:00:00+00:00,21.296999,47.829815,0.0,1016.4333
2008-11-08 00:00:00+00:00,21.197,55.36424,0.0,1017.33325
2008-11-09 00:00:00+00:00,20.601168,64.51006,0.0,1018.16656
2008-11-10 00:00:00+00:00,21.394918,64.98853,0.0,1018.71674
2008-11-11 00:00:00+00:00,20.463667,62.78333,0.0,1018.0127
2008-11-12 00:00:00+00:00,19.955336,63.886814,0.0,1018.4541
2008-11-13 00:00:00+00:00,19.022001,62.64952,0.0,1019.7959
2008-11-14 00:00:00+00:00,18.340752,55.596203,0.0,1020.82086
2008-11-15 00:00:00+00:00,19.269913,59.50661,0.0,1020.0251
2008-11-16 00:00:00+00:00,19.644915,62.40608,0.0,1018.7126
2008-11-17 00:00:00+00:00,19.611584,64.20812,0.0,1015.56665
2008-11-18 00:00:00+00:00,19.907417,57.271915,0.0,1011.85406
2008-11-19 00:00:00+00:00,20.453249,55.324265,0.0,1013.79584
2008-11-20 00:00:00+00:00,19.707418,69.2273,0.0,1019.55005
2008-11-21 00:00:00+00:00,17.811586,62.656033,0.0,1019.84155
2008-11-22 00:00:00+00:00,17.15117,50.17853,0.0,1016.425
2008-11-23 00:00:00+00:00,18.228252,37.970337,0.0,1016.92914
2008-11-24 00:00:00+00:00,19.08242,34.535797,0.0,1018.9167
2008-11-25 00:00:00+00:00,19.353249,37.442398,0.0,1019.07074
2008-11-26 00:00:00+00:00,20.19075,36.078457,0.0,1017.62933
2008-11-27 00:00:00+00:00,20.013666,51.812656,0.0,1017.14166
2008-11-28 00:00:00+00:00,18.076168,65.17502,0.0,1017.6335
2008-11-29 00:00:00+00:00,17.546999,54.521,0.0,1019.11255
2008-11-30 00:00:00+00:00,18.8595,42.1751,0.0,1018.99585
2008-12-01 00:00:00+00:00,18.019915,58.659077,0.0,1019.80835
2008-12-02 00:00:00+00:00,17.994913,68.54188,0.0,1019.17084
2008-12-03 00:00:00+00:00,19.372002,52.877193,0.0,1015.08344
2008-12-04 00:00:00+00:00,21.063667,42.22842,0.0,1016.31244
2008-12-05 00:00:00+00:00,20.461584,40.22364,0.0,1019.1291
2008-12-06 00:00:00+00:00,19.34075,35.774353,0.0,1018.8958
2008-12-07 00:00:00+00:00,19.592833,33.723152,0.0,1016.2166
2008-12-08 00:00:00+00:00,17.705334,60.69905,0.0,1016.825
2008-12-09 00:00:00+00:00,17.030334,62.44778,0.0,1019.4001
2008-12-10 00:00:00+00:00,14.9845,56.752716,0.0,1023.1416
2008-12-11 00:00:00+00:00,15.4678335,51.72662,0.0,1020.5249
2008-12-12 00:00:00+00:00,15.99075,47.794743,0.0,1017.2708
2008-12-13 00:00:00+00:00,15.6865835,67.557106,0.0,1019.0
2008-12-14 00:00:00+00:00,15.922001,66.773254,0.0,1020.32086
2008-12-15 00:00:00+00:00,16.449085,58.41232,0.0,1020.22076
2008-12-16 00:00:00+00:00,15.747002,62.91603,0.0,1021.2668
2008-12-17 00:00:00+00:00,15.759501,61.510204,0.0,1020.4333
2008-12-18 00:00:00+00:00,16.715748,42.8353,0.0,1018.54584
2008-12-19 00:00:00+00:00,17.446999,38.82821,0.0,1017.7708
2008-12-20 00:00:00+00:00,16.530334,69.31599,0.0,1015.7375
2008-12-21 00:00:00+00:00,16.428247,60.818836,0.0,1013.3875
2008-12-22 00:00:00+00:00,15.28242,45.608356,0.0,1012.36255
2008-12-23 00:00:00+00:00,13.824085,54.080784,0.0,1015.8
2008-12-24 00:00:00+00:00,13.986584,53.54861,0.0,1019.80005
2008-12-25 00:00:00+00:00,13.074085,64.22031,0.2,1021.77094
2008-12-26 00:00:00+00:00,13.207417,55.13748,0.0,1023.26245
2008-12-27 00:00:00+00:00,13.063664,63.310303,0.0,1020.35425
2008-12-28 00:00:00+00:00,13.611585,62.448563,0.0,1019.1584
2008-12-29 00:00:00+00:00,13.605334,68.736015,0.0,1019.8333
2008-12-30 00:00:00+00:00,13.730332,72.488304,0.0,1020.425
2008-12-31 00:00:00+00:00,13.269917,63.91527,0.0,1021.0708
2009-01-01 00:00:00+00:00,12.172,61.22488,0.0,1023.67505
2009-01-02 00:00:00+00:00,12.280332,66.84904,0.0,1025.371
2009-01-03 00:00:00+00:00,13.278249,58.63022,0.0,1023.05005
2009-01-04 00:00:00+00:00,12.524085,58.161255,0.0,1021.25
2009-01-05 00:00:00+00:00,11.647,51.201904,0.0,1019.61237
2009-01-06 00:00:00+00:00,12.85325,43.817936,0.0,1016.4958
2009-01-07 00:00:00+00:00,14.813667,52.471462,0.0,1018.6042
2009-01-08 00:00:00+00:00,13.811585,67.099495,0.0,1022.61676
2009-01-09 00:00:00+00:00,13.384502,61.087902,0.0,1024.2041
2009-01-10 00:00:00+00:00,14.786586,56.976177,0.0,1022.2541
2009-01-11 00:00:00+00:00,15.9990835,49.775257,0.0,1021.06665
2009-01-12 00:00:00+00:00,15.009499,67.73319,0.0,1024.275
2009-01-13 00:00:00+00:00,13.324082,50.121418,0.0,1025.254
2009-01-14 00:00:00+00:00,15.786583,35.48939,0.0,1022.8125
2009-01-15 00:00:00+00:00,16.872,41.56291,0.0,1021.8833
2009-01-16 00:00:00+00:00,17.3345,40.26858,0.0,1017.75824
2009-01-17 00:00:00+00:00,15.699084,69.95317,0.0,1019.5042
2009-01-18 00:00:00+00:00,14.567834,64.4267,0.0,1022.25433
2009-01-19 00:00:00+00:00,13.60325,61.482605,0.0,1021.4417
2009-01-20 00:00:00+00:00,15.182419,61.285397,0.0,1018.8501
2009-01-21 00:00:00+00:00,16.263666,54.567066,0.0,1016.81256
2009-01-22 00:00:00+00:00,17.588667,44.227158,0.0,1015.7542
2009-01-23 00:00:00+00:00,18.282415,29.76558,0.4,1012.44574
2009-01-24 00:00:00+00:00,13.719917,37.858616,0.0,1012.325
2009-01-25 00:00:00+00:00,15.424083,34.997448,0.0,1013.78326
2009-01-26 00:00:00+00:00,16.486586,44.19399,0.0,1017.229
2009-01-27 00:00:00+00:00,16.419916,54.31543,0.0,1018.66254
2009-01-28 00:00:00+00:00,18.201166,37.215443,0.0,1012.1125
2009-01-29 00:00:00+00:00,14.357418,37.56483,0.0,1014.8999
2009-01-30 00:00:00+00:00,13.61575,31.425049,0.0,1013.8792
2009-01-31 00:00:00+00:00,13.9365835,38.690784,0.0,1015.05414
2009-02-01 00:00:00+00:00,14.055335,43.30022,0.0,1020.4001
2009-02-02 00:00:00+00:00,14.486583,43.903385,0.0,1022.85004
2009-02-03 00:00:00+00:00,16.242834,46.15544,0.0,1022.5251
2009-02-04 00:00:00+00:00,17.965754,42.127613,0.0,1016.8916
2009-02-05 00:00:00+00:00,17.853249,37.478382,0.0,1014.3167
2009-02-06 00:00:00+00:00,15.388665,70.42748,0.0,1015.9085
2009-02-07 00:00:00+00:00,15.874084,58.83934,0.0,1016.1956
2009-02-08 00:00:00+00:00,19.807417,33.312134,0.0,1012.9624
2009-02-09 00:00:00+00:00,19.992834,29.511854,0.0,1011.3499
2009-02-10 00:00:00+00:00,14.476166,45.27537,0.2,1017.10834
2009-02-11 00:00:00+00:00,14.924085,54.102097,0.0,1019.01245
2009-02-12 00:00:00+00:00,15.822,43.370544,0.0,1016.4583
2009-02-13 00:00:00+00:00,15.694917,43.738464,0.0,1012.1335
2009-02-14 00:00:00+00:00,17.06575,35.89644,0.0,1011.8875
2009-02-15 00:00:00+00:00,14.238666,33.93707,0.0,1016.16656
2009-02-16 00:00:00+00:00,13.494916,42.61112,0.0,1018.3667
2009-02-17 00:00:00+00:00,12.359501,58.681072,0.0,1021.62915
2009-02-18 00:00:00+00:00,14.647,45.185314,0.0,1018.17914
2009-02-19 00:00:00+00:00,18.097002,36.41534,0.0,1010.82086
2009-02-20 00:00:00+00:00,15.261585,48.83906,0.0,1014.8167
2009-02-21 00:00:00+00:00,13.686584,52.704716,0.0,1016.95825
2009-02-22 00:00:00+00:00,13.140751,54.944305,0.0,1014.85425
2009-02-23 00:00:00+00:00,14.0928335,47.59561,0.0,1013.425
2009-02-24 00:00:00+00:00,14.290751,42.131523,0.0,1016.15424
2009-02-25 00:00:00+00:00,14.5511675,40.83205,0.0,1015.7292
2009-02-26 00:00:00+00:00,15.907414,37.772305,0.0,1010.68756
2009-02-27 00:00:00+00:00,12.113666,61.954,0.70000005,1013.23334
2009-02-28 00:00:00+00:00,12.557416,54.769176,0.70000005,1015.22504
2009-03-01 00:00:00+00:00,12.7699175,57.08995,0.0,1020.1541
2009-03-02 00:00:00+00:00,12.338666,57.383224,0.0,1023.07916
2009-03-03 00:00:00+00:00,14.8324175,46.936947,0.0,1021.04584
2009-03-04 00:00:00+00:00,17.874084,41.76004,0.0,1018.7542
2009-03-05 00:00:00+00:00,20.682413,28.848717,0.0,1014.0166
2009-03-06 00:00:00+00:00,24.351168,15.025593,0.0,1008.5708
2009-03-07 00:00:00+00:00,25.757416,17.554478,0.0,1004.6042
2009-03-08 00:00:00+00:00,17.897001,40.19058,0.0,1010.2292
2009-03-09 00:00:00+00:00,15.063667,42.551895,0.0,1016.2874
2009-03-10 00:00:00+00:00,15.888667,54.519146,0.0,1020.39166
2009-03-11 00:00:00+00:00,17.682419,48.510067,0.0,1017.7083
2009-03-12 00:00:00+00:00,16.480333,53.780777,0.0,1016.0708
2009-03-13 00:00:00+00:00,16.567833,53.703022,0.0,1015.31244
2009-03-14 00:00:00+00:00,15.113669,55.057526,0.0,1018.77905
2009-03-15 00:00:00+00:00,15.001167,56.052074,0.0,1019.67926
2009-03-16 00:00:00+00:00,14.4678335,48.861206,0.0,1019.17914
2009-03-17 00:00:00+00:00,14.680331,47.86024,0.0,1017.9251
2009-03-18 00:00:00+00:00,15.242833,49.10724,0.0,1016.42914
2009-03-19 00:00:00+00:00,16.749086,44.438858,0.1,1015.3958
2009-03-20 00:00:00+00:00,17.053251,50.22215,0.0,1012.5334
2009-03-21 00:00:00+00:00,15.611585,49.861958,0.0,1016.55
2009-03-22 00:00:00+00:00,17.296999,37.705143,0.0,1014.17487
2009-03-23 00:00:00+00:00,16.886583,38.628414,0.0,1008.81683
2009-03-24 00:00:00+00:00,14.511581,54.344326,0.0,1015.2668
2009-03-25 00:00:00+00:00,15.646998,47.38841,0.0,1017.4041
2009-03-26 00:00:00+00:00,17.382418,37.40859,0.0,1015.5833
2009-03-27 00:00:00+00:00,16.388668,55.656307,0.0,1015.0417
2009-03-28 00:00:00+00:00,15.357415,50.881283,0.0,1017.66656
2009-03-29 00:00:00+00:00,16.013666,48.187916,0.0,1019.82904
2009-03-30 00:00:00+00:00,16.536585,47.311066,0.0,1018.31244
2009-03-31 00:00:00+00:00,18.863668,46.368435,0.0,1013.75
2009-04-01 00:00:00+00:00,19.857416,36.564117,0.0,1011.3083
2009-04-02 00:00:00+00:00,18.692831,54.66228,0.0,1012.0916
2009-04-03 00:00:00+00:00,20.197,54.439526,0.0,1013.8042
2009-04-04 00:00:00+00:00,22.122,51.302197,0.0,1013.7749
2009-04-05 00:00:00+00:00,26.42617,31.023386,0.0,1010.20416
2009-04-06 00:00:00+00:00,21.067833,47.616566,0.0,1016.2292
2009-04-07 00:00:00+00:00,20.2595,41.347103,0.0,1016.80414
2009-04-08 00:00:00+00:00,18.149084,52.510548,0.0,1016.03735
2009-04-09 00:00:00+00:00,17.732418,54.696575,0.0,1015.27075
2009-04-10 00:00:00+00:00,18.582418,52.742695,0.0,1014.1042
2009-04-11 00:00:00+00:00,22.742834,37.752865,0.0,1010.6208
2009-04-12 00:00:00+00:00,24.97825,30.85962,0.0,1007.8416
2009-04-13 00:00:00+00:00,25.307417,36.409824,0.0,1009.2708
2009-04-14 00:00:00+00:00,25.046999,30.770159,0.0,1008.13763
2009-04-15 00:00:00+00:00,20.057419,39.4071,0.0,1013.05835
2009-04-16 00:00:00+00:00,18.709501,54.67511,0.0,1013.6584
2009-04-17 00:00:00+00:00,18.994917,52.42632,0.0,1013.81665
2009-04-18 00:00:00+00:00,20.011583,42.75652,0.0,1013.5623
2009-04-19 00:00:00+00:00,20.617832,39.568726,0.0,1014.7041
2009-04-20 00:00:00+00:00,22.344915,43.071346,0.0,1014.6335
2009-04-21 00:00:00+00:00,23.734499,39.893814,0.0,1011.67084
2009-04-22 00:00:00+00:00,25.54075,38.03217,0.0,1009.04584
2009-04-23 00:00:00+00:00,20.569918,55.099056,0.0,1013.1458
2009-04-24 00:00:00+00:00,20.113668,53.277374,0.0,1016.375
2009-04-25 00:00:00+00:00,22.094917,46.370525,0.0,1016.32086
2009-04-26 00:00:00+00:00,19.678247,56.704403,0.0,1018.32513
2009-04-27 00:00:00+00:00,19.392832,52.01503,0.0,1017.1208
2009-04-28 00:00:00+00:00,21.12825,47.87321,0.0,1014.72504
2009-04-29 00:00:00+00:00,23.451166,39.375725,0.0,1012.0
2009-04-30 00:00:00+00:00,19.907417,56.270412,0.0,1013.64166
2009-05-01 00:00:00+00:00,20.844915,47.49309,0.0,1013.8833
2009-05-02 00:00:00+00:00,23.528252,30.539495,0.2,1014.21246
2009-05-03 00:00:00+00:00,28.694916,26.550547,0.0,1007.9666
2009-05-04 00:00:00+00:00,25.217833,37.47668,0.0,1007.2249
2009-05-05 00:00:00+00:00,20.461582,47.005123,0.0,1013.86237
2009-05-06 00:00:00+00:00,20.36575,50.813374,0.0,1015.32086
2009-05-07 00:00:00+00:00,20.986584,47.059174,0.0,1017.20416
2009-05-08 00:00:00+00:00,21.030334,49.06125,0.0,1018.06665
2009-05-09 00:00:00+00:00,20.842833,49.990063,0.0,1017.9624
2009-05-10 00:00:00+00:00,20.86783,54.071674,0.0,1015.7708
2009-05-11 00:00:00+00:00,21.549086,50.428944,0.0,1014.93744
2009-05-12 00:00:00+00:00,22.13867,45.654205,0.0,1015.63336
2009-05-13 00:00:00+00:00,22.421999,48.424927,0.0,1015.446
2009-05-14 00:00:00+00:00,22.811584,43.870243,0.0,1014.44995
2009-05-15 00:00:00+00:00,23.369917,44.72972,0.0,1013.07086
2009-05-16 00:00:00+00:00,26.032415,42.43436,0.0,1012.3086
2009-05-17 00:00:00+00:00,28.867836,28.518051,0.0,1010.82513
2009-05-18 00:00:00+00:00,29.636583,29.379684,0.0,1009.50836
2009-05-19 00:00:00+00:00,25.874083,46.97714,0.0,1011.66675
2009-05-20 00:00:00+00:00,25.819918,44.71976,0.0,1010.26263
2009-05-21 00:00:00+00:00,25.140753,49.761356,0.0,1009.5584
2009-05-22 00:00:00+00:00,26.305334,48.439686,0.0,1012.33325
2009-05-23 00:00:00+00:00,25.546999,52.86522,0.0,1013.9832
2009-05-24 00:00:00+00:00,23.703249,55.92416,0.0,1013.83344
2009-05-25 00:00:00+00:00,25.299082,54.11823,0.0,1011.10834
2009-05-26 00:00:00+00:00,25.390747,53.61205,0.0,1009.50824
2009-05-27 00:00:00+00:00,24.842833,48.53391,0.0,1010.15405
2009-05-28 00:00:00+00:00,25.247,50.970474,0.0,1011.91656
2009-05-29 00:00:00+00:00,25.45742,42.328247,0.0,1014.32086
2009-05-30 00:00:00+00:00,24.9345,42.974487,0.0,1015.4749
2009-05-31 00:00:00+00:00,24.740747,46.37231,0.0,1014.9666
2009-06-01 00:00:00+00:00,26.244925,50.398026,0.0,1012.55005
2009-06-02 00:00:00+00:00,27.707418,48.002533,0.0,1010.425
2009-06-03 00:00:00+00:00,29.299082,36.24737,0.0,1009.8625
2009-06-04 00:00:00+00:00,28.622002,36.98526,0.0,1012.679
2009-06-05 00:00:00+00:00,30.386581,32.02981,0.0,1011.5708
2009-06-06 00:00:00+00:00,28.857416,39.106266,0.0,1008.2957
2009-06-07 00:00:00+00:00,26.676168,47.18698,0.0,1009.38336
2009-06-08 00:00:00+00:00,27.163666,44.450756,0.0,1008.3875
2009-06-09 00:00:00+00:00,28.059502,41.489227,0.0,1009.60406
2009-06-10 00:00:00+00:00,28.8845,42.785236,0.0,1010.425
2009-06-11 00:00:00+00:00,27.574083,49.80714,0.0,1008.92084
2009-06-12 00:00:00+00:00,28.009497,45.69456,0.0,1008.2041
2009-06-13 00:00:00+00:00,29.351168,42.371696,0.0,1009.89594
2009-06-14 00:00:00+00:00,28.892832,48.60112,0.0,1011.17505
2009-06-15 00:00:00+00:00,27.1345,54.098408,0.0,1011.2209
2009-06-16 00:00:00+00:00,26.757416,53.11745,0.0,1010.175
2009-06-17 00:00:00+00:00,27.640753,49.870533,0.0,1009.9626
2009-06-18 00:00:00+00:00,27.930336,47.13294,0.0,1009.79584
2009-06-19 00:00:00+00:00,29.453245,36.403255,0.0,1011.0457
2009-06-20 00:00:00+00:00,28.5095,52.295933,0.0,1011.3582
2009-06-21 00:00:00+00:00,28.782415,45.93054,0.0,1011.47076
2009-06-22 00:00:00+00:00,31.261581,29.704844,0.0,1010.5708
2009-06-23 00:00:00+00:00,30.032417,40.072025,0.0,1010.35004
2009-06-24 00:00:00+00:00,31.44075,40.687923,0.0,1008.0374
2009-06-25 00:00:00+00:00,30.46575,44.38381,0.0,1007.58746
2009-06-26 00:00:00+00:00,29.780334,47.348873,0.0,1008.0625
2009-06-27 00:00:00+00:00,27.336586,50.494236,0.0,1011.22504
2009-06-28 00:00:00+00:00,27.976171,47.263733,0.0,1010.99603
2009-06-29 00:00:00+00:00,30.553246,36.545704,0.0,1009.53326
2009-06-30 00:00:00+00:00,32.126163,35.956207,0.0,1008.78754
2009-07-01 00:00:00+00:00,31.557413,38.648533,0.0,1009.9458
2009-07-02 00:00:00+00:00,29.765747,46.5231,0.0,1010.20013
2009-07-03 00:00:00+00:00,27.907417,53.41048,0.0,1008.59576
2009-07-04 00:00:00+00:00,27.5595,55.432842,0.0,1007.1374
2009-07-05 00:00:00+00:00,27.757418,54.1971,0.0,1007.17084
2009-07-06 00:00:00+00:00,28.611586,53.38841,0.0,1008.19995
2009-07-07 00:00:00+00:00,29.103249,51.30592,0.0,1009.5293
2009-07-08 00:00:00+00:00,28.819918,54.661846,0.0,1008.9834
2009-07-09 00:00:00+00:00,29.234499,56.24699,0.0,1007.9417
2009-07-10 00:00:00+00:00,29.94491,51.65404,0.0,1007.5667
2009-07-11 00:00:00+00:00,31.146996,42.369465,0.0,1008.1125
2009-07-12 00:00:00+00:00,32.276165,39.343163,0.0,1008.3709
2009-07-13 00:00:00+00:00,29.786583,52.19745,0.0,1008.83746
2009-07-14 00:00:00+00:00,27.54492,52.861645,0.0,1009.9167
2009-07-15 00:00:00+00:00,28.080332,54.042145,0.0,1008.50836
2009-07-16 00:00:00+00:00,28.347,49.394947,0.0,1006.9209
2009-07-17 00:00:00+00:00,29.417831,54.958313,0.0,1006.2541
2009-07-18 00:00:00+00:00,29.569914,56.56093,0.0,1006.31256
2009-07-19 00:00:00+00:00,30.169916,54.948353,0.0,1008.0959
2009-07-20 00:00:00+00:00,30.109497,53.532833,0.0,1009.15826
2009-07-21 00:00:00+00:00,30.332418,55.393986,0.0,1008.2832
2009-07-22 00:00:00+00:00,30.48242,54.176495,0.0,1007.2957
2009-07-23 00:00:00+00:00,30.37825,52.618046,0.0,1007.0251
2009-07-24 00:00:00+00:00,30.009499,54.154312,0.0,1007.95416
2009-07-25 00:00:00+00:00,29.622,53.928986,0.0,1007.9666
2009-07-26 00:00:00+00:00,30.076166,50.423397,0.0,1006.77924
2009-07-27 00:00:00+00:00,31.259499,42.852413,0.0,1006.42505
2009-07-28 00:00:00+00:00,30.619917,52.973377,0.0,1007.32086
2009-07-29 00:00:00+00:00,29.66575,54.586308,0.0,1007.8626
2009-07-30 00:00:00+00:00,28.62617,52.944744,0.0,1007.98755
2009-07-31 00:00:00+00:00,28.692831,54.05719,0.0,1007.63763
2009-08-01 00:00:00+00:00,28.569916,55.763165,0.0,1007.6875
2009-08-02 00:00:00+00:00,28.674086,52.736607,0.0,1008.54156
2009-08-03 00:00:00+00:00,29.326166,50.49069,0.0,1009.17926
2009-08-04 00:00:00+00:00,30.063667,47.28813,0.0,1009.0667
2009-08-05 00:00:00+00:00,29.844917,48.839672,0.0,1008.91675
2009-08-06 00:00:00+00:00,29.599085,42.800724,0.0,1007.86664
2009-08-07 00:00:00+00:00,29.001165,53.09563,0.0,1006.94586
2009-08-08 00:00:00+00:00,29.426165,51.064133,0.0,1007.07086
2009-08-09 00:00:00+00:00,28.686583,57.69626,0.0,1008.1833
2009-08-10 00:00:00+00:00,28.703249,59.13907,0.0,1008.87085
2009-08-11 00:00:00+00:00,28.432413,56.607952,0.0,1009.0833
2009-08-12 00:00:00+00:00,28.557413,54.79265,0.0,1008.78754
2009-08-13 00:00:00+00:00,28.234499,57.637295,0.0,1008.9666
2009-08-14 00:00:00+00:00,28.074083,54.94818,0.0,1010.6917
2009-08-15 00:00:00+00:00,28.288666,55.48032,0.0,1010.3125
2009-08-16 00:00:00+00:00,28.0095,56.622036,0.0,1008.04156
2009-08-17 00:00:00+00:00,27.492834,56.977722,0.0,1006.9875
2009-08-18 00:00:00+00:00,27.84075,55.789875,0.0,1008.08325
2009-08-19 00:00:00+00:00,28.553251,50.413235,0.0,1008.89996
2009-08-20 00:00:00+00:00,29.21575,53.236485,0.0,1009.02496
2009-08-21 00:00:00+00:00,29.46992,56.085247,0.0,1007.90826
2009-08-22 00:00:00+00:00,28.838669,58.61301,0.0,1006.79584
2009-08-23 00:00:00+00:00,27.826166,58.026398,0.0,1006.4333
2009-08-24 00:00:00+00:00,28.247002,49.09267,0.0,1007.82513
2009-08-25 00:00:00+00:00,28.603254,48.263382,0.0,1010.0
2009-08-26 00:00:00+00:00,27.113665,55.732365,0.0,1011.6875
2009-08-27 00:00:00+00:00,26.807417,57.027424,0.0,1011.27924
2009-08-28 00:00:00+00:00,27.757416,49.673523,0.0,1010.6291
2009-08-29 00:00:00+00:00,28.509493,45.445187,0.0,1011.87506
2009-08-30 00:00:00+00:00,28.532417,49.244083,0.0,1012.66675
2009-08-31 00:00:00+00:00,27.376165,52.169357,0.0,1012.72925
2009-09-01 00:00:00+00:00,27.272001,59.616146,0.0,1011.7749
2009-09-02 00:00:00+00:00,27.661583,59.80661,0.0,1010.81244
2009-09-03 00:00:00+00:00,27.394915,58.19399,0.0,1010.2542
2009-09-04 00:00:00+00:00,26.98242,54.78986,0.0,1011.6751
2009-09-05 00:00:00+00:00,26.653254,54.0414,0.0,1011.72095
2009-09-06 00:00:00+00:00,26.771997,58.98113,0.0,1009.3542
2009-09-07 00:00:00+00:00,27.688665,60.95088,0.0,1007.91656
2009-09-08 00:00:00+00:00,28.27825,56.18657,0.0,1010.32916
2009-09-09 00:00:00+00:00,28.584497,52.395214,0.0,1013.62085
2009-09-10 00:00:00+00:00,27.044916,53.817303,0.0,1012.2334
2009-09-11 00:00:00+00:00,28.649086,42.70859,0.0,1007.19183
2009-09-12 00:00:00+00:00,29.644915,38.740036,0.0,1008.3042
2009-09-13 00:00:00+00:00,27.484499,56.884975,0.0,1014.02484
2009-09-14 00:00:00+00:00,27.188667,55.27718,0.0,1016.2251
2009-09-15 00:00:00+00:00,28.611586,50.54547,0.0,1014.66266
2009-09-16 00:00:00+00:00,27.624084,54.692043,0.0,1011.8376
2009-09-17 00:00:00+00:00,27.053246,58.09972,0.0,1011.7
2009-09-18 00:00:00+00:00,28.701166,54.01559,0.0,1009.5625
2009-09-19 00:00:00+00:00,27.201164,56.501003,0.0,1011.0708
2009-09-20 00:00:00+00:00,26.476168,57.331497,0.0,1011.57904
2009-09-21 00:00:00+00:00,27.272003,51.968624,0.0,1012.92914
2009-09-22 00:00:00+00:00,26.767836,50.57013,0.0,1014.7583
2009-09-23 00:00:00+00:00,25.719915,54.069187,0.0,1015.85004
2009-09-24 00:00:00+00:00,25.707415,50.398594,0.0,1014.6751
2009-09-25 00:00:00+00:00,26.142832,51.970364,0.0,1013.4583
2009-09-26 00:00:00+00:00,26.671997,50.53478,0.0,1013.46674
2009-09-27 00:00:00+00:00,27.655329,53.27197,0.0,1013.2041
2009-09-28 00:00:00+00:00,27.038664,53.61105,0.0,1013.3958
2009-09-29 00:00:00+00:00,25.899084,60.25809,0.0,1013.77496
2009-09-30 00:00:00+00:00,25.040749,61.277927,0.0,1013.52496
2009-10-01 00:00:00+00:00,25.363665,54.64612,0.0,1015.40845
2009-10-02 00:00:00+00:00,25.553251,54.481113,0.0,1015.19165
2009-10-03 00:00:00+00:00,26.217833,57.3358,0.0,1015.11664
2009-10-04 00:00:00+00:00,26.261583,56.136097,0.0,1015.1875
2009-10-05 00:00:00+00:00,26.569918,56.093372,0.0,1015.8252
2009-10-06 00:00:00+00:00,24.917833,59.414455,0.0,1015.0459
2009-10-07 00:00:00+00:00,24.186584,56.62744,0.0,1012.9583
2009-10-08 00:00:00+00:00,24.96575,57.62279,0.0,1011.7583
2009-10-09 00:00:00+00:00,25.561583,62.344822,0.0,1012.304
2009-10-10 00:00:00+00:00,25.372002,61.10901,0.0,1012.94165
2009-10-11 00:00:00+00:00,25.478249,59.81844,0.0,1013.6709
2009-10-12 00:00:00+00:00,25.649084,58.81436,0.0,1014.10425
2009-10-13 00:00:00+00:00,25.063667,57.85764,0.0,1014.01245
2009-10-14 00:00:00+00:00,25.311583,55.28867,0.0,1014.04156
2009-10-15 00:00:00+00:00,26.530333,58.661346,0.0,1013.92505
2009-10-16 00:00:00+00:00,28.0595,56.664627,0.0,1013.19574
2009-10-17 00:00:00+00:00,28.899084,41.418163,0.0,1010.69586
2009-10-18 00:00:00+00:00,29.409502,23.502935,0.0,1008.84155
2009-10-19 00:00:00+00:00,28.365753,26.434296,0.0,1010.09985
2009-10-20 00:00:00+00:00,26.594915,53.695034,0.0,1013.2417
2009-10-21 00:00:00+00:00,24.7845,58.34431,0.0,1017.0125
2009-10-22 00:00:00+00:00,22.338669,55.71663,0.0,1016.83344
2009-10-23 00:00:00+00:00,21.992834,52.58777,0.0,1014.87506
2009-10-24 00:00:00+00:00,22.567831,55.312893,0.0,1011.1707
2009-10-25 00:00:00+00:00,24.049088,53.66332,0.0,1009.22504
2009-10-26 00:00:00+00:00,24.372002,37.082897,0.0,1010.825
2009-10-27 00:00:00+00:00,24.915749,50.15198,0.0,1010.4292
2009-10-28 00:00:00+00:00,23.599085,56.849125,0.0,1009.7625
2009-10-29 00:00:00+00:00,22.794916,50.90401,0.0,1010.0417
2009-10-30 00:00:00+00:00,21.57617,65.60621,0.3,1012.1001
2009-10-31 00:00:00+00:00,21.432419,56.356155,0.0,1012.9626
2009-11-01 00:00:00+00:00,21.359499,40.025906,0.0,1009.83746
2009-11-02 00:00:00+00:00,18.253252,55.43129,0.0,1012.9375
2009-11-03 00:00:00+00:00,18.532417,46.276535,0.0,1016.1209
2009-11-04 00:00:00+00:00,18.936584,34.98563,0.0,1015.44995
2009-11-05 00:00:00+00:00,20.349083,32.15585,0.0,1016.9499
2009-11-06 00:00:00+00:00,20.805332,51.97822,0.0,1015.66675
2009-11-07 00:00:00+00:00,22.188667,53.121475,0.0,1012.2083
2009-11-08 00:00:00+00:00,22.967834,35.721664,0.0,1011.44995
2009-11-09 00:00:00+00:00,20.530333,62.066814,0.0,1016.31244
2009-11-10 00:00:00+00:00,20.688665,61.419613,0.0,1013.9958
2009-11-11 00:00:00+00:00,21.376165,58.28623,0.0,1011.3542
2009-11-12 00:00:00+00:00,19.855333,60.163086,0.0,1014.1082
2009-11-13 00:00:00+00:00,18.486582,58.641617,0.0,1017.3542
2009-11-14 00:00:00+00:00,18.242832,56.450718,0.0,1018.7751
2009-11-15 00:00:00+00:00,18.072,56.641605,0.0,1017.46246
2009-11-16 00:00:00+00:00,18.538668,62.051617,0.0,1016.96246
2009-11-17 00:00:00+00:00,18.955336,62.281017,0.0,1017.53754
2009-11-18 00:00:00+00:00,18.324083,59.836456,0.0,1018.62506
2009-11-19 00:00:00+00:00,18.132418,57.49252,0.0,1019.1667
2009-11-20 00:00:00+00:00,17.755333,58.407986,0.0,1021.05414
2009-11-21 00:00:00+00:00,18.576166,57.067135,0.0,1022.0041
2009-11-22 00:00:00+00:00,18.184504,65.8381,0.0,1019.18335
2009-11-23 00:00:00+00:00,18.474085,64.78675,0.0,1016.1958
2009-11-24 00:00:00+00:00,18.224085,69.88143,0.0,1014.2832
2009-11-25 00:00:00+00:00,17.97825,64.95049,0.0,1016.1626
2009-11-26 00:00:00+00:00,17.28242,69.24804,0.70000005,1017.76263
2009-11-27 00:00:00+00:00,17.807415,68.27864,0.0,1019.66254
2009-11-28 00:00:00+00:00,17.911585,63.683228,0.0,1022.75
2009-11-29 00:00:00+00:00,17.538668,70.081085,0.0,1023.31665
2009-11-30 00:00:00+00:00,18.013666,65.05515,0.0,1021.86664
2009-12-01 00:00:00+00:00,17.717836,66.68533,0.0,1019.1624
2009-12-02 00:00:00+00:00,17.451166,54.947296,0.0,1015.0749
2009-12-03 00:00:00+00:00,16.005335,49.546375,0.0,1016.0459
2009-12-04 00:00:00+00:00,15.361585,51.204823,0.0,1017.07495
2009-12-05 00:00:00+00:00,15.0095,51.897503,0.0,1015.5042
2009-12-06 00:00:00+00:00,15.734502,47.947983,0.0,1012.19995
2009-12-07 00:00:00+00:00,16.563665,66.98608,0.70000005,1013.27075
2009-12-08 00:00:00+00:00,16.359499,67.605095,0.0,1018.2083
2009-12-09 00:00:00+00:00,15.457419,71.951904,0.1,1016.2376
2009-12-10 00:00:00+00:00,16.042833,63.949017,1.1,1013.27924
2009-12-11 00:00:00+00:00,15.790751,50.562836,0.0,1011.34576
2009-12-12 00:00:00+00:00,16.219917,53.159866,0.0,1014.02905
2009-12-13 00:00:00+00:00,14.944915,48.92711,0.0,1019.21246
2009-12-14 00:00:00+00:00,14.013665,50.03747,0.0,1019.3752
2009-12-15 00:00:00+00:00,14.538666,44.383575,0.0,1015.42084
2009-12-16 00:00:00+00:00,17.880335,28.327963,0.0,1009.6209
2009-12-17 00:00:00+00:00,15.922002,46.26944,0.0,1012.7292
2009-12-18 00:00:00+00:00,16.230333,51.443832,0.0,1016.55005
2009-12-19 00:00:00+00:00,16.442833,44.939545,0.0,1017.7793
2009-12-20 00:00:00+00:00,17.665749,34.085087,0.0,1017.19995
2009-12-21 00:00:00+00:00,18.453253,42.953247,0.0,1016.9792
2009-12-22 00:00:00+00:00,15.357418,61.82426,0.0,1021.6209
2009-12-23 00:00:00+00:00,15.449082,59.38626,0.0,1022.43756
2009-12-24 00:00:00+00:00,15.619916,71.48838,0.0,1021.8167
2009-12-25 00:00:00+00:00,16.424084,72.139,0.0,1021.5667
2009-12-26 00:00:00+00:00,15.978252,73.51188,0.0,1020.0708
2009-12-27 00:00:00+00:00,16.622002,61.112415,0.0,1018.0
2009-12-28 00:00:00+00:00,17.444916,48.25499,0.0,1014.41254
2009-12-29 00:00:00+00:00,15.684499,66.36259,0.0,1015.9666
2009-12-30 00:00:00+00:00,15.994918,54.972214,0.0,1016.11664
2009-12-31 00:00:00+00:00,16.615747,63.87741,0.0,1018.5249
2010-01-01 00:00:00+00:00,16.582417,64.59495,0.0,1019.4168
2010-01-02 00:00:00+00:00,17.732414,53.203156,0.0,1016.85004
2010-01-03 00:00:00+00:00,16.215746,57.932602,0.0,1017.7292
2010-01-04 00:00:00+00:00,15.41575,64.97521,0.0,1019.50415
2010-01-05 00:00:00+00:00,15.028251,69.67584,0.0,1020.5
2010-01-06 00:00:00+00:00,15.4845,68.813576,0.0,1019.6042
2010-01-07 00:00:00+00:00,16.913666,61.78011,0.0,1019.35846
2010-01-08 00:00:00+00:00,18.299084,54.684322,0.0,1020.44586
2010-01-09 00:00:00+00:00,18.169918,53.86964,0.0,1019.8875
2010-01-10 00:00:00+00:00,18.3095,42.619846,0.0,1018.3958
2010-01-11 00:00:00+00:00,16.463667,57.66399,0.0,1019.1792
2010-01-12 00:00:00+00:00,15.174085,72.177635,0.0,1016.1584
2010-01-13 00:00:00+00:00,14.840747,60.999725,0.0,1015.31665
2010-01-14 00:00:00+00:00,14.807416,50.794056,0.0,1016.53754
2010-01-15 00:00:00+00:00,15.501167,42.184734,0.0,1018.08746
2010-01-16 00:00:00+00:00,15.309502,45.618317,0.0,1016.14996
2010-01-17 00:00:00+00:00,16.219917,42.276917,0.0,1014.1208
2010-01-18 00:00:00+00:00,15.469917,53.13701,0.0,1012.6875
2010-01-19 00:00:00+00:00,15.349083,56.348583,0.0,1015.05005
2010-01-20 00:00:00+00:00,14.417831,56.99425,2.5,1017.0999
2010-01-21 00:00:00+00:00,13.578252,50.997097,0.0,1021.54584
2010-01-22 00:00:00+00:00,14.472,48.826992,0.0,1018.39996
2010-01-23 00:00:00+00:00,14.863669,49.261703,0.0,1017.9583
2010-01-24 00:00:00+00:00,13.176166,56.986027,0.0,1016.98755
2010-01-25 00:00:00+00:00,13.088668,60.49944,0.0,1022.42505
2010-01-26 00:00:00+00:00,12.8845,54.96548,0.0,1024.7292
2010-01-27 00:00:00+00:00,13.269917,52.733013,0.0,1019.6167
2010-01-28 00:00:00+00:00,15.259502,38.231937,0.0,1012.15845
2010-01-29 00:00:00+00:00,17.805334,26.397173,0.0,1010.2
2010-01-30 00:00:00+00:00,20.432415,19.175575,0.0,1008.41675
2010-01-31 00:00:00+00:00,16.1345,52.838074,0.0,1015.4666
2010-02-01 00:00:00+00:00,15.7595,49.59645,0.0,1017.8335
2010-02-02 00:00:00+00:00,15.251164,38.852024,0.0,1014.7832
2010-02-03 00:00:00+00:00,13.299085,55.930058,0.0,1017.2583
2010-02-04 00:00:00+00:00,11.871999,56.32799,0.0,1021.4043
2010-02-05 00:00:00+00:00,12.174083,52.768238,0.0,1020.7541
2010-02-06 00:00:00+00:00,11.176167,53.375214,0.0,1020.9626
2010-02-07 00:00:00+00:00,11.382417,49.550385,0.0,1018.27496
2010-02-08 00:00:00+00:00,15.282417,32.164772,0.0,1012.47504
2010-02-09 00:00:00+00:00,15.905334,36.50598,0.0,1013.3374
2010-02-10 00:00:00+00:00,17.253252,38.70057,0.0,1014.0
2010-02-11 00:00:00+00:00,20.209501,29.658401,0.0,1011.12915
2010-02-12 00:00:00+00:00,18.480333,48.025005,0.0,1015.83325
2010-02-13 00:00:00+00:00,21.849083,29.295395,0.0,1014.54987
2010-02-14 00:00:00+00:00,22.21575,25.905386,0.0,1011.9958
2010-02-15 00:00:00+00:00,23.2595,22.754173,0.0,1009.91656
2010-02-16 00:00:00+00:00,19.984499,48.220303,0.0,1013.63336
2010-02-17 00:00:00+00:00,23.319914,42.451046,0.0,1013.3167
2010-02-18 00:00:00+00:00,22.222,40.874886,0.0,1015.50836
2010-02-19 00:00:00+00:00,21.663666,40.234608,0.0,1016.97076
2010-02-20 00:00:00+00:00,21.992834,37.229786,0.0,1014.8625
2010-02-21 00:00:00+00:00,21.957418,41.837105,0.0,1013.3
2010-02-22 00:00:00+00:00,16.52825,59.58424,0.0,1017.52905
2010-02-23 00:00:00+00:00,16.065748,58.92282,0.0,1016.57086
2010-02-24 00:00:00+00:00,16.828249,51.756836,0.2,1012.01666
2010-02-25 00:00:00+00:00,15.371998,64.98358,4.6000004,1007.4998
2010-02-26 00:00:00+00:00,15.294917,65.57812,0.3,1011.4043
2010-02-27 00:00:00+00:00,16.40742,54.657436,0.0,1013.1958
2010-02-28 00:00:00+00:00,16.615751,52.65634,0.0,1012.43335
2010-03-01 00:00:00+00:00,16.69075,59.14195,0.0,1018.20416
2010-03-02 00:00:00+00:00,19.21575,46.49596,0.0,1017.39996
2010-03-03 00:00:00+00:00,18.111586,61.236355,0.0,1017.0041
2010-03-04 00:00:00+00:00,17.174084,59.069668,0.0,1018.53754
2010-03-05 00:00:00+00:00,22.144918,35.541943,0.0,1014.4917
2010-03-06 00:00:00+00:00,18.601164,58.42058,0.0,1017.125
2010-03-07 00:00:00+00:00,20.551168,41.850098,0.0,1017.5876
2010-03-08 00:00:00+00:00,26.382416,20.442167,0.0,1011.64185
2010-03-09 00:00:00+00:00,25.351164,33.996338,0.0,1011.80817
2010-03-10 00:00:00+00:00,23.901167,54.751797,0.0,1013.45
2010-03-11 00:00:00+00:00,28.451166,36.742676,0.0,1012.29584
2010-03-12 00:00:00+00:00,22.16992,61.10356,0.0,1013.65424
2010-03-13 00:00:00+00:00,22.305336,61.251873,0.0,1010.17914
2010-03-14 00:00:00+00:00,27.394918,40.538113,0.0,1004.4041
2010-03-15 00:00:00+00:00,22.196999,51.11867,0.0,1007.80835
2010-03-16 00:00:00+00:00,16.649084,59.844025,0.0,1018.62897
2010-03-17 00:00:00+00:00,15.626167,53.06679,0.0,1020.2917
2010-03-18 00:00:00+00:00,15.305333,48.379513,0.0,1023.72504
2010-03-19 00:00:00+00:00,15.557418,45.097584,0.0,1025.0667
2010-03-20 00:00:00+00:00,15.174084,47.177486,0.0,1024.2916
2010-03-21 00:00:00+00:00,16.736582,50.693844,0.0,1022.5833
2010-03-22 00:00:00+00:00,17.457418,58.49292,0.0,1017.8042
2010-03-23 00:00:00+00:00,17.565752,57.03841,0.0,1014.12915
2010-03-24 00:00:00+00:00,17.367834,59.400986,0.0,1014.6917
2010-03-25 00:00:00+00:00,18.578253,53.161316,0.0,1015.65405
2010-03-26 00:00:00+00:00,17.349081,64.89033,0.4,1015.60406
2010-03-27 00:00:00+00:00,18.265753,62.789013,0.1,1015.04584
2010-03-28 00:00:00+00:00,19.513666,49.39887,0.0,1014.74585
2010-03-29 00:00:00+00:00,18.276167,58.727726,0.0,1017.37085
2010-03-30 00:00:00+00:00,17.203253,53.28691,0.0,1020.39166
2010-03-31 00:00:00+00:00,18.463667,40.516663,0.0,1020.62085
2010-04-01 00:00:00+00:00,21.622,34.078472,0.0,1018.42084
2010-04-02 00:00:00+00:00,25.26992,24.37243,0.0,1015.0791
2010-04-03 00:00:00+00:00,25.901167,30.304543,0.0,1013.67914
2010-04-04 00:00:00+00:00,20.10325,55.38918,0.0,1016.4126
2010-04-05 00:00:00+00:00,18.888666,60.85764,0.0,1017.05005
2010-04-06 00:00:00+00:00,19.361586,61.24971,0.0,1014.92084
2010-04-07 00:00:00+00:00,18.053251,58.834507,0.0,1015.1335
2010-04-08 00:00:00+00:00,18.065748,52.718094,0.0,1017.1082
2010-04-09 00:00:00+00:00,19.099085,48.889935,0.0,1017.1792
2010-04-10 00:00:00+00:00,25.501167,30.265938,0.0,1008.9875
2010-04-11 00:00:00+00:00,24.5095,36.272144,0.0,1005.4959
2010-04-12 00:00:00+00:00,18.163666,52.55379,0.0,1012.97504
2010-04-13 00:00:00+00:00,18.265753,52.17544,0.0,1015.82086
2010-04-14 00:00:00+00:00,19.842833,45.564053,0.0,1014.07086
2010-04-15 00:00:00+00:00,21.351168,46.31516,0.0,1011.67084
2010-04-16 00:00:00+00:00,21.844917,51.161133,0.0,1011.5625
2010-04-17 00:00:00+00:00,22.336586,41.317318,0.0,1013.84985
2010-04-18 00:00:00+00:00,26.392832,24.249231,0.0,1014.62494
2010-04-19 00:00:00+00:00,28.27825,23.609388,0.0,1012.1501
2010-04-20 00:00:00+00:00,25.626165,42.454388,0.0,1010.2751
2010-04-21 00:00:00+00:00,21.092833,54.204422,0.0,1011.55414
2010-04-22 00:00:00+00:00,18.9345,57.12555,0.0,1014.6958
2010-04-23 00:00:00+00:00,20.215752,49.441788,0.0,1017.99994
2010-04-24 00:00:00+00:00,21.161581,42.512142,0.0,1016.8792
2010-04-25 00:00:00+00:00,22.519918,41.322464,0.0,1013.4709
2010-04-26 00:00:00+00:00,23.980333,35.881603,0.0,1011.8208
2010-04-27 00:00:00+00:00,25.038666,37.311504,0.0,1011.17505
2010-04-28 00:00:00+00:00,21.428251,58.862934,0.0,1014.95825
2010-04-29 00:00:00+00:00,21.582418,54.853848,0.0,1013.7542
2010-04-30 00:00:00+00:00,22.109503,51.078644,0.0,1012.11676
2010-05-01 00:00:00+00:00,20.526167,57.188618,0.2,1013.31244
2010-05-02 00:00:00+00:00,20.969917,52.43898,0.0,1015.1042
2010-05-03 00:00:00+00:00,22.328253,48.101597,0.0,1014.0667
2010-05-04 00:00:00+00:00,23.311583,45.001522,0.0,1012.6584
2010-05-05 00:00:00+00:00,23.830332,42.256687,0.0,1010.8625
2010-05-06 00:00:00+00:00,25.08033,35.163162,0.0,1009.2376
2010-05-07 00:00:00+00:00,28.09492,23.652803,0.0,1008.2043
2010-05-08 00:00:00+00:00,29.026167,28.353601,0.0,1008.64166
2010-05-09 00:00:00+00:00,33.27825,20.379478,0.0,1002.95844
2010-05-10 00:00:00+00:00,24.638666,53.461445,0.0,1005.4666
2010-05-11 00:00:00+00:00,23.332415,52.54175,0.0,1009.76263
2010-05-12 00:00:00+00:00,23.509497,48.45308,0.0,1011.14166
2010-05-13 00:00:00+00:00,25.036585,39.542862,0.0,1011.81683
2010-05-14 00:00:00+00:00,28.692835,31.953568,0.0,1010.7959
2010-05-15 00:00:00+00:00,28.771997,30.365587,0.0,1011.6624
2010-05-16 00:00:00+00:00,31.463661,29.8238,0.0,1011.33746
2010-05-17 00:00:00+00:00,25.61783,52.384365,0.0,1013.74164
2010-05-18 00:00:00+00:00,22.409502,53.815704,0.0,1015.1043
2010-05-19 00:00:00+00:00,22.115751,48.56902,0.0,1016.3208
2010-05-20 00:00:00+00:00,22.217834,50.337646,0.0,1016.25415
2010-05-21 00:00:00+00:00,24.401167,43.253506,0.0,1012.83344
2010-05-22 00:00:00+00:00,24.515749,45.06096,0.0,1011.31665
2010-05-23 00:00:00+00:00,22.311584,50.71312,0.0,1015.61255
2010-05-24 00:00:00+00:00,22.597,52.56065,0.0,1016.05835
2010-05-25 00:00:00+00:00,23.949083,46.88972,0.0,1013.84985
2010-05-26 00:00:00+00:00,27.557419,37.345016,0.0,1009.2625
2010-05-27 00:00:00+00:00,26.192833,41.5499,0.0,1010.3416
2010-05-28 00:00:00+00:00,24.647001,51.220795,0.0,1013.7168
2010-05-29 00:00:00+00:00,25.786585,45.54838,0.0,1013.59576
2010-05-30 00:00:00+00:00,26.449081,41.808212,0.0,1011.14575
2010-05-31 00:00:00+00:00,28.499086,38.321384,0.0,1008.9543
2010-06-01 00:00:00+00:00,31.611582,25.512167,0.0,1006.2791
2010-06-02 00:00:00+00:00,28.267836,42.313046,0.0,1008.72925
2010-06-03 00:00:00+00:00,27.182411,44.68782,0.0,1011.86255
2010-06-04 00:00:00+00:00,25.847,50.2585,0.0,1013.95404
2010-06-05 00:00:00+00:00,25.836584,47.491943,0.0,1013.25006
2010-06-06 00:00:00+00:00,29.938665,37.557262,0.0,1010.2083
2010-06-07 00:00:00+00:00,27.192835,52.016876,0.0,1009.20416
2010-06-08 00:00:00+00:00,24.707418,53.63362,0.0,1011.53754
2010-06-09 00:00:00+00:00,25.457415,48.58917,0.0,1012.33746
2010-06-10 00:00:00+00:00,28.446997,36.66176,0.0,1008.6541
2010-06-11 00:00:00+00:00,27.494919,46.48586,0.0,1006.89166
2010-06-12 00:00:00+00:00,26.921999,51.867542,0.0,1008.92505
2010-06-13 00:00:00+00:00,27.813662,49.41608,0.0,1010.0125
2010-06-14 00:00:00+00:00,27.751165,50.524643,0.0,1011.4041
2010-06-15 00:00:00+00:00,28.609497,47.948147,0.0,1010.9207
2010-06-16 00:00:00+00:00,29.682411,53.237064,0.0,1008.56256
2010-06-17 00:00:00+00:00,30.457418,50.16017,0.0,1006.89594
2010-06-18 00:00:00+00:00,30.849085,43.229855,0.0,1006.10425
2010-06-19 00:00:00+00:00,30.342834,42.73229,0.0,1005.45825
2010-06-20 00:00:00+00:00,34.551167,26.178553,0.0,1004.36237
2010-06-21 00:00:00+00:00,34.44492,25.378996,0.0,1007.2375
2010-06-22 00:00:00+00:00,31.203247,34.444057,0.0,1009.55005
2010-06-23 00:00:00+00:00,29.869917,44.7484,0.0,1008.7293
2010-06-24 00:00:00+00:00,27.146997,49.011166,0.0,1009.6416
2010-06-25 00:00:00+00:00,25.544916,51.342564,0.0,1009.9666
2010-06-26 00:00:00+00:00,25.699081,52.00461,0.0,1011.1958
2010-06-27 00:00:00+00:00,26.609499,45.747852,0.0,1011.67487
2010-06-28 00:00:00+00:00,30.261587,34.723427,0.0,1009.2375
2010-06-29 00:00:00+00:00,30.530334,36.97411,0.0,1007.70844
2010-06-30 00:00:00+00:00,26.788666,53.26393,0.0,1010.70416
2010-07-01 00:00:00+00:00,26.799082,50.274517,0.0,1010.67914
2010-07-02 00:00:00+00:00,26.944916,55.260555,0.0,1009.8833
2010-07-03 00:00:00+00:00,27.211584,56.731873,0.0,1008.51685
2010-07-04 00:00:00+00:00,28.363665,57.408016,0.0,1008.3501
2010-07-05 00:00:00+00:00,28.199081,56.32802,0.0,1008.6875
2010-07-06 00:00:00+00:00,28.007421,57.004536,0.0,1008.84985
2010-07-07 00:00:00+00:00,27.851168,54.378315,0.0,1009.61237
2010-07-08 00:00:00+00:00,27.651167,56.98875,0.0,1010.18317
2010-07-09 00:00:00+00:00,28.267832,57.588017,0.0,1010.05835
2010-07-10 00:00:00+00:00,27.36783,57.23335,0.0,1010.7
2010-07-11 00:00:00+00:00,27.138664,54.39548,0.0,1010.8206
2010-07-12 00:00:00+00:00,27.847,56.23498,0.0,1009.64594
2010-07-13 00:00:00+00:00,28.072,58.427597,0.0,1008.08746
2010-07-14 00:00:00+00:00,28.580332,54.543884,0.0,1006.71246
2010-07-15 00:00:00+00:00,28.60533,56.29537,0.0,1005.72906
2010-07-16 00:00:00+00:00,29.390749,56.242844,0.0,1007.4709
2010-07-17 00:00:00+00:00,29.65117,55.663822,0.0,1008.9375
2010-07-18 00:00:00+00:00,30.338667,52.737244,0.0,1008.8582
2010-07-19 00:00:00+00:00,29.094917,54.863567,0.0,1008.95416
2010-07-20 00:00:00+00:00,28.576166,51.695065,0.0,1008.91254
2010-07-21 00:00:00+00:00,28.48242,55.413364,0.0,1008.02094
2010-07-22 00:00:00+00:00,28.197,62.612232,0.0,1005.9915
2010-07-23 00:00:00+00:00,28.699087,60.912827,0.0,1005.39996
2010-07-24 00:00:00+00:00,29.561583,57.379642,0.0,1004.19586
2010-07-25 00:00:00+00:00,30.499079,51.757633,0.0,1004.28345
2010-07-26 00:00:00+00:00,33.013668,38.54084,0.0,1006.3457
2010-07-27 00:00:00+00:00,31.153252,51.774353,0.0,1010.42914
2010-07-28 00:00:00+00:00,28.240751,56.649815,0.0,1009.2874
2010-07-29 00:00:00+00:00,28.494917,54.57214,0.0,1006.0791
2010-07-30 00:00:00+00:00,28.880335,54.52367,0.0,1006.15424
2010-07-31 00:00:00+00:00,29.946999,51.81586,0.0,1007.1667
2010-08-01 00:00:00+00:00,30.009499,57.152786,0.0,1007.6416
2010-08-02 00:00:00+00:00,29.586578,60.35625,0.0,1006.8374
2010-08-03 00:00:00+00:00,29.497002,61.4391,0.0,1004.7874
2010-08-04 00:00:00+00:00,30.674082,51.277477,0.0,1003.7043
2010-08-05 00:00:00+00:00,33.447,39.168827,0.0,1004.18335
2010-08-06 00:00:00+00:00,31.494917,51.787647,0.0,1008.125
2010-08-07 00:00:00+00:00,30.499083,55.968185,0.0,1010.83325
2010-08-08 00:00:00+00:00,28.811579,57.89121,0.0,1009.15424
2010-08-09 00:00:00+00:00,28.749083,57.907475,0.0,1007.74567
2010-08-10 00:00:00+00:00,29.192835,57.586502,0.0,1007.72076
2010-08-11 00:00:00+00:00,29.842834,57.96669,0.0,1008.8625
2010-08-12 00:00:00+00:00,29.605331,55.71433,0.0,1009.9043
2010-08-13 00:00:00+00:00,29.532415,58.559452,0.0,1009.97076
2010-08-14 00:00:00+00:00,29.794914,63.523098,0.0,1008.9334
2010-08-15 00:00:00+00:00,30.999084,58.576183,0.0,1007.5625
2010-08-16 00:00:00+00:00,30.7845,57.082714,0.0,1006.9917
2010-08-17 00:00:00+00:00,31.184502,57.10071,0.0,1006.77496
2010-08-18 00:00:00+00:00,31.063667,54.993607,0.0,1005.2541
2010-08-19 00:00:00+00:00,30.788666,53.661915,0.0,1006.52496
2010-08-20 00:00:00+00:00,30.619917,57.753418,0.0,1008.825
2010-08-21 00:00:00+00:00,30.365753,61.229534,0.0,1008.11664
2010-08-22 00:00:00+00:00,30.303251,63.02783,0.0,1004.8752
2010-08-23 00:00:00+00:00,30.328247,62.29854,0.0,1005.1292
2010-08-24 00:00:00+00:00,30.330332,61.551098,0.0,1007.3752
2010-08-25 00:00:00+00:00,28.85116,58.59669,0.0,1007.8709
2010-08-26 00:00:00+00:00,29.061583,61.582287,0.0,1005.73755
2010-08-27 00:00:00+00:00,30.301168,57.31441,0.0,1005.87494
2010-08-28 00:00:00+00:00,30.017836,54.64616,0.0,1007.0708
2010-08-29 00:00:00+00:00,29.274084,54.68957,0.0,1008.6416
2010-08-30 00:00:00+00:00,29.217833,52.77299,0.0,1007.76666
2010-08-31 00:00:00+00:00,29.090746,56.411343,0.0,1006.4416
2010-09-01 00:00:00+00:00,28.942833,58.87657,0.0,1007.7043
2010-09-02 00:00:00+00:00,28.653252,52.677105,0.0,1011.30426
2010-09-03 00:00:00+00:00,27.244919,47.813614,0.0,1012.37915
2010-09-04 00:00:00+00:00,26.876162,51.391514,0.0,1010.4832
2010-09-05 00:00:00+00:00,26.994919,54.09036,0.0,1009.56256
2010-09-06 00:00:00+00:00,29.361582,54.273083,0.0,1009.6375
2010-09-07 00:00:00+00:00,29.917831,49.123688,0.0,1010.1626
2010-09-08 00:00:00+00:00,28.459497,54.71817,0.0,1011.679
2010-09-09 00:00:00+00:00,27.426168,55.971203,0.0,1011.0251
2010-09-10 00:00:00+00:00,27.394918,58.18758,0.0,1008.5459
2010-09-11 00:00:00+00:00,27.726166,52.938885,0.0,1009.3584
2010-09-12 00:00:00+00:00,28.151167,56.361683,0.0,1011.42926
2010-09-13 00:00:00+00:00,27.353249,59.23515,0.0,1012.0251
2010-09-14 00:00:00+00:00,26.382418,58.141636,0.0,1011.8249
2010-09-15 00:00:00+00:00,25.936579,54.748676,0.0,1012.0457
2010-09-16 00:00:00+00:00,26.015745,52.995438,0.0,1012.19165
2010-09-17 00:00:00+00:00,26.038668,53.77817,0.0,1013.1584
2010-09-18 00:00:00+00:00,26.607416,56.79503,0.0,1011.37915
2010-09-19 00:00:00+00:00,27.911583,59.05382,0.0,1008.5125
2010-09-20 00:00:00+00:00,27.553247,60.583973,0.0,1008.4958
2010-09-21 00:00:00+00:00,27.81575,56.792255,0.0,1009.2917
2010-09-22 00:00:00+00:00,27.242834,56.643185,0.0,1010.75006
2010-09-23 00:00:00+00:00,27.47825,57.182587,0.0,1012.0334
2010-09-24 00:00:00+00:00,27.486582,58.931232,0.0,1010.8459
2010-09-25 00:00:00+00:00,28.119917,53.849125,0.0,1011.23334
2010-09-26 00:00:00+00:00,28.803251,48.15332,0.0,1012.5666
2010-09-27 00:00:00+00:00,30.569916,43.104218,0.0,1013.92084
2010-09-28 00:00:00+00:00,29.728247,52.97032,0.0,1013.4917
2010-09-29 00:00:00+00:00,29.109499,49.20877,0.0,1012.08344
2010-09-30 00:00:00+00:00,30.592834,44.16292,0.0,1011.46674
2010-10-01 00:00:00+00:00,30.734499,46.41659,0.0,1010.13745
2010-10-02 00:00:00+00:00,30.067831,57.454456,0.0,1009.28754
2010-10-03 00:00:00+00:00,28.43867,58.74551,0.0,1010.77094
2010-10-04 00:00:00+00:00,26.592833,54.459316,0.0,1013.65826
2010-10-05 00:00:00+00:00,25.147001,51.855846,0.0,1014.3042
2010-10-06 00:00:00+00:00,24.544916,56.528584,0.0,1013.68353
2010-10-07 00:00:00+00:00,24.763666,56.458965,0.0,1012.6333
2010-10-08 00:00:00+00:00,25.299086,56.32903,0.0,1011.82916
2010-10-09 00:00:00+00:00,24.61367,55.21245,0.0,1012.92487
2010-10-10 00:00:00+00:00,24.369913,58.59541,0.0,1010.2375
2010-10-11 00:00:00+00:00,24.817835,58.692585,0.0,1013.73755
2010-10-12 00:00:00+00:00,25.592834,54.12459,0.0,1015.81256
2010-10-13 00:00:00+00:00,27.192833,49.313183,0.0,1014.10406
2010-10-14 00:00:00+00:00,29.815744,34.04822,0.0,1009.8333
2010-10-15 00:00:00+00:00,29.111582,40.030193,0.0,1008.42914
2010-10-16 00:00:00+00:00,28.332415,53.635513,0.0,1011.5208
2010-10-17 00:00:00+00:00,27.196999,56.509953,0.2,1012.89575
2010-10-18 00:00:00+00:00,27.347,52.647686,0.0,1011.37915
2010-10-19 00:00:00+00:00,30.759499,33.86794,0.0,1009.8918
2010-10-20 00:00:00+00:00,28.434502,45.72319,0.0,1013.92487
2010-10-21 00:00:00+00:00,25.903252,61.114613,0.0,1017.19574
2010-10-22 00:00:00+00:00,25.280334,61.632187,0.0,1016.09576
2010-10-23 00:00:00+00:00,23.511583,58.117107,0.0,1015.9251
2010-10-24 00:00:00+00:00,22.774086,58.1666,0.0,1016.021
2010-10-25 00:00:00+00:00,22.126167,56.03735,0.0,1016.9458
2010-10-26 00:00:00+00:00,22.369919,57.490894,0.0,1017.35834
2010-10-27 00:00:00+00:00,24.911581,56.853428,0.0,1014.6499
2010-10-28 00:00:00+00:00,25.115747,51.753452,0.0,1010.65845
2010-10-29 00:00:00+00:00,21.726166,61.31091,0.0,1014.2541
2010-10-30 00:00:00+00:00,20.78658,62.616405,0.1,1016.69165
2010-10-31 00:00:00+00:00,20.299082,61.31004,0.0,1017.675
2010-11-01 00:00:00+00:00,20.876165,61.099945,0.0,1016.2666
2010-11-02 00:00:00+00:00,21.855333,53.314144,0.0,1015.7041
2010-11-03 00:00:00+00:00,22.39908,55.48878,0.0,1016.3125
2010-11-04 00:00:00+00:00,23.553253,54.91605,0.0,1016.7834
2010-11-05 00:00:00+00:00,23.582418,64.16114,0.0,1017.07086
2010-11-06 00:00:00+00:00,22.413666,64.77836,0.0,1016.20416
2010-11-07 00:00:00+00:00,20.122002,60.134914,0.0,1015.50836
2010-11-08 00:00:00+00:00,20.37617,60.493496,0.0,1014.5542
2010-11-09 00:00:00+00:00,20.801168,65.807915,0.0,1013.85004
2010-11-10 00:00:00+00:00,21.60325,67.8524,0.0,1018.67505
2010-11-11 00:00:00+00:00,21.27408,70.46021,0.0,1018.2083
2010-11-12 00:00:00+00:00,21.472,57.228832,0.0,1012.075
2010-11-13 00:00:00+00:00,24.667833,43.75446,0.0,1009.78326
2010-11-14 00:00:00+00:00,21.790749,58.27479,0.0,1014.9041
2010-11-15 00:00:00+00:00,21.4095,66.39709,0.0,1017.8166
2010-11-16 00:00:00+00:00,20.890749,65.71322,0.0,1016.1335
2010-11-17 00:00:00+00:00,20.086582,66.37838,0.0,1014.6792
2010-11-18 00:00:00+00:00,20.867834,71.44329,0.0,1016.91675
2010-11-19 00:00:00+00:00,21.867836,72.389244,0.0,1018.6624
2010-11-20 00:00:00+00:00,21.563665,69.746925,0.0,1017.1248
2010-11-21 00:00:00+00:00,19.417833,66.456474,0.0,1015.7668
2010-11-22 00:00:00+00:00,19.463667,62.141438,0.0,1014.97076
2010-11-23 00:00:00+00:00,18.107418,64.82235,0.0,1014.28326
2010-11-24 00:00:00+00:00,18.913666,57.60686,0.0,1015.05
2010-11-25 00:00:00+00:00,19.680334,53.064514,0.0,1016.0166
2010-11-26 00:00:00+00:00,19.719917,58.36275,0.0,1016.41675
2010-11-27 00:00:00+00:00,19.594915,68.8969,0.0,1017.65826
2010-11-28 00:00:00+00:00,20.759499,69.34973,0.0,1017.825
2010-11-29 00:00:00+00:00,22.1345,54.877335,0.0,1016.45844
2010-11-30 00:00:00+00:00,20.819916,57.20108,0.0,1017.85406
2010-12-01 00:00:00+00:00,19.624083,61.79456,0.0,1018.44183
2010-12-02 00:00:00+00:00,18.726166,65.46933,0.0,1018.11676
2010-12-03 00:00:00+00:00,18.717834,54.667328,0.0,1017.63745
2010-12-04 00:00:00+00:00,18.351166,50.88893,0.0,1016.4582
2010-12-05 00:00:00+00:00,16.922,71.01272,0.0,1015.62067
2010-12-06 00:00:00+00:00,17.313667,62.0836,0.0,1016.50836
2010-12-07 00:00:00+00:00,17.124084,59.928623,0.0,1017.19147
2010-12-08 00:00:00+00:00,17.355333,63.536037,0.0,1018.20013
2010-12-09 00:00:00+00:00,18.057417,64.80396,0.0,1016.22504
2010-12-10 00:00:00+00:00,17.801168,53.027393,0.0,1010.99994
2010-12-11 00:00:00+00:00,16.509499,42.579662,0.0,1005.53754
2010-12-12 00:00:00+00:00,11.380334,46.9846,0.8,1010.09985
2010-12-13 00:00:00+00:00,12.967835,48.527912,0.0,1018.67914
2010-12-14 00:00:00+00:00,13.722,36.04223,0.0,1017.85004
2010-12-15 00:00:00+00:00,15.230334,30.09847,0.0,1014.10004
2010-12-16 00:00:00+00:00,16.86575,30.916674,0.0,1013.1416
2010-12-17 00:00:00+00:00,16.4595,32.454285,0.0,1013.81665
2010-12-18 00:00:00+00:00,12.142834,45.352245,0.0,1019.9834
2010-12-19 00:00:00+00:00,13.611584,58.333206,0.0,1021.3083
2010-12-20 00:00:00+00:00,15.459499,71.97863,0.0,1021.52094
2010-12-21 00:00:00+00:00,16.617834,72.670296,0.0,1020.1958
2010-12-22 00:00:00+00:00,17.061583,76.354614,0.0,1019.0083
2010-12-23 00:00:00+00:00,16.94075,74.385086,0.0,1018.74994
2010-12-24 00:00:00+00:00,15.849084,68.06127,0.0,1018.78754
2010-12-25 00:00:00+00:00,16.255335,58.825535,0.0,1017.92084
2010-12-26 00:00:00+00:00,16.81575,53.424854,0.0,1016.91675
2010-12-27 00:00:00+00:00,16.338667,41.139153,0.0,1013.8831
2010-12-28 00:00:00+00:00,17.688665,38.334095,0.0,1010.69586
2010-12-29 00:00:00+00:00,18.5095,53.18297,0.0,1009.89166
2010-12-30 00:00:00+00:00,17.897003,74.15926,0.0,1013.67914
2010-12-31 00:00:00+00:00,15.3011675,62.952503,0.0,1019.45416
2011-01-01 00:00:00+00:00,15.167834,57.572933,0.0,1019.01666
2011-01-02 00:00:00+00:00,14.876167,60.250813,0.0,1016.58746
2011-01-03 00:00:00+00:00,14.17825,61.810486,0.0,1014.5459
2011-01-04 00:00:00+00:00,13.6345,53.71884,0.0,1015.7332
2011-01-05 00:00:00+00:00,13.622001,71.44264,0.0,1018.53326
2011-01-06 00:00:00+00:00,13.949084,62.443127,0.0,1021.44995
2011-01-07 00:00:00+00:00,13.342834,66.11872,0.0,1022.1541
2011-01-08 00:00:00+00:00,13.157417,62.22047,0.0,1021.8376
2011-01-09 00:00:00+00:00,14.057418,58.33086,0.0,1022.87067
2011-01-10 00:00:00+00:00,13.869916,68.05042,0.0,1023.3042
2011-01-11 00:00:00+00:00,14.838668,66.113716,0.0,1021.0749
2011-01-12 00:00:00+00:00,14.263668,66.44445,0.0,1015.52484
2011-01-13 00:00:00+00:00,13.922001,63.726658,0.0,1011.62506
2011-01-14 00:00:00+00:00,13.3011675,59.38122,0.0,1011.60834
2011-01-15 00:00:00+00:00,13.559502,69.067116,0.8,1015.3709
2011-01-16 00:00:00+00:00,13.917834,70.21054,0.0,1018.4126
2011-01-17 00:00:00+00:00,11.299083,82.076256,8.2,1012.77075
2011-01-18 00:00:00+00:00,12.449082,83.323074,0.0,1014.6541
2011-01-19 00:00:00+00:00,12.261584,86.52435,1.2,1018.13745
2011-01-20 00:00:00+00:00,12.967834,80.05593,0.1,1018.9583
2011-01-21 00:00:00+00:00,13.559502,68.39324,0.0,1019.2625
2011-01-22 00:00:00+00:00,13.607419,61.647923,0.0,1020.15845
2011-01-23 00:00:00+00:00,13.840751,68.335014,0.0,1020.74994
2011-01-24 00:00:00+00:00,13.2699175,68.46109,0.0,1019.42926
2011-01-25 00:00:00+00:00,13.140751,65.2759,0.0,1015.6584
2011-01-26 00:00:00+00:00,14.04075,51.551258,0.0,1015.07074
2011-01-27 00:00:00+00:00,15.392833,52.161423,0.0,1016.3459
2011-01-28 00:00:00+00:00,16.771997,56.872387,0.0,1016.7791
2011-01-29 00:00:00+00:00,17.8845,50.056065,0.1,1011.94165
2011-01-30 00:00:00+00:00,14.744918,69.87789,0.0,1014.4666
2011-01-31 00:00:00+00:00,13.8636675,66.341034,0.0,1015.25415
2011-02-01 00:00:00+00:00,14.896999,62.53625,0.0,1012.8167
2011-02-02 00:00:00+00:00,13.401168,58.440975,0.0,1017.38763
2011-02-03 00:00:00+00:00,18.32825,41.39114,0.0,1014.08746
2011-02-04 00:00:00+00:00,17.678251,51.31477,0.0,1016.8042
2011-02-05 00:00:00+00:00,14.2490835,75.70087,0.0,1020.0874
2011-02-06 00:00:00+00:00,15.836585,66.63091,0.8,1017.36664
2011-02-07 00:00:00+00:00,14.892833,74.630844,0.0,1015.05835
2011-02-08 00:00:00+00:00,14.794918,64.60573,0.0,1016.825
2011-02-09 00:00:00+00:00,14.911583,63.152004,0.0,1015.52905
2011-02-10 00:00:00+00:00,14.138667,72.25269,0.0,1014.3208
2011-02-11 00:00:00+00:00,14.767833,63.196423,0.0,1018.13745
2011-02-12 00:00:00+00:00,13.8428335,58.3215,0.0,1019.9416
2011-02-13 00:00:00+00:00,13.94075,61.288944,0.0,1018.72076
2011-02-14 00:00:00+00:00,14.532416,58.10515,0.0,1015.95416
2011-02-15 00:00:00+00:00,17.647001,40.23726,0.0,1008.0625
2011-02-16 00:00:00+00:00,15.786583,57.468754,0.0,1014.1875
2011-02-17 00:00:00+00:00,15.044918,63.62553,0.0,1019.66254
2011-02-18 00:00:00+00:00,16.690752,43.97667,0.0,1014.8167
2011-02-19 00:00:00+00:00,18.286585,22.704653,0.0,1010.63336
2011-02-20 00:00:00+00:00,16.399084,51.512238,0.0,1014.01666
2011-02-21 00:00:00+00:00,16.05325,55.337803,0.0,1016.6291
2011-02-22 00:00:00+00:00,16.9345,43.529583,0.0,1013.0749
2011-02-23 00:00:00+00:00,18.219915,36.318348,0.0,1012.87494
2011-02-24 00:00:00+00:00,17.594917,41.807575,0.0,1012.25836
2011-02-25 00:00:00+00:00,14.688667,38.874268,0.0,1011.82086
2011-02-26 00:00:00+00:00,14.6095,41.678883,0.0,1014.72064
2011-02-27 00:00:00+00:00,15.244919,39.883846,0.0,1015.65826
2011-02-28 00:00:00+00:00,15.453251,38.080284,0.0,1018.22076
2011-03-01 00:00:00+00:00,15.540751,58.640087,0.0,1020.15424
2011-03-02 00:00:00+00:00,16.201166,61.307632,0.0,1020.5332
2011-03-03 00:00:00+00:00,17.019917,61.28961,0.0,1020.12915
2011-03-04 00:00:00+00:00,17.755331,60.024586,0.0,1019.2375
2011-03-05 00:00:00+00:00,18.072,53.31906,0.0,1017.09576
2011-03-06 00:00:00+00:00,20.696999,40.010746,0.0,1012.0334
2011-03-07 00:00:00+00:00,16.061583,56.680817,0.0,1013.8875
2011-03-08 00:00:00+00:00,16.182417,43.660553,0.0,1013.3957
2011-03-09 00:00:00+00:00,12.963668,44.958466,0.2,1016.53754
2011-03-10 00:00:00+00:00,11.090751,52.228485,0.0,1019.91675
2011-03-11 00:00:00+00:00,12.253251,52.135376,0.0,1019.2959
2011-03-12 00:00:00+00:00,13.059501,59.569717,0.0,1021.1875
2011-03-13 00:00:00+00:00,14.522,56.066593,0.0,1024.2875
2011-03-14 00:00:00+00:00,15.069919,49.78479,0.0,1025.5708
2011-03-15 00:00:00+00:00,16.557417,53.64915,0.0,1023.91675
2011-03-16 00:00:00+00:00,17.85325,48.398438,0.0,1021.175
2011-03-17 00:00:00+00:00,18.132416,48.851925,0.0,1018.67505
2011-03-18 00:00:00+00:00,19.328253,49.067684,0.0,1016.21246
2011-03-19 00:00:00+00:00,21.1845,39.979404,0.2,1013.3542
2011-03-20 00:00:00+00:00,19.530334,56.36516,0.0,1011.37085
2011-03-21 00:00:00+00:00,18.207417,65.87231,0.0,1014.2751
2011-03-22 00:00:00+00:00,17.096998,59.24068,0.0,1018.4416
2011-03-23 00:00:00+00:00,15.801167,59.032787,0.0,1019.72925
2011-03-24 00:00:00+00:00,14.088666,56.803486,0.0,1019.0708
2011-03-25 00:00:00+00:00,15.163667,51.457645,0.0,1021.4334
2011-03-26 00:00:00+00:00,16.176168,49.598663,0.0,1022.84576
2011-03-27 00:00:00+00:00,16.642832,52.45017,0.0,1021.8499
2011-03-28 00:00:00+00:00,16.949083,52.04803,0.0,1020.80835
2011-03-29 00:00:00+00:00,18.040749,49.623035,0.0,1019.85834
2011-03-30 00:00:00+00:00,18.4595,51.083218,0.0,1017.85004
2011-03-31 00:00:00+00:00,19.99283,49.27516,0.0,1013.83746
2011-04-01 00:00:00+00:00,23.101166,46.35172,0.0,1011.82513
2011-04-02 00:00:00+00:00,19.692833,49.15096,0.2,1013.45013
2011-04-03 00:00:00+00:00,17.638666,58.51004,1.5,1012.38763
2011-04-04 00:00:00+00:00,16.607416,62.89459,0.0,1014.39594
2011-04-05 00:00:00+00:00,16.142832,63.249783,0.0,1015.3709
2011-04-06 00:00:00+00:00,16.361584,58.219494,0.0,1013.80414
2011-04-07 00:00:00+00:00,19.815748,47.787205,0.3,1009.9627
2011-04-08 00:00:00+00:00,19.117834,54.62273,0.0,1012.40814
2011-04-09 00:00:00+00:00,17.782417,61.219624,0.0,1016.14594
2011-04-10 00:00:00+00:00,20.611584,37.451515,0.0,1013.10406
2011-04-11 00:00:00+00:00,21.140749,40.47089,0.0,1010.0251
2011-04-12 00:00:00+00:00,17.663666,51.183567,0.0,1014.30005
2011-04-13 00:00:00+00:00,16.917835,48.315556,0.0,1017.4832
2011-04-14 00:00:00+00:00,19.626167,42.3781,0.0,1014.9709
2011-04-15 00:00:00+00:00,24.432417,25.720034,0.0,1012.72076
2011-04-16 00:00:00+00:00,27.663668,19.298693,0.0,1012.0125
2011-04-17 00:00:00+00:00,29.276167,15.2198305,0.0,1011.7
2011-04-18 00:00:00+00:00,27.438662,26.920347,0.0,1009.67505
2011-04-19 00:00:00+00:00,20.530333,51.179348,0.0,1011.33325
2011-04-20 00:00:00+00:00,18.753252,49.64159,0.0,1012.72504
2011-04-21 00:00:00+00:00,16.882418,57.29895,0.0,1012.075
2011-04-22 00:00:00+00:00,17.078253,58.219986,0.0,1011.82513
2011-04-23 00:00:00+00:00,18.774082,52.83228,0.0,1013.01666
2011-04-24 00:00:00+00:00,19.313667,53.986984,0.0,1013.1125
2011-04-25 00:00:00+00:00,18.959497,51.292393,0.0,1013.1916
2011-04-26 00:00:00+00:00,21.359499,39.248775,0.0,1011.6042
2011-04-27 00:00:00+00:00,24.263666,37.870132,0.0,1009.25415
2011-04-28 00:00:00+00:00,25.176165,46.171326,0.4,1004.7542
2011-04-29 00:00:00+00:00,21.444916,56.10217,0.0,1005.5334
2011-04-30 00:00:00+00:00,20.026167,61.671207,1.0,1010.8875
2011-05-01 00:00:00+00:00,22.819916,42.38463,0.0,1014.16254
2011-05-02 00:00:00+00:00,27.655334,27.653015,0.0,1012.2126
2011-05-03 00:00:00+00:00,25.161583,42.069637,0.0,1011.7249
2011-05-04 00:00:00+00:00,29.18242,27.992361,0.0,1009.4834
2011-05-05 00:00:00+00:00,27.41992,40.062496,0.6,1011.2209
2011-05-06 00:00:00+00:00,21.884504,58.2043,0.0,1015.075
2011-05-07 00:00:00+00:00,20.001165,57.439075,0.0,1015.65845
2011-05-08 00:00:00+00:00,20.017836,52.637634,0.0,1014.5168
2011-05-09 00:00:00+00:00,21.003248,51.851315,0.0,1012.84576
2011-05-10 00:00:00+00:00,21.740751,49.349594,0.0,1012.5208
2011-05-11 00:00:00+00:00,24.463667,40.896046,0.0,1009.8708
2011-05-12 00:00:00+00:00,21.226171,44.583706,0.0,1012.93335
2011-05-13 00:00:00+00:00,20.27825,47.842133,0.0,1013.87067
2011-05-14 00:00:00+00:00,19.251167,56.148987,0.0,1013.9751
2011-05-15 00:00:00+00:00,20.632416,54.340786,0.0,1013.4292
2011-05-16 00:00:00+00:00,21.588669,54.709827,0.0,1014.06665
2011-05-17 00:00:00+00:00,22.392832,53.729813,0.0,1014.02924
2011-05-18 00:00:00+00:00,22.863663,45.101665,0.0,1014.54193
2011-05-19 00:00:00+00:00,26.709497,29.76219,0.0,1014.0959
2011-05-20 00:00:00+00:00,25.638666,43.115574,0.0,1013.52924
2011-05-21 00:00:00+00:00,23.899084,49.497578,0.0,1012.33344
2011-05-22 00:00:00+00:00,23.869917,48.55394,0.0,1011.8083
2011-05-23 00:00:00+00:00,25.026167,44.326084,0.0,1013.0708
2011-05-24 00:00:00+00:00,26.838663,37.765987,0.0,1013.71246
2011-05-25 00:00:00+00:00,28.70117,31.54917,0.0,1012.5916
2011-05-26 00:00:00+00:00,30.569916,26.744528,0.0,1011.97925
2011-05-27 00:00:00+00:00,30.782412,28.667847,0.0,1010.87933
2011-05-28 00:00:00+00:00,25.874083,47.84912,0.0,1010.9875
2011-05-29 00:00:00+00:00,24.494913,52.444187,0.0,1012.50824
2011-05-30 00:00:00+00:00,25.769918,49.36243,0.0,1013.8042
2011-05-31 00:00:00+00:00,25.959497,48.71204,0.0,1013.4917
2011-06-01 00:00:00+00:00,25.22825,51.806137,0.0,1013.1584
2011-06-02 00:00:00+00:00,24.865747,49.77797,0.0,1013.1792
2011-06-03 00:00:00+00:00,25.647001,50.238117,0.0,1012.75006
2011-06-04 00:00:00+00:00,26.14908,53.196857,0.0,1011.87085
2011-06-05 00:00:00+00:00,26.784498,52.069397,0.0,1010.95416
2011-06-06 00:00:00+00:00,26.465752,49.458908,0.0,1010.0124
2011-06-07 00:00:00+00:00,27.588669,47.699337,0.0,1010.19995
2011-06-08 00:00:00+00:00,28.755333,41.17997,0.0,1011.56244
2011-06-09 00:00:00+00:00,30.161583,35.363197,0.0,1010.6291
2011-06-10 00:00:00+00:00,32.03242,31.285208,0.0,1006.7249
2011-06-11 00:00:00+00:00,26.794914,50.334988,0.0,1008.64594
2011-06-12 00:00:00+00:00,26.042833,51.091618,0.0,1011.22076
2011-06-13 00:00:00+00:00,25.238665,50.702667,0.0,1011.7376
2011-06-14 00:00:00+00:00,25.799082,52.212982,0.0,1011.72076
2011-06-15 00:00:00+00:00,27.038668,46.303005,0.0,1012.0418
2011-06-16 00:00:00+00:00,27.157417,47.051453,0.0,1012.85425
2011-06-17 00:00:00+00:00,26.865751,49.143967,0.0,1012.7541
2011-06-18 00:00:00+00:00,25.609499,54.898273,0.0,1011.98334
2011-06-19 00:00:00+00:00,25.982412,55.990784,0.0,1010.10425
2011-06-20 00:00:00+00:00,27.003248,54.2654,0.0,1009.3291
2011-06-21 00:00:00+00:00,27.634504,50.67422,0.0,1010.5583
2011-06-22 00:00:00+00:00,28.586584,49.3808,0.0,1009.53345
2011-06-23 00:00:00+00:00,29.024086,54.28924,0.0,1007.7625
2011-06-24 00:00:00+00:00,27.994913,55.767963,0.0,1007.20416
2011-06-25 00:00:00+00:00,27.846998,54.29088,0.0,1006.71246
2011-06-26 00:00:00+00:00,27.667833,48.344593,0.0,1005.9416
2011-06-27 00:00:00+00:00,26.81575,53.918446,0.0,1006.4375
2011-06-28 00:00:00+00:00,25.155334,48.75435,0.0,1008.07916
2011-06-29 00:00:00+00:00,24.96575,43.52513,0.0,1010.8833
2011-06-30 00:00:00+00:00,25.824081,45.180943,0.0,1011.50836
2011-07-01 00:00:00+00:00,26.453253,49.60198,0.0,1009.6333
2011-07-02 00:00:00+00:00,27.255335,50.43472,0.0,1009.02094
2011-07-03 00:00:00+00:00,28.457413,47.564144,0.0,1009.39575
2011-07-04 00:00:00+00:00,27.634497,50.432125,0.0,1009.4875
2011-07-05 00:00:00+00:00,26.907417,53.845325,0.0,1008.875
2011-07-06 00:00:00+00:00,26.736582,54.21994,0.0,1008.35004
2011-07-07 00:00:00+00:00,28.203255,47.87973,0.0,1009.1624
2011-07-08 00:00:00+00:00,29.680334,38.918476,0.0,1009.77515
2011-07-09 00:00:00+00:00,30.005331,40.497852,0.0,1009.76666
2011-07-10 00:00:00+00:00,28.538666,54.99852,0.0,1007.84985
2011-07-11 00:00:00+00:00,29.328249,56.043064,0.0,1005.71246
2011-07-12 00:00:00+00:00,28.990747,57.0734,0.0,1004.68756
2011-07-13 00:00:00+00:00,28.794916,54.914673,0.0,1005.50836
2011-07-14 00:00:00+00:00,29.457418,52.448032,0.0,1007.7666
2011-07-15 00:00:00+00:00,29.142836,55.093616,0.0,1008.99994
2011-07-16 00:00:00+00:00,28.413666,54.64526,0.0,1007.3667
2011-07-17 00:00:00+00:00,28.376165,56.386517,0.0,1004.7249
2011-07-18 00:00:00+00:00,29.211584,51.93004,0.0,1003.8709
2011-07-19 00:00:00+00:00,29.459501,55.738712,0.0,1004.3625
2011-07-20 00:00:00+00:00,29.66992,54.971874,0.0,1004.2166
2011-07-21 00:00:00+00:00,30.457415,53.15004,0.0,1004.7708
2011-07-22 00:00:00+00:00,28.740746,56.742092,0.0,1006.09155
2011-07-23 00:00:00+00:00,28.426163,51.443172,0.0,1006.8582
2011-07-24 00:00:00+00:00,29.434502,48.8605,0.0,1004.85004
2011-07-25 00:00:00+00:00,31.390747,45.486866,0.0,1005.97504
2011-07-26 00:00:00+00:00,28.584497,57.263187,0.0,1011.7126
2011-07-27 00:00:00+00:00,29.028252,54.96374,0.0,1012.5999
2011-07-28 00:00:00+00:00,28.961584,55.2429,0.0,1007.87915
2011-07-29 00:00:00+00:00,29.053253,59.924847,0.0,1004.14594
2011-07-30 00:00:00+00:00,29.444916,60.06599,0.0,1005.19586
2011-07-31 00:00:00+00:00,28.997,57.28387,0.0,1006.0291
2011-08-01 00:00:00+00:00,28.151163,58.184887,0.0,1006.41656
2011-08-02 00:00:00+00:00,29.122002,52.04166,0.0,1007.9167
2011-08-03 00:00:00+00:00,30.086584,47.829296,0.0,1007.9709
2011-08-04 00:00:00+00:00,29.157415,55.42035,0.0,1007.73334
2011-08-05 00:00:00+00:00,28.521997,61.600407,0.0,1008.1375
2011-08-06 00:00:00+00:00,28.853249,57.08762,0.0,1007.58746
2011-08-07 00:00:00+00:00,28.21158,60.91696,0.0,1007.58325
2011-08-08 00:00:00+00:00,28.3845,59.351658,0.0,1007.98755
2011-08-09 00:00:00+00:00,28.546997,58.49283,0.0,1006.49585
2011-08-10 00:00:00+00:00,28.453255,56.25516,0.0,1004.9294
2011-08-11 00:00:00+00:00,28.976166,54.966686,0.0,1004.7834
2011-08-12 00:00:00+00:00,27.882418,59.478672,0.0,1004.9375
2011-08-13 00:00:00+00:00,27.094917,55.469837,0.0,1004.83325
2011-08-14 00:00:00+00:00,27.322,56.666718,0.0,1007.25433
2011-08-15 00:00:00+00:00,27.359503,57.054928,0.0,1009.4333
2011-08-16 00:00:00+00:00,27.45117,56.571644,0.0,1009.26654
2011-08-17 00:00:00+00:00,27.903244,54.18277,0.0,1008.8625
2011-08-18 00:00:00+00:00,28.232416,47.856003,0.0,1009.1333
2011-08-19 00:00:00+00:00,27.95117,58.327618,0.0,1007.79584
2011-08-20 00:00:00+00:00,29.01367,61.313675,0.0,1007.01245
2011-08-21 00:00:00+00:00,29.017836,54.215847,0.0,1007.72076
2011-08-22 00:00:00+00:00,30.694914,44.50478,0.0,1008.2209
2011-08-23 00:00:00+00:00,30.66575,43.333576,0.0,1009.8125
2011-08-24 00:00:00+00:00,28.319916,55.938213,0.0,1008.88336
2011-08-25 00:00:00+00:00,28.734497,52.684025,0.0,1007.94586
2011-08-26 00:00:00+00:00,28.969917,46.035336,0.0,1008.24164
2011-08-27 00:00:00+00:00,29.344912,46.10252,0.0,1008.98334
2011-08-28 00:00:00+00:00,27.482414,54.730698,0.0,1009.3416
2011-08-29 00:00:00+00:00,27.959497,54.383205,0.0,1009.57513
2011-08-30 00:00:00+00:00,27.482416,54.34944,0.0,1010.25836
2011-08-31 00:00:00+00:00,27.226168,55.90864,0.0,1011.25836
2011-09-01 00:00:00+00:00,26.81575,55.32857,0.0,1010.5876
2011-09-02 00:00:00+00:00,27.422005,59.952274,0.0,1007.3791
2011-09-03 00:00:00+00:00,28.244917,57.252407,0.0,1006.15826
2011-09-04 00:00:00+00:00,28.080336,55.13606,0.0,1008.021
2011-09-05 00:00:00+00:00,28.351164,51.83786,0.0,1010.73334
2011-09-06 00:00:00+00:00,28.31575,56.580215,0.0,1010.67487
2011-09-07 00:00:00+00:00,27.207418,57.06998,0.0,1007.7791
2011-09-08 00:00:00+00:00,27.8095,54.788776,0.0,1006.65826
2011-09-09 00:00:00+00:00,28.063667,56.08214,0.0,1009.66254
2011-09-10 00:00:00+00:00,27.567835,56.816494,0.0,1012.4626
2011-09-11 00:00:00+00:00,27.613665,59.752186,0.0,1011.1209
2011-09-12 00:00:00+00:00,28.238668,59.263958,0.0,1009.4958
2011-09-13 00:00:00+00:00,27.613665,54.881107,0.0,1009.50415
2011-09-14 00:00:00+00:00,27.063667,57.673084,0.0,1010.05396
2011-09-15 00:00:00+00:00,27.226164,60.967976,0.0,1010.25824
2011-09-16 00:00:00+00:00,27.097,57.12259,0.0,1009.2124
2011-09-17 00:00:00+00:00,27.622,57.071507,0.0,1008.4292
2011-09-18 00:00:00+00:00,27.747002,51.170017,0.0,1008.73334
2011-09-19 00:00:00+00:00,27.1595,48.910828,0.0,1012.03326
2011-09-20 00:00:00+00:00,27.167833,53.64146,0.0,1013.4666
2011-09-21 00:00:00+00:00,27.574083,48.22647,0.0,1011.6584
2011-09-22 00:00:00+00:00,27.813667,49.30469,0.0,1007.96655
2011-09-23 00:00:00+00:00,26.232416,57.322002,0.0,1008.4792
2011-09-24 00:00:00+00:00,25.636587,58.42589,0.0,1010.91254
2011-09-25 00:00:00+00:00,26.069918,59.52769,0.0,1013.2166
2011-09-26 00:00:00+00:00,26.040754,53.096424,0.0,1013.91675
2011-09-27 00:00:00+00:00,26.265747,55.38228,0.0,1014.22504
2011-09-28 00:00:00+00:00,26.690748,58.00301,0.0,1013.37915
2011-09-29 00:00:00+00:00,26.688667,54.72916,0.0,1012.3
2011-09-30 00:00:00+00:00,26.817833,51.25629,0.0,1011.9334
2011-10-01 00:00:00+00:00,26.132418,54.286198,0.0,1013.6291
2011-10-02 00:00:00+00:00,25.226171,51.319195,0.0,1014.24585
2011-10-03 00:00:00+00:00,25.21158,55.539673,0.0,1015.45844
2011-10-04 00:00:00+00:00,25.484503,60.201756,0.0,1016.3083
2011-10-05 00:00:00+00:00,24.974085,58.92961,0.0,1017.5374
2011-10-06 00:00:00+00:00,24.874086,54.565342,0.0,1018.73346
2011-10-07 00:00:00+00:00,25.642832,53.942966,0.0,1017.2375
2011-10-08 00:00:00+00:00,27.749084,43.264454,0.0,1014.67096
2011-10-09 00:00:00+00:00,29.101164,35.072155,0.0,1013.10834
2011-10-10 00:00:00+00:00,29.805334,33.864834,0.0,1009.97906
2011-10-11 00:00:00+00:00,24.280334,45.561367,0.0,1012.87085
2011-10-12 00:00:00+00:00,22.413666,37.197376,0.0,1014.9333
2011-10-13 00:00:00+00:00,22.94075,50.421844,0.0,1014.96674
2011-10-14 00:00:00+00:00,23.586584,52.658722,0.0,1014.92914
2011-10-15 00:00:00+00:00,23.661581,55.183704,0.0,1014.93335
2011-10-16 00:00:00+00:00,23.457415,53.578075,0.0,1014.42505
2011-10-17 00:00:00+00:00,24.192835,47.590576,0.0,1014.3
2011-10-18 00:00:00+00:00,25.565748,47.022984,0.0,1016.57495
2011-10-19 00:00:00+00:00,22.205332,51.50565,0.0,1020.1626
2011-10-20 00:00:00+00:00,20.922,52.054317,0.0,1017.7874
2011-10-21 00:00:00+00:00,21.85325,54.615093,0.0,1015.4792
2011-10-22 00:00:00+00:00,21.619917,54.881092,0.0,1015.32916
2011-10-23 00:00:00+00:00,21.209501,52.890293,0.0,1014.64166
2011-10-24 00:00:00+00:00,21.530333,57.073406,0.0,1014.4709
2011-10-25 00:00:00+00:00,21.538668,60.04945,0.0,1015.28326
2011-10-26 00:00:00+00:00,22.013666,57.63741,0.0,1013.82916
2011-10-27 00:00:00+00:00,22.722002,56.790726,0.0,1012.94574
2011-10-28 00:00:00+00:00,22.063667,59.056393,0.0,1014.76245
2011-10-29 00:00:00+00:00,20.911585,51.86796,0.0,1016.3542
2011-10-30 00:00:00+00:00,19.392834,53.269455,0.0,1015.3916
2011-10-31 00:00:00+00:00,19.774084,51.070705,0.0,1016.05005
2011-11-01 00:00:00+00:00,19.413668,49.625774,0.0,1017.56665
2011-11-02 00:00:00+00:00,19.769917,54.112537,0.0,1015.5876
2011-11-03 00:00:00+00:00,20.317835,56.62353,0.0,1011.63336
2011-11-04 00:00:00+00:00,19.015749,59.436737,0.0,1013.85834
2011-11-05 00:00:00+00:00,18.90742,46.84042,0.0,1018.32495
2011-11-06 00:00:00+00:00,18.649084,53.365047,0.0,1020.8249
2011-11-07 00:00:00+00:00,18.799084,58.027195,0.0,1021.4334
2011-11-08 00:00:00+00:00,19.111584,58.473877,0.0,1021.1917
2011-11-09 00:00:00+00:00,19.1345,54.330364,0.0,1018.06683
2011-11-10 00:00:00+00:00,19.130333,52.835766,0.0,1014.39594
2011-11-11 00:00:00+00:00,19.942831,59.385975,0.0,1015.15424
2011-11-12 00:00:00+00:00,19.682415,67.028366,0.0,1015.26666
2011-11-13 00:00:00+00:00,18.763666,67.9206,0.0,1013.85834
2011-11-14 00:00:00+00:00,15.903249,72.39227,4.3999996,1011.5168
2011-11-15 00:00:00+00:00,15.2595,47.99967,0.0,1014.42084
2011-11-16 00:00:00+00:00,15.851167,59.15949,0.0,1018.27075
2011-11-17 00:00:00+00:00,16.244915,66.45225,0.0,1018.1501
2011-11-18 00:00:00+00:00,15.751167,71.578094,0.0,1018.42505
2011-11-19 00:00:00+00:00,15.590751,62.838474,0.0,1018.7708
2011-11-20 00:00:00+00:00,15.874084,60.853107,0.0,1019.1833
2011-11-21 00:00:00+00:00,15.917834,58.037266,0.0,1020.50415
2011-11-22 00:00:00+00:00,15.951165,58.39429,0.0,1022.2542
2011-11-23 00:00:00+00:00,16.347002,63.24518,0.0,1022.0251
2011-11-24 00:00:00+00:00,16.638668,69.075356,0.0,1021.02924
2011-11-25 00:00:00+00:00,16.084501,67.391716,0.0,1020.1291
2011-11-26 00:00:00+00:00,15.734501,67.21971,0.0,1020.33746
2011-11-27 00:00:00+00:00,14.563664,77.87803,2.0,1019.68744
2011-11-28 00:00:00+00:00,15.19075,70.923485,0.0,1020.0791
2011-11-29 00:00:00+00:00,15.547001,64.90511,0.0,1022.6875
2011-11-30 00:00:00+00:00,15.788666,67.58856,0.0,1020.1958
2011-12-01 00:00:00+00:00,15.715751,70.851524,0.0,1020.4875
2011-12-02 00:00:00+00:00,15.509501,60.978123,0.0,1021.0376
2011-12-03 00:00:00+00:00,15.513668,59.775043,0.0,1022.95
2011-12-04 00:00:00+00:00,15.609501,57.166653,0.0,1022.44995
2011-12-05 00:00:00+00:00,15.91575,62.043583,0.0,1021.43756
2011-12-06 00:00:00+00:00,14.911584,62.677883,0.0,1022.97504
2011-12-07 00:00:00+00:00,14.249084,61.86656,0.0,1022.1125
2011-12-08 00:00:00+00:00,15.280332,64.66689,0.0,1020.04156
2011-12-09 00:00:00+00:00,15.301167,61.38901,0.0,1021.9167
2011-12-10 00:00:00+00:00,13.855334,52.612103,0.0,1024.7001
2011-12-11 00:00:00+00:00,13.647,60.331696,0.0,1025.2582
2011-12-12 00:00:00+00:00,14.455334,68.47978,0.0,1023.57916
2011-12-13 00:00:00+00:00,14.526166,67.883156,0.0,1021.23334
2011-12-14 00:00:00+00:00,15.242835,67.30131,0.0,1020.10004
2011-12-15 00:00:00+00:00,15.522,67.33674,0.0,1021.91235
2011-12-16 00:00:00+00:00,14.007419,68.458595,0.0,1021.69586
2011-12-17 00:00:00+00:00,15.288669,61.56848,0.0,1019.35004
2011-12-18 00:00:00+00:00,15.984502,57.019028,0.0,1018.26666
2011-12-19 00:00:00+00:00,15.780334,57.12936,0.0,1017.42505
2011-12-20 00:00:00+00:00,14.005333,63.171864,0.0,1018.53754
2011-12-21 00:00:00+00:00,14.784503,61.599792,0.0,1019.49585
2011-12-22 00:00:00+00:00,14.849083,55.300426,0.0,1017.55414
2011-12-23 00:00:00+00:00,14.1449175,42.968945,0.0,1015.26666
2011-12-24 00:00:00+00:00,13.507419,54.4581,0.0,1016.7124
2011-12-25 00:00:00+00:00,13.6345,62.5132,0.0,1021.7043
2011-12-26 00:00:00+00:00,14.080335,64.90548,0.0,1025.5751
2011-12-27 00:00:00+00:00,13.611584,63.615383,0.0,1026.3542
2011-12-28 00:00:00+00:00,14.063667,63.3967,0.0,1023.57916
2011-12-29 00:00:00+00:00,13.619918,64.45335,0.0,1019.80835
2011-12-30 00:00:00+00:00,12.555333,66.35693,0.0,1016.83344
2011-12-31 00:00:00+00:00,12.561584,54.952682,0.0,1018.0247
2012-01-01 00:00:00+00:00,13.261584,52.5354,0.0,1018.7249
2012-01-02 00:00:00+00:00,13.217835,66.55124,0.0,1021.6875
2012-01-03 00:00:00+00:00,13.392837,62.941254,0.0,1023.50415
2012-01-04 00:00:00+00:00,13.124084,70.037865,0.0,1020.78766
2012-01-05 00:00:00+00:00,11.8345,65.379326,0.1,1017.75415
2012-01-06 00:00:00+00:00,11.872001,52.435043,0.0,1016.6208
2012-01-07 00:00:00+00:00,13.249084,44.41215,0.0,1014.0999
2012-01-08 00:00:00+00:00,12.711583,49.742188,0.0,1016.7874
2012-01-09 00:00:00+00:00,12.449084,51.787556,0.0,1020.62915
2012-01-10 00:00:00+00:00,12.044917,47.178223,0.0,1017.78345
2012-01-11 00:00:00+00:00,11.590751,52.380627,0.0,1018.68317
2012-01-12 00:00:00+00:00,10.524083,50.36324,0.0,1021.1084
2012-01-13 00:00:00+00:00,10.482416,65.652466,0.0,1022.5627
2012-01-14 00:00:00+00:00,11.636582,60.482357,0.0,1023.84576
2012-01-15 00:00:00+00:00,11.551167,47.723186,0.0,1019.97076
2012-01-16 00:00:00+00:00,11.521999,42.93281,0.0,1017.77075
2012-01-17 00:00:00+00:00,12.19075,53.637157,0.0,1019.7166
2012-01-18 00:00:00+00:00,12.865748,61.082333,0.0,1021.55005
2012-01-19 00:00:00+00:00,11.428252,57.63411,0.0,1024.6626
2012-01-20 00:00:00+00:00,11.394917,51.769516,0.0,1025.975
2012-01-21 00:00:00+00:00,11.222,52.688244,0.0,1023.79156
2012-01-22 00:00:00+00:00,11.715751,54.558807,0.0,1019.42505
2012-01-23 00:00:00+00:00,13.209502,59.571117,0.0,1022.86664
2012-01-24 00:00:00+00:00,13.711585,59.2009,1.2,1019.9792
2012-01-25 00:00:00+00:00,15.619918,50.491024,0.4,1012.9126
2012-01-26 00:00:00+00:00,14.188667,56.90442,0.0,1015.9207
2012-01-27 00:00:00+00:00,14.046998,55.160625,0.0,1019.45416
2012-01-28 00:00:00+00:00,13.092834,63.750736,0.0,1021.0584
2012-01-29 00:00:00+00:00,13.336585,52.5525,0.9,1017.1501
2012-01-30 00:00:00+00:00,14.905332,44.57069,0.4,1009.05414
2012-01-31 00:00:00+00:00,13.594917,56.182186,0.0,1009.7209
2012-02-01 00:00:00+00:00,11.453248,63.588696,0.1,1016.4124
2012-02-02 00:00:00+00:00,11.092834,59.79759,0.0,1024.35
2012-02-03 00:00:00+00:00,12.94075,55.851826,0.0,1023.16235
2012-02-04 00:00:00+00:00,14.136584,57.045727,0.0,1021.25415
2012-02-05 00:00:00+00:00,14.305332,51.63699,0.0,1018.8875
2012-02-06 00:00:00+00:00,17.3845,30.958563,0.0,1010.91254
2012-02-07 00:00:00+00:00,12.288666,27.766563,0.0,1014.10834
2012-02-08 00:00:00+00:00,10.507418,27.173859,0.0,1019.33325
2012-02-09 00:00:00+00:00,11.601169,29.690168,0.0,1019.3584
2012-02-10 00:00:00+00:00,12.938667,35.69655,0.0,1021.76666
2012-02-11 00:00:00+00:00,13.54075,53.205902,0.0,1022.1375
2012-02-12 00:00:00+00:00,14.405332,52.890827,0.0,1017.06683
2012-02-13 00:00:00+00:00,17.6345,31.776804,0.0,1016.01263
2012-02-14 00:00:00+00:00,16.128252,42.94372,0.0,1015.4958
2012-02-15 00:00:00+00:00,16.176168,51.643505,0.0,1014.47095
2012-02-16 00:00:00+00:00,13.032417,50.180935,0.0,1013.9709
2012-02-17 00:00:00+00:00,12.090752,52.27898,0.0,1012.32916
2012-02-18 00:00:00+00:00,11.003249,56.3808,0.1,1018.72076
2012-02-19 00:00:00+00:00,11.580331,54.95514,0.0,1024.4
2012-02-20 00:00:00+00:00,11.447,56.560925,0.0,1026.3959
2012-02-21 00:00:00+00:00,13.326169,56.89932,0.0,1022.88336
2012-02-22 00:00:00+00:00,14.576167,52.85451,0.0,1018.14996
2012-02-23 00:00:00+00:00,15.415752,61.499146,0.7,1015.92084
2012-02-24 00:00:00+00:00,15.230334,67.20764,0.5,1012.2791
2012-02-25 00:00:00+00:00,14.284503,60.9008,0.0,1015.5208
2012-02-26 00:00:00+00:00,13.576167,61.045254,0.0,1015.00006
2012-02-27 00:00:00+00:00,15.811584,42.638866,0.0,1011.30414
2012-02-28 00:00:00+00:00,14.842832,42.214924,0.0,1010.24585
2012-02-29 00:00:00+00:00,11.257417,53.3398,0.0,1010.9792
2012-03-01 00:00:00+00:00,11.226167,55.283405,0.2,1011.9207
2012-03-02 00:00:00+00:00,10.036582,59.542873,0.4,1018.71674
2012-03-03 00:00:00+00:00,12.37825,57.6131,0.0,1022.1792
2012-03-04 00:00:00+00:00,14.480332,56.015827,0.0,1020.2166
2012-03-05 00:00:00+00:00,14.672001,56.812515,0.0,1019.89185
2012-03-06 00:00:00+00:00,16.499084,53.065777,0.0,1019.86664
2012-03-07 00:00:00+00:00,16.501167,59.58415,0.0,1020.63745
2012-03-08 00:00:00+00:00,15.474083,63.86735,0.0,1020.49994
2012-03-09 00:00:00+00:00,15.588669,62.32657,0.0,1020.67084
2012-03-10 00:00:00+00:00,18.051168,53.008713,0.0,1016.5125
2012-03-11 00:00:00+00:00,23.963667,30.33612,0.0,1007.9958
2012-03-12 00:00:00+00:00,20.65742,28.231346,0.0,1010.17096
2012-03-13 00:00:00+00:00,17.972002,37.686733,0.0,1014.5293
2012-03-14 00:00:00+00:00,14.8595,39.03329,0.0,1019.55835
2012-03-15 00:00:00+00:00,13.963668,55.4998,0.0,1021.55005
2012-03-16 00:00:00+00:00,14.297,50.151867,0.0,1022.8499
2012-03-17 00:00:00+00:00,13.180333,37.358883,0.0,1026.9541
2012-03-18 00:00:00+00:00,12.75325,47.849915,0.0,1026.8501
2012-03-19 00:00:00+00:00,14.807418,49.981792,0.0,1024.0834
2012-03-20 00:00:00+00:00,15.580333,55.911106,0.0,1023.229
2012-03-21 00:00:00+00:00,15.951165,56.041843,0.0,1021.7585
2012-03-22 00:00:00+00:00,16.119913,54.118587,0.0,1020.1418
2012-03-23 00:00:00+00:00,16.353249,54.400196,0.0,1019.35834
2012-03-24 00:00:00+00:00,17.14908,54.7908,0.0,1017.85004
2012-03-25 00:00:00+00:00,16.913668,56.549435,0.0,1017.24164
2012-03-26 00:00:00+00:00,15.790751,60.848125,0.0,1016.76654
2012-03-27 00:00:00+00:00,16.078249,60.71797,0.0,1016.1501
2012-03-28 00:00:00+00:00,16.671999,53.906902,0.0,1017.05835
2012-03-29 00:00:00+00:00,16.084497,49.53834,0.0,1016.5793
2012-03-30 00:00:00+00:00,15.709499,49.796146,0.0,1017.33746
2012-03-31 00:00:00+00:00,18.542831,36.020298,0.0,1014.31665
2012-04-01 00:00:00+00:00,22.84075,27.30025,0.0,1007.6375
2012-04-02 00:00:00+00:00,19.440752,54.637844,0.0,1015.06244
2012-04-03 00:00:00+00:00,19.082418,55.530514,0.0,1018.26245
2012-04-04 00:00:00+00:00,19.613665,51.4626,0.0,1017.12915
2012-04-05 00:00:00+00:00,22.242834,48.93275,0.0,1013.9585
2012-04-06 00:00:00+00:00,25.93033,28.961714,0.0,1011.7334
2012-04-07 00:00:00+00:00,27.382416,24.728174,0.0,1008.4792
2012-04-08 00:00:00+00:00,26.661583,32.34614,0.0,1005.86664
2012-04-09 00:00:00+00:00,21.844917,45.49519,0.0,1007.61255
2012-04-10 00:00:00+00:00,20.71992,41.09072,0.0,1010.1958
2012-04-11 00:00:00+00:00,18.151169,49.06073,0.0,1012.6208
2012-04-12 00:00:00+00:00,18.513668,47.96573,0.1,1013.76245
2012-04-13 00:00:00+00:00,22.761583,34.873623,0.0,1012.4375
2012-04-14 00:00:00+00:00,27.053247,19.3982,0.0,1008.5
2012-04-15 00:00:00+00:00,24.717829,34.085403,0.0,1008.40826
2012-04-16 00:00:00+00:00,20.161585,50.000828,0.0,1014.3999
2012-04-17 00:00:00+00:00,23.086584,28.257738,0.0,1010.15826
2012-04-18 00:00:00+00:00,24.030327,23.997688,0.0,1008.9375
2012-04-19 00:00:00+00:00,20.463669,41.848724,0.0,1014.85834
2012-04-20 00:00:00+00:00,20.819916,44.457806,0.0,1015.37494
2012-04-21 00:00:00+00:00,22.619919,30.612032,0.0,1015.78754
2012-04-22 00:00:00+00:00,23.23867,29.985662,0.0,1014.64575
2012-04-23 00:00:00+00:00,20.107416,54.403645,0.0,1014.5042
2012-04-24 00:00:00+00:00,19.807417,49.563385,0.0,1014.72504
2012-04-25 00:00:00+00:00,21.255335,47.157017,0.0,1015.1084
2012-04-26 00:00:00+00:00,23.932419,33.80332,0.0,1015.33746
2012-04-27 00:00:00+00:00,23.892836,28.751936,0.0,1013.29987
2012-04-28 00:00:00+00:00,23.359499,40.585426,0.0,1012.61255
2012-04-29 00:00:00+00:00,23.663668,43.005863,0.0,1010.90826
2012-04-30 00:00:00+00:00,23.509499,40.011517,0.0,1008.07086
2012-05-01 00:00:00+00:00,22.494917,53.66875,0.1,1007.6541
2012-05-02 00:00:00+00:00,22.701164,60.044353,0.0,1009.0374
2012-05-03 00:00:00+00:00,24.186583,45.694584,0.0,1008.89996
2012-05-04 00:00:00+00:00,25.997,39.537693,0.0,1009.8543
2012-05-05 00:00:00+00:00,27.851166,28.0252,0.0,1010.2458
2012-05-06 00:00:00+00:00,25.634499,42.913128,0.0,1011.6084
2012-05-07 00:00:00+00:00,23.026169,49.083614,0.0,1012.3875
2012-05-08 00:00:00+00:00,23.784502,48.90623,0.0,1010.43756
2012-05-09 00:00:00+00:00,24.522003,52.021576,0.0,1010.88745
2012-05-10 00:00:00+00:00,24.742838,49.00334,0.0,1013.87506
2012-05-11 00:00:00+00:00,26.269918,38.76888,0.0,1014.0623
2012-05-12 00:00:00+00:00,27.574083,33.176155,0.0,1010.4456
2012-05-13 00:00:00+00:00,24.380335,50.56793,0.0,1011.0959
2012-05-14 00:00:00+00:00,24.90742,48.1526,0.6,1011.6624
2012-05-15 00:00:00+00:00,25.544916,45.89397,0.0,1013.6458
2012-05-16 00:00:00+00:00,27.321999,33.901028,0.0,1012.1042
2012-05-17 00:00:00+00:00,27.817831,38.916103,0.0,1008.0833
2012-05-18 00:00:00+00:00,24.897003,49.04301,0.0,1010.3416
2012-05-19 00:00:00+00:00,23.571999,47.8394,0.0,1014.35004
2012-05-20 00:00:00+00:00,23.2845,47.60291,0.0,1015.69586
2012-05-21 00:00:00+00:00,24.7845,44.42302,0.0,1014.84174
2012-05-22 00:00:00+00:00,29.836586,32.046856,0.0,1012.60406
2012-05-23 00:00:00+00:00,25.819916,48.822693,0.0,1014.4709
2012-05-24 00:00:00+00:00,25.096998,47.49027,0.0,1014.17084
2012-05-25 00:00:00+00:00,28.478249,34.58014,0.0,1012.03326
2012-05-26 00:00:00+00:00,27.134499,45.671833,0.0,1013.5708
2012-05-27 00:00:00+00:00,27.126167,41.316692,0.0,1013.07495
2012-05-28 00:00:00+00:00,30.488665,37.722336,0.0,1008.25
2012-05-29 00:00:00+00:00,25.053251,53.844067,0.0,1012.59174
2012-05-30 00:00:00+00:00,24.759499,47.45468,0.0,1016.04584
2012-05-31 00:00:00+00:00,28.66992,31.912315,0.0,1014.25
2012-06-01 00:00:00+00:00,27.836584,44.656147,0.0,1013.9084
2012-06-02 00:00:00+00:00,27.405334,44.876835,0.0,1015.00824
2012-06-03 00:00:00+00:00,27.430334,39.82369,0.0,1013.4417
2012-06-04 00:00:00+00:00,25.786581,48.886448,0.0,1012.97076
2012-06-05 00:00:00+00:00,25.401167,46.57114,0.0,1012.4792
2012-06-06 00:00:00+00:00,27.199081,40.16224,0.0,1010.92505
2012-06-07 00:00:00+00:00,29.001167,35.064106,0.0,1008.1541
2012-06-08 00:00:00+00:00,26.605333,51.889393,0.0,1009.12494
2012-06-09 00:00:00+00:00,26.761581,51.958267,0.0,1009.5332
2012-06-10 00:00:00+00:00,27.936583,49.686817,0.0,1008.97485
2012-06-11 00:00:00+00:00,28.580336,42.025852,0.0,1009.37506
2012-06-12 00:00:00+00:00,28.209501,38.279106,0.0,1008.81244
2012-06-13 00:00:00+00:00,27.892836,42.21095,0.0,1007.45416
2012-06-14 00:00:00+00:00,27.819916,51.23264,0.0,1007.34155
2012-06-15 00:00:00+00:00,28.867836,52.90243,0.0,1006.85834
2012-06-16 00:00:00+00:00,29.622,50.3844,0.0,1006.1418
2012-06-17 00:00:00+00:00,30.803251,52.080307,0.0,1007.01245
2012-06-18 00:00:00+00:00,30.117828,53.858624,0.0,1007.3709
2012-06-19 00:00:00+00:00,28.878252,58.226273,0.0,1006.8501
2012-06-20 00:00:00+00:00,28.38867,53.425827,0.0,1005.1125
2012-06-21 00:00:00+00:00,28.71575,47.770893,0.0,1004.37897
2012-06-22 00:00:00+00:00,30.019913,45.56573,0.0,1007.3709
2012-06-23 00:00:00+00:00,31.667831,41.827656,0.0,1009.8542
2012-06-24 00:00:00+00:00,30.30742,39.598873,0.0,1008.8418
2012-06-25 00:00:00+00:00,29.194914,48.43753,0.0,1008.7332
2012-06-26 00:00:00+00:00,29.799082,48.774097,0.0,1010.11255
2012-06-27 00:00:00+00:00,29.359497,53.06988,0.0,1008.63763
2012-06-28 00:00:00+00:00,28.694918,59.01308,0.0,1007.18335
2012-06-29 00:00:00+00:00,28.20117,55.398373,0.0,1007.07086
2012-06-30 00:00:00+00:00,28.33658,54.646744,0.0,1006.6916
2012-07-01 00:00:00+00:00,29.872,52.692383,0.0,1006.696
2012-07-02 00:00:00+00:00,29.382418,51.57616,0.0,1006.8333
2012-07-03 00:00:00+00:00,28.738665,56.450176,0.0,1007.2707
2012-07-04 00:00:00+00:00,28.732416,47.969883,0.0,1007.97504
2012-07-05 00:00:00+00:00,28.47825,48.00269,0.0,1007.83746
2012-07-06 00:00:00+00:00,28.851171,49.305553,0.0,1007.1792
2012-07-07 00:00:00+00:00,28.828253,50.572994,0.0,1006.4041
2012-07-08 00:00:00+00:00,28.699081,54.623325,0.0,1004.61237
2012-07-09 00:00:00+00:00,29.322,55.858265,0.0,1003.34174
2012-07-10 00:00:00+00:00,29.365753,56.176502,0.0,1004.7917
2012-07-11 00:00:00+00:00,29.924082,52.17345,0.0,1006.8958
2012-07-12 00:00:00+00:00,30.353249,50.328,0.0,1005.7458
2012-07-13 00:00:00+00:00,30.961584,46.376377,0.0,1005.26666
2012-07-14 00:00:00+00:00,31.661583,39.784283,0.0,1005.39166
2012-07-15 00:00:00+00:00,32.190746,37.77254,0.0,1005.5877
2012-07-16 00:00:00+00:00,31.476166,51.18076,0.0,1005.31256
2012-07-17 00:00:00+00:00,31.290749,51.841442,0.0,1004.44165
2012-07-18 00:00:00+00:00,32.065746,47.987087,0.0,1004.0874
2012-07-19 00:00:00+00:00,31.886583,49.40321,0.0,1006.14594
2012-07-20 00:00:00+00:00,29.828249,54.73427,0.0,1008.0417
2012-07-21 00:00:00+00:00,28.592834,52.141495,0.0,1007.3835
2012-07-22 00:00:00+00:00,29.628248,55.19441,0.0,1005.6001
2012-07-23 00:00:00+00:00,30.309502,56.672886,0.0,1006.6709
2012-07-24 00:00:00+00:00,29.469915,56.200222,0.0,1008.3791
2012-07-25 00:00:00+00:00,30.153252,57.21495,0.0,1007.10004
2012-07-26 00:00:00+00:00,29.936584,59.59416,0.0,1006.5876
2012-07-27 00:00:00+00:00,29.407415,57.28996,0.0,1005.82086
2012-07-28 00:00:00+00:00,28.730333,55.53346,0.0,1004.83746
2012-07-29 00:00:00+00:00,29.551168,52.130062,0.0,1004.2874
2012-07-30 00:00:00+00:00,30.449083,52.477238,0.0,1003.49994
2012-07-31 00:00:00+00:00,31.690748,51.91997,0.0,1003.2625
2012-08-01 00:00:00+00:00,30.89283,53.37588,0.0,1005.30835
2012-08-02 00:00:00+00:00,30.261581,54.977818,0.0,1008.74567
2012-08-03 00:00:00+00:00,29.349083,54.96126,0.0,1010.26245
2012-08-04 00:00:00+00:00,28.815752,52.52156,0.0,1009.89166
2012-08-05 00:00:00+00:00,29.180334,56.32906,0.0,1008.38745
2012-08-06 00:00:00+00:00,29.944918,54.45074,0.0,1006.0166
2012-08-07 00:00:00+00:00,31.078249,51.5537,0.0,1004.0666
2012-08-08 00:00:00+00:00,32.157413,42.638744,0.0,1005.375
2012-08-09 00:00:00+00:00,32.519917,39.935894,0.0,1006.97925
2012-08-10 00:00:00+00:00,32.496998,38.16773,0.0,1006.2292
2012-08-11 00:00:00+00:00,31.32408,49.04569,0.0,1006.6499
2012-08-12 00:00:00+00:00,31.103243,50.185013,0.0,1007.9917
2012-08-13 00:00:00+00:00,33.147,34.951176,0.0,1007.26666
2012-08-14 00:00:00+00:00,30.109503,51.458256,0.0,1008.88324
2012-08-15 00:00:00+00:00,28.961584,49.50674,0.0,1009.0083
2012-08-16 00:00:00+00:00,28.869919,52.1317,0.0,1007.571
2012-08-17 00:00:00+00:00,29.4345,49.83879,0.0,1006.94165
2012-08-18 00:00:00+00:00,30.401167,48.32468,0.0,1007.2166
2012-08-19 00:00:00+00:00,30.065752,52.024643,0.0,1008.57495
2012-08-20 00:00:00+00:00,29.553246,52.150677,0.0,1008.2458
2012-08-21 00:00:00+00:00,29.482416,52.794403,0.0,1009.2417
2012-08-22 00:00:00+00:00,28.751165,53.94067,0.0,1010.8125
2012-08-23 00:00:00+00:00,28.426168,54.957016,0.0,1009.2917
2012-08-24 00:00:00+00:00,29.071999,51.293976,0.0,1008.28345
2012-08-25 00:00:00+00:00,29.490753,49.880905,0.0,1008.10004
2012-08-26 00:00:00+00:00,29.219912,52.451874,0.0,1007.75006
2012-08-27 00:00:00+00:00,29.594915,46.50151,0.0,1006.94165
2012-08-28 00:00:00+00:00,28.867834,56.96683,0.0,1006.31256
2012-08-29 00:00:00+00:00,28.649084,60.027203,0.0,1007.28326
2012-08-30 00:00:00+00:00,29.315748,56.29547,0.0,1009.21674
2012-08-31 00:00:00+00:00,28.576166,51.226116,0.0,1009.9167
2012-09-01 00:00:00+00:00,27.365751,52.920364,0.0,1010.2708
2012-09-02 00:00:00+00:00,28.044916,56.82509,0.0,1011.0249
2012-09-03 00:00:00+00:00,27.91575,60.80081,0.0,1009.34576
2012-09-04 00:00:00+00:00,28.765753,60.676693,0.0,1008.43335
2012-09-05 00:00:00+00:00,28.265753,59.126057,0.0,1009.68744
2012-09-06 00:00:00+00:00,27.649084,59.15347,0.0,1010.27924
2012-09-07 00:00:00+00:00,27.765749,59.290836,0.0,1009.7834
2012-09-08 00:00:00+00:00,27.092833,59.980816,0.0,1008.24164
2012-09-09 00:00:00+00:00,26.957415,61.31502,0.0,1008.3792
2012-09-10 00:00:00+00:00,28.109503,60.69763,0.0,1009.70825
2012-09-11 00:00:00+00:00,27.030333,60.763554,0.0,1010.8584
2012-09-12 00:00:00+00:00,26.346998,57.291294,0.0,1011.0083
2012-09-13 00:00:00+00:00,26.1595,51.840546,0.0,1011.74176
2012-09-14 00:00:00+00:00,26.451166,52.340992,0.0,1012.63324
2012-09-15 00:00:00+00:00,26.924082,55.124973,0.0,1008.96246
2012-09-16 00:00:00+00:00,27.901167,47.0267,0.0,1008.54175
2012-09-17 00:00:00+00:00,29.57617,38.48816,0.0,1009.99164
2012-09-18 00:00:00+00:00,28.888664,43.18355,0.0,1010.2332
2012-09-19 00:00:00+00:00,27.736582,61.07867,0.0,1010.89594
2012-09-20 00:00:00+00:00,26.788668,56.52858,0.0,1012.25415
2012-09-21 00:00:00+00:00,26.653254,55.962906,0.0,1013.0542
2012-09-22 00:00:00+00:00,26.457413,57.379017,0.0,1013.47485
2012-09-23 00:00:00+00:00,25.532417,55.44319,0.0,1014.0041
2012-09-24 00:00:00+00:00,24.609503,55.4398,0.0,1012.37915
2012-09-25 00:00:00+00:00,24.880333,55.64015,0.0,1011.56256
2012-09-26 00:00:00+00:00,25.705332,53.852154,0.0,1012.375
2012-09-27 00:00:00+00:00,26.422003,53.281773,0.0,1012.3042
2012-09-28 00:00:00+00:00,26.878248,52.929577,0.0,1012.77496
2012-09-29 00:00:00+00:00,27.015753,52.659702,0.0,1012.8918
2012-09-30 00:00:00+00:00,27.069916,57.098423,0.0,1014.05817
2012-10-01 00:00:00+00:00,27.730331,52.6085,0.0,1014.8667
2012-10-02 00:00:00+00:00,26.126162,58.951283,0.0,1015.5208
2012-10-03 00:00:00+00:00,26.099085,58.17481,0.0,1015.75433
2012-10-04 00:00:00+00:00,26.526169,58.329784,0.0,1013.6624
2012-10-05 00:00:00+00:00,26.055336,56.098515,0.0,1013.53326
2012-10-06 00:00:00+00:00,24.744919,59.968372,0.0,1014.20416
2012-10-07 00:00:00+00:00,24.64492,61.857132,0.0,1014.0959
2012-10-08 00:00:00+00:00,25.163671,58.37533,0.0,1013.8542
2012-10-09 00:00:00+00:00,25.740747,49.363567,0.0,1012.49146
2012-10-10 00:00:00+00:00,26.232416,46.025223,0.0,1010.02496
2012-10-11 00:00:00+00:00,26.069916,47.571514,0.0,1010.9959
2012-10-12 00:00:00+00:00,25.81575,56.953686,0.0,1014.32495
2012-10-13 00:00:00+00:00,25.782417,59.912125,0.0,1014.5666
2012-10-14 00:00:00+00:00,25.119917,61.69905,0.0,1014.05853
2012-10-15 00:00:00+00:00,25.715746,64.00791,0.0,1014.5124
2012-10-16 00:00:00+00:00,27.155333,61.098145,0.0,1014.4209
2012-10-17 00:00:00+00:00,27.501165,60.14558,0.0,1013.31244
2012-10-18 00:00:00+00:00,27.049086,55.78804,0.0,1012.0042
2012-10-19 00:00:00+00:00,25.880339,55.331806,0.0,1011.6167
2012-10-20 00:00:00+00:00,25.046999,56.142796,0.0,1011.27484
2012-10-21 00:00:00+00:00,25.06575,63.377777,0.0,1011.55005
2012-10-22 00:00:00+00:00,24.074081,63.79407,0.0,1013.1418
2012-10-23 00:00:00+00:00,24.290749,54.915237,0.0,1013.6458
2012-10-24 00:00:00+00:00,24.074083,53.402523,0.2,1011.77924
2012-10-25 00:00:00+00:00,23.81575,49.70329,0.0,1011.59985
2012-10-26 00:00:00+00:00,23.138666,58.126373,0.0,1012.1458
2012-10-27 00:00:00+00:00,23.426168,55.90093,0.0,1013.6709
2012-10-28 00:00:00+00:00,23.657417,56.099335,0.0,1015.2666
2012-10-29 00:00:00+00:00,23.678247,57.826763,0.0,1012.9709
2012-10-30 00:00:00+00:00,24.0095,60.008423,0.0,1011.75415
2012-10-31 00:00:00+00:00,23.803251,63.393677,0.0,1012.70844
2012-11-01 00:00:00+00:00,24.28242,68.11295,0.0,1013.07495
2012-11-02 00:00:00+00:00,24.992828,70.47483,0.0,1011.98334
2012-11-03 00:00:00+00:00,26.074083,58.77541,0.1,1012.10406
2012-11-04 00:00:00+00:00,26.421997,45.73914,0.0,1013.875
2012-11-05 00:00:00+00:00,24.609503,69.01855,0.0,1014.075
2012-11-06 00:00:00+00:00,24.436583,66.84272,0.0,1015.3333
2012-11-07 00:00:00+00:00,23.244917,67.18939,0.0,1016.38745
2012-11-08 00:00:00+00:00,22.46575,70.54455,0.0,1013.2292
2012-11-09 00:00:00+00:00,20.386585,67.26317,5.4,1013.05414
2012-11-10 00:00:00+00:00,20.026167,60.749386,0.0,1015.5083
2012-11-11 00:00:00+00:00,19.657415,58.1564,0.0,1017.5417
2012-11-12 00:00:00+00:00,20.209501,52.575413,0.0,1017.7874
2012-11-13 00:00:00+00:00,20.419916,56.060364,0.0,1017.14594
2012-11-14 00:00:00+00:00,20.030333,61.181377,0.0,1017.3167
2012-11-15 00:00:00+00:00,20.282417,63.770283,0.0,1016.6416
2012-11-16 00:00:00+00:00,20.813667,55.706802,0.0,1013.5835
2012-11-17 00:00:00+00:00,20.188667,42.680954,0.0,1011.85425
2012-11-18 00:00:00+00:00,19.78242,41.76736,0.0,1013.0666
2012-11-19 00:00:00+00:00,20.319918,56.376934,0.0,1016.1667
2012-11-20 00:00:00+00:00,20.903252,56.95705,0.0,1016.06244
2012-11-21 00:00:00+00:00,20.22825,60.668255,0.0,1014.05853
2012-11-22 00:00:00+00:00,19.401167,62.893723,0.1,1012.89996
2012-11-23 00:00:00+00:00,18.519917,70.93698,0.1,1015.8376
2012-11-24 00:00:00+00:00,18.005333,68.21289,0.0,1016.85004
2012-11-25 00:00:00+00:00,17.367832,75.37962,0.0,1016.65826
2012-11-26 00:00:00+00:00,17.622,68.09116,0.0,1018.125
2012-11-27 00:00:00+00:00,18.399084,64.99538,0.0,1018.1624
2012-11-28 00:00:00+00:00,18.06575,69.4078,0.0,1018.57916
2012-11-29 00:00:00+00:00,19.026163,56.306793,0.0,1017.07916
2012-11-30 00:00:00+00:00,18.5595,44.83962,0.0,1016.87506
2012-12-01 00:00:00+00:00,19.034498,45.341312,0.0,1017.38336
2012-12-02 00:00:00+00:00,20.667833,37.78684,0.0,1017.53326
2012-12-03 00:00:00+00:00,20.757418,39.332355,0.0,1014.69574
2012-12-04 00:00:00+00:00,18.692835,59.817917,0.0,1012.12506
2012-12-05 00:00:00+00:00,17.486582,52.81303,0.0,1013.02924
2012-12-06 00:00:00+00:00,16.446999,59.68857,0.0,1015.85004
2012-12-07 00:00:00+00:00,16.64075,55.205906,0.0,1016.125
2012-12-08 00:00:00+00:00,16.671999,58.88231,0.0,1017.7292
2012-12-09 00:00:00+00:00,16.817835,55.99381,0.0,1015.14154
2012-12-10 00:00:00+00:00,15.122001,51.54182,0.0,1013.9001
2012-12-11 00:00:00+00:00,14.272,50.341343,0.0,1018.9041
2012-12-12 00:00:00+00:00,13.757419,46.381336,0.0,1019.17505
2012-12-13 00:00:00+00:00,14.305335,59.31612,0.0,1020.60425
2012-12-14 00:00:00+00:00,15.517835,66.73048,0.0,1022.13745
2012-12-15 00:00:00+00:00,14.815747,57.887318,0.0,1021.77496
2012-12-16 00:00:00+00:00,15.190747,56.224583,0.0,1021.7083
2012-12-17 00:00:00+00:00,14.669919,63.362137,0.0,1019.22504
2012-12-18 00:00:00+00:00,15.4990835,50.249935,0.0,1016.08746
2012-12-19 00:00:00+00:00,16.442835,49.124226,0.0,1014.24585
2012-12-20 00:00:00+00:00,15.3845,48.56233,0.0,1011.60004
2012-12-21 00:00:00+00:00,14.038669,59.18294,0.0,1015.2207
2012-12-22 00:00:00+00:00,13.919917,53.88493,0.0,1017.57495
2012-12-23 00:00:00+00:00,14.867835,41.32741,0.0,1015.4499
2012-12-24 00:00:00+00:00,13.236583,56.250065,0.0,1015.55396
2012-12-25 00:00:00+00:00,14.253251,69.21406,0.0,1021.45825
2012-12-26 00:00:00+00:00,15.669918,68.00858,0.0,1024.4375
2012-12-27 00:00:00+00:00,15.382415,63.8203,0.0,1022.5334
2012-12-28 00:00:00+00:00,15.1865835,66.256165,0.0,1019.09174
2012-12-29 00:00:00+00:00,15.049083,58.374756,0.0,1017.41675
2012-12-30 00:00:00+00:00,14.497002,54.443695,0.0,1019.2332
2012-12-31 00:00:00+00:00,15.174081,52.101166,0.0,1019.0833
2013-01-01 00:00:00+00:00,13.861584,53.399185,0.0,1019.42084
2013-01-02 00:00:00+00:00,14.201168,60.52811,0.0,1023.0
2013-01-03 00:00:00+00:00,15.3428335,62.8223,0.0,1023.7541
2013-01-04 00:00:00+00:00,14.49075,67.97836,0.0,1019.1667
2013-01-05 00:00:00+00:00,13.946999,63.752316,0.0,1015.30835
2013-01-06 00:00:00+00:00,14.513668,53.811344,0.8,1011.1751
2013-01-07 00:00:00+00:00,13.765751,51.18774,0.3,1014.0334
2013-01-08 00:00:00+00:00,13.201168,60.042553,1.5000001,1014.1875
2013-01-09 00:00:00+00:00,9.97825,65.62617,0.7,1018.7793
2013-01-10 00:00:00+00:00,9.049083,71.27278,0.1,1023.2375
2013-01-11 00:00:00+00:00,11.484501,60.081005,0.0,1024.8292
2013-01-12 00:00:00+00:00,13.074084,58.720516,0.0,1022.6707
2013-01-13 00:00:00+00:00,13.517833,63.699284,0.0,1022.26245
2013-01-14 00:00:00+00:00,13.988667,68.77928,0.0,1023.925
2013-01-15 00:00:00+00:00,13.801167,56.65562,0.0,1022.0959
2013-01-16 00:00:00+00:00,14.309501,42.110447,0.0,1018.07916
2013-01-17 00:00:00+00:00,15.236583,41.207188,0.0,1017.5791
2013-01-18 00:00:00+00:00,13.7845,59.041565,0.0,1015.1917
2013-01-19 00:00:00+00:00,13.169918,42.518734,0.0,1017.75824
2013-01-20 00:00:00+00:00,14.778249,38.086742,0.0,1019.6541
2013-01-21 00:00:00+00:00,19.046999,28.11012,0.0,1014.8333
2013-01-22 00:00:00+00:00,18.211582,43.286594,0.0,1015.52515
2013-01-23 00:00:00+00:00,15.219917,61.505123,0.0,1019.77924
2013-01-24 00:00:00+00:00,17.178253,43.09019,0.0,1014.3166
2013-01-25 00:00:00+00:00,18.315748,36.834473,0.0,1012.97925
2013-01-26 00:00:00+00:00,16.16575,39.100906,0.0,1012.60004
2013-01-27 00:00:00+00:00,14.111583,35.613197,0.0,1015.0334
2013-01-28 00:00:00+00:00,12.651166,45.250473,0.1,1014.5376
2013-01-29 00:00:00+00:00,13.311584,59.115295,0.0,1017.11664
2013-01-30 00:00:00+00:00,13.353249,60.264217,0.70000005,1013.77094
2013-01-31 00:00:00+00:00,12.665749,68.7496,2.1999998,1013.0041
2013-02-01 00:00:00+00:00,13.344917,65.93212,1.0,1015.7417
2013-02-02 00:00:00+00:00,12.917834,61.951023,0.0,1022.45844
2013-02-03 00:00:00+00:00,14.403249,52.273388,0.0,1023.49585
2013-02-04 00:00:00+00:00,17.344913,42.68838,0.0,1017.81665
2013-02-05 00:00:00+00:00,19.813665,35.039547,0.0,1010.7293
2013-02-06 00:00:00+00:00,15.651166,49.763393,0.0,1013.77496
2013-02-07 00:00:00+00:00,15.524083,56.67352,0.0,1017.4416
2013-02-08 00:00:00+00:00,16.226166,48.382267,0.0,1013.8333
2013-02-09 00:00:00+00:00,14.824082,52.296482,0.0,1018.2791
2013-02-10 00:00:00+00:00,14.019917,58.26015,0.0,1016.9375
2013-02-11 00:00:00+00:00,13.438668,53.28828,0.0,1018.24603
2013-02-12 00:00:00+00:00,13.271998,56.3418,0.0,1019.27496
2013-02-13 00:00:00+00:00,15.305335,49.898895,0.0,1016.25415
2013-02-14 00:00:00+00:00,16.784502,36.620365,0.0,1012.57916
2013-02-15 00:00:00+00:00,14.199084,27.329985,0.0,1018.4458
2013-02-16 00:00:00+00:00,13.86575,48.46037,0.0,1020.33344
2013-02-17 00:00:00+00:00,14.3011675,56.240757,0.0,1017.7874
2013-02-18 00:00:00+00:00,13.932418,59.289165,0.0,1017.0916
2013-02-19 00:00:00+00:00,14.213666,59.486813,0.0,1019.05414
2013-02-20 00:00:00+00:00,16.049086,44.877594,0.0,1019.39154
2013-02-21 00:00:00+00:00,17.488665,29.7987,0.0,1015.6584
2013-02-22 00:00:00+00:00,19.732414,21.800766,0.0,1009.6084
2013-02-23 00:00:00+00:00,16.844915,51.852627,0.0,1018.07495
2013-02-24 00:00:00+00:00,16.238668,57.942547,0.0,1022.104
2013-02-25 00:00:00+00:00,19.149084,48.4106,0.0,1018.56256
2013-02-26 00:00:00+00:00,20.192835,41.01485,0.0,1016.17084
2013-02-27 00:00:00+00:00,16.95117,63.183025,0.0,1016.48334
2013-02-28 00:00:00+00:00,16.007418,63.003986,0.0,1018.2876
2013-03-01 00:00:00+00:00,15.567832,53.65002,0.0,1016.63336
2013-03-02 00:00:00+00:00,19.926163,38.644474,0.0,1011.79584
2013-03-03 00:00:00+00:00,22.057417,28.307022,0.0,1010.25433
2013-03-04 00:00:00+00:00,16.8345,58.917484,0.0,1016.10004
2013-03-05 00:00:00+00:00,15.157414,61.408726,0.0,1019.5625
2013-03-06 00:00:00+00:00,15.226166,52.690517,0.0,1021.9375
2013-03-07 00:00:00+00:00,15.62825,36.170097,0.0,1016.74164
2013-03-08 00:00:00+00:00,19.194918,37.141956,0.0,1009.12085
2013-03-09 00:00:00+00:00,17.157417,62.055027,0.0,1014.73755
2013-03-10 00:00:00+00:00,19.347,51.29282,0.0,1015.89594
2013-03-11 00:00:00+00:00,23.482414,34.444736,0.0,1014.2959
2013-03-12 00:00:00+00:00,26.157417,21.49125,0.0,1010.81665
2013-03-13 00:00:00+00:00,22.351168,42.142464,0.0,1011.64166
2013-03-14 00:00:00+00:00,24.951166,35.40258,0.0,1008.27905
2013-03-15 00:00:00+00:00,26.276167,30.489624,0.0,1006.62067
2013-03-16 00:00:00+00:00,17.638666,50.447865,0.0,1014.8667
2013-03-17 00:00:00+00:00,15.317834,51.75963,0.0,1018.5584
2013-03-18 00:00:00+00:00,15.749084,47.927616,0.0,1018.03345
2013-03-19 00:00:00+00:00,16.665752,50.650974,0.0,1013.82935
2013-03-20 00:00:00+00:00,18.094917,54.78253,0.0,1015.02924
2013-03-21 00:00:00+00:00,21.536583,38.478806,0.0,1010.8833
2013-03-22 00:00:00+00:00,20.399084,38.526306,0.0,1008.64594
2013-03-23 00:00:00+00:00,16.8595,53.75346,0.0,1014.79987
2013-03-24 00:00:00+00:00,16.301167,52.473217,0.0,1017.27094
2013-03-25 00:00:00+00:00,18.538668,39.97163,0.0,1014.31256
2013-03-26 00:00:00+00:00,20.224081,35.756344,0.0,1009.6292
2013-03-27 00:00:00+00:00,18.740751,46.132507,0.0,1015.1208
2013-03-28 00:00:00+00:00,20.640749,36.595993,0.0,1016.0876
2013-03-29 00:00:00+00:00,22.155329,31.456635,0.0,1015.00415
2013-03-30 00:00:00+00:00,21.5095,37.978245,0.0,1011.3833
2013-03-31 00:00:00+00:00,25.628252,30.773407,0.0,1007.66656
2013-04-01 00:00:00+00:00,23.511587,33.458164,0.0,1012.82074
2013-04-02 00:00:00+00:00,22.128252,41.063133,0.0,1014.44574
2013-04-03 00:00:00+00:00,25.092833,30.198793,0.0,1008.70825
2013-04-04 00:00:00+00:00,18.696999,52.20605,0.0,1014.19165
2013-04-05 00:00:00+00:00,18.455334,52.077698,0.0,1016.7583
2013-04-06 00:00:00+00:00,21.307419,35.842762,0.0,1014.1875
2013-04-07 00:00:00+00:00,26.4345,17.070234,0.0,1007.87085
2013-04-08 00:00:00+00:00,21.209501,30.905771,0.0,1013.2
2013-04-09 00:00:00+00:00,18.876167,52.34027,0.0,1016.7209
2013-04-10 00:00:00+00:00,18.659498,56.421295,0.0,1016.77094
2013-04-11 00:00:00+00:00,19.432419,47.4364,0.0,1014.67084
2013-04-12 00:00:00+00:00,19.2095,53.03786,0.0,1015.33765
2013-04-13 00:00:00+00:00,19.034502,55.844223,0.0,1018.61255
2013-04-14 00:00:00+00:00,20.167833,54.41567,0.0,1018.03326
2013-04-15 00:00:00+00:00,20.953249,50.99521,0.0,1012.2083
2013-04-16 00:00:00+00:00,18.44075,55.61987,0.0,1012.00006
2013-04-17 00:00:00+00:00,17.674084,56.985275,0.0,1013.5666
2013-04-18 00:00:00+00:00,17.97825,55.774124,0.0,1012.44165
2013-04-19 00:00:00+00:00,17.894915,51.171295,0.0,1013.70825
2013-04-20 00:00:00+00:00,16.863668,49.9903,0.0,1014.6292
2013-04-21 00:00:00+00:00,16.982416,54.92883,0.0,1014.25836
2013-04-22 00:00:00+00:00,17.959501,53.94167,0.0,1014.5124
2013-04-23 00:00:00+00:00,19.326164,52.48242,0.0,1017.5125
2013-04-24 00:00:00+00:00,20.503252,51.752167,0.0,1018.65826
2013-04-25 00:00:00+00:00,21.586584,46.428406,0.0,1016.4084
2013-04-26 00:00:00+00:00,22.040749,40.16106,0.0,1012.68756
2013-04-27 00:00:00+00:00,23.224083,43.412735,0.0,1010.49585
2013-04-28 00:00:00+00:00,26.442835,37.28725,0.0,1009.6208
2013-04-29 00:00:00+00:00,28.857414,17.780323,0.0,1010.70825
2013-04-30 00:00:00+00:00,26.61783,27.176825,0.0,1012.0542
2013-05-01 00:00:00+00:00,26.128252,35.22847,0.0,1010.9167
2013-05-02 00:00:00+00:00,25.22825,44.44086,0.0,1008.94586
2013-05-03 00:00:00+00:00,25.02825,47.940308,0.0,1008.3416
2013-05-04 00:00:00+00:00,26.617834,40.337067,0.0,1009.98334
2013-05-05 00:00:00+00:00,26.724085,33.33785,0.0,1011.5417
2013-05-06 00:00:00+00:00,25.797003,45.818478,0.0,1011.32495
2013-05-07 00:00:00+00:00,25.905334,53.089966,0.0,1011.11255
2013-05-08 00:00:00+00:00,24.522001,59.08151,0.0,1010.69995
2013-05-09 00:00:00+00:00,25.007416,52.800175,0.2,1010.6792
2013-05-10 00:00:00+00:00,25.12617,50.23611,0.0,1010.32916
2013-05-11 00:00:00+00:00,24.617836,49.248837,0.0,1010.2542
2013-05-12 00:00:00+00:00,23.019918,51.518147,0.0,1011.7375
2013-05-13 00:00:00+00:00,26.053253,38.89194,0.1,1009.22504
2013-05-14 00:00:00+00:00,22.51783,45.24777,0.0,1010.07916
2013-05-15 00:00:00+00:00,21.942833,53.761066,0.0,1011.7041
2013-05-16 00:00:00+00:00,23.396997,55.154186,0.0,1014.5916
2013-05-17 00:00:00+00:00,26.286583,41.713436,0.0,1015.2834
2013-05-18 00:00:00+00:00,28.276167,34.402485,0.0,1013.88745
2013-05-19 00:00:00+00:00,30.015749,33.33563,0.0,1011.00415
2013-05-20 00:00:00+00:00,26.724083,48.07246,0.0,1010.76245
2013-05-21 00:00:00+00:00,26.717836,47.24441,0.0,1011.1543
2013-05-22 00:00:00+00:00,28.071999,41.064808,0.0,1011.4126
2013-05-23 00:00:00+00:00,29.22825,30.974756,0.0,1010.7917
2013-05-24 00:00:00+00:00,30.021997,35.078823,0.0,1011.29156
2013-05-25 00:00:00+00:00,25.888666,51.36794,0.0,1013.5708
2013-05-26 00:00:00+00:00,24.174082,49.840057,0.0,1014.28754
2013-05-27 00:00:00+00:00,26.103249,39.92374,0.0,1015.49585
2013-05-28 00:00:00+00:00,28.567833,23.985296,0.0,1014.50415
2013-05-29 00:00:00+00:00,32.861584,12.636471,0.0,1009.2085
2013-05-30 00:00:00+00:00,30.305334,29.63268,0.0,1008.3001
2013-05-31 00:00:00+00:00,32.461582,25.59031,0.0,1006.59155
2013-06-01 00:00:00+00:00,29.442835,36.590137,0.0,1010.29584
2013-06-02 00:00:00+00:00,34.24075,21.443367,0.0,1007.5166
2013-06-03 00:00:00+00:00,27.551168,47.43509,0.0,1010.8584
2013-06-04 00:00:00+00:00,25.694914,48.97026,0.0,1013.5667
2013-06-05 00:00:00+00:00,25.907415,45.28366,0.0,1016.0166
2013-06-06 00:00:00+00:00,28.724081,31.878584,0.0,1015.7166
2013-06-07 00:00:00+00:00,28.35325,34.73562,0.0,1014.5376
2013-06-08 00:00:00+00:00,32.03658,25.139778,0.0,1008.1584
2013-06-09 00:00:00+00:00,26.632416,53.387585,0.0,1010.3999
2013-06-10 00:00:00+00:00,26.00325,53.458176,0.0,1011.6374
2013-06-11 00:00:00+00:00,27.592833,46.778034,0.0,1010.02496
2013-06-12 00:00:00+00:00,27.23242,42.05985,0.0,1007.93756
2013-06-13 00:00:00+00:00,24.88867,53.12738,0.0,1010.10406
2013-06-14 00:00:00+00:00,25.294914,48.87112,0.0,1011.2834
2013-06-15 00:00:00+00:00,25.269915,50.37993,0.0,1011.67505
2013-06-16 00:00:00+00:00,25.01367,57.538464,0.0,1011.16656
2013-06-17 00:00:00+00:00,26.786581,54.76454,0.0,1008.59576
2013-06-18 00:00:00+00:00,28.23242,53.505604,0.0,1006.20435
2013-06-19 00:00:00+00:00,29.038664,48.107952,0.0,1005.7876
2013-06-20 00:00:00+00:00,29.753248,40.727535,0.0,1007.3416
2013-06-21 00:00:00+00:00,29.719915,43.517254,0.0,1007.95
2013-06-22 00:00:00+00:00,29.419916,44.82526,0.0,1007.60004
2013-06-23 00:00:00+00:00,29.107414,51.781467,0.0,1007.99585
2013-06-24 00:00:00+00:00,28.788664,48.19871,0.0,1008.6457
2013-06-25 00:00:00+00:00,28.97825,42.091206,0.0,1009.00836
2013-06-26 00:00:00+00:00,28.309502,52.316456,0.0,1009.62103
2013-06-27 00:00:00+00:00,27.15117,57.736008,0.0,1009.44586
2013-06-28 00:00:00+00:00,27.917833,56.971756,0.0,1008.69147
2013-06-29 00:00:00+00:00,27.296999,59.13171,0.0,1008.74164
2013-06-30 00:00:00+00:00,27.361582,56.306213,0.0,1009.7209
2013-07-01 00:00:00+00:00,25.909498,55.5298,0.0,1010.9207
2013-07-02 00:00:00+00:00,26.157417,57.13678,0.0,1009.4333
2013-07-03 00:00:00+00:00,27.39908,55.99971,0.0,1007.3875
2013-07-04 00:00:00+00:00,27.601166,54.967976,0.0,1007.7959
2013-07-05 00:00:00+00:00,26.849083,55.295277,0.0,1008.46246
2013-07-06 00:00:00+00:00,26.65325,56.50237,0.0,1008.82495
2013-07-07 00:00:00+00:00,27.438665,56.367645,0.0,1010.49585
2013-07-08 00:00:00+00:00,27.484503,54.10637,0.0,1011.4541
2013-07-09 00:00:00+00:00,27.053251,58.76465,0.0,1009.57086
2013-07-10 00:00:00+00:00,27.380333,58.40057,0.0,1006.36237
2013-07-11 00:00:00+00:00,27.442833,60.272083,0.0,1006.74585
2013-07-12 00:00:00+00:00,27.574083,60.23009,0.0,1008.3418
2013-07-13 00:00:00+00:00,27.667831,60.749893,0.0,1007.54987
2013-07-14 00:00:00+00:00,27.755331,61.012768,0.0,1007.12085
2013-07-15 00:00:00+00:00,27.91575,61.312984,0.0,1006.93756
2013-07-16 00:00:00+00:00,27.449083,59.37758,0.0,1008.2876
2013-07-17 00:00:00+00:00,27.488665,52.764736,0.0,1009.5916
2013-07-18 00:00:00+00:00,26.978249,56.778408,0.0,1009.6584
2013-07-19 00:00:00+00:00,27.33033,61.538895,0.0,1008.67096
2013-07-20 00:00:00+00:00,27.96575,59.735844,0.0,1007.5376
2013-07-21 00:00:00+00:00,26.911581,55.03696,0.0,1007.44586
2013-07-22 00:00:00+00:00,27.163666,56.97722,0.0,1005.321
2013-07-23 00:00:00+00:00,28.053251,57.945347,0.0,1005.5833
2013-07-24 00:00:00+00:00,28.1845,58.03211,0.0,1008.1624
2013-07-25 00:00:00+00:00,27.890749,55.99146,0.0,1008.0291
2013-07-26 00:00:00+00:00,28.390749,53.473164,0.0,1005.67084
2013-07-27 00:00:00+00:00,28.640749,49.923077,0.0,1004.36237
2013-07-28 00:00:00+00:00,29.309502,49.967266,0.0,1006.94586
2013-07-29 00:00:00+00:00,30.038664,41.89027,0.0,1008.554
2013-07-30 00:00:00+00:00,29.471998,43.344574,0.0,1007.1125
2013-07-31 00:00:00+00:00,29.124083,44.68451,0.0,1005.39996
2013-08-01 00:00:00+00:00,30.222,39.169514,0.0,1006.2
2013-08-02 00:00:00+00:00,29.963667,50.06224,0.0,1008.2625
2013-08-03 00:00:00+00:00,29.415754,56.524246,0.0,1009.3459
2013-08-04 00:00:00+00:00,28.330336,59.510326,0.0,1008.3083
2013-08-05 00:00:00+00:00,29.672003,57.055164,0.0,1006.575
2013-08-06 00:00:00+00:00,29.984499,53.14362,0.0,1005.93335
2013-08-07 00:00:00+00:00,29.532415,51.821106,0.0,1007.1541
2013-08-08 00:00:00+00:00,29.119917,50.78,0.0,1008.375
2013-08-09 00:00:00+00:00,28.551168,56.601593,0.0,1007.1875
2013-08-10 00:00:00+00:00,28.532417,57.379642,0.0,1005.00415
2013-08-11 00:00:00+00:00,29.08658,47.991116,0.0,1006.04175
2013-08-12 00:00:00+00:00,29.219915,50.78737,0.0,1007.9167
2013-08-13 00:00:00+00:00,28.151167,56.973705,0.0,1007.5542
2013-08-14 00:00:00+00:00,28.128252,55.78351,0.0,1006.27515
2013-08-15 00:00:00+00:00,28.561583,57.11388,0.0,1007.0376
2013-08-16 00:00:00+00:00,29.651167,59.093906,0.0,1006.77924
2013-08-17 00:00:00+00:00,29.553251,57.41153,0.0,1007.17926
2013-08-18 00:00:00+00:00,28.101164,57.721684,0.0,1008.05005
2013-08-19 00:00:00+00:00,28.1845,61.064854,0.0,1007.2
2013-08-20 00:00:00+00:00,29.296999,59.69711,0.0,1007.5833
2013-08-21 00:00:00+00:00,29.38867,55.21963,0.0,1008.42084
2013-08-22 00:00:00+00:00,29.321999,53.827713,0.0,1008.72925
2013-08-23 00:00:00+00:00,28.472,53.213333,0.0,1010.37085
2013-08-24 00:00:00+00:00,28.051168,54.786854,0.0,1010.8083
2013-08-25 00:00:00+00:00,27.869919,54.22424,0.0,1009.9666
2013-08-26 00:00:00+00:00,27.511583,50.18048,0.0,1009.38745
2013-08-27 00:00:00+00:00,27.890753,50.866486,0.0,1008.3416
2013-08-28 00:00:00+00:00,28.782415,51.696552,0.0,1008.56665
2013-08-29 00:00:00+00:00,29.34075,55.03151,0.0,1008.98737
2013-08-30 00:00:00+00:00,28.953253,57.04858,0.0,1008.3543
2013-08-31 00:00:00+00:00,28.167833,59.361294,0.0,1008.8542
2013-09-01 00:00:00+00:00,27.992834,57.44109,0.0,1009.5876
2013-09-02 00:00:00+00:00,28.186584,61.19125,0.0,1010.9626
2013-09-03 00:00:00+00:00,27.692831,57.45502,0.0,1012.1333
2013-09-04 00:00:00+00:00,27.138666,52.295376,0.0,1011.04175
2013-09-05 00:00:00+00:00,28.096998,56.13464,0.0,1009.3582
2013-09-06 00:00:00+00:00,27.455332,57.389248,0.0,1010.46674
2013-09-07 00:00:00+00:00,26.396997,52.385044,0.0,1012.94995
2013-09-08 00:00:00+00:00,27.434502,46.42378,0.0,1012.08344
2013-09-09 00:00:00+00:00,27.207415,48.414288,0.0,1011.7459
2013-09-10 00:00:00+00:00,26.455336,53.467205,0.0,1013.17084
2013-09-11 00:00:00+00:00,26.667831,55.098328,0.0,1012.02905
2013-09-12 00:00:00+00:00,27.026167,52.87459,0.0,1010.4124
2013-09-13 00:00:00+00:00,28.461586,52.84076,0.0,1011.0542
2013-09-14 00:00:00+00:00,28.622,55.97075,0.0,1012.0334
2013-09-15 00:00:00+00:00,27.190744,60.66109,0.0,1011.8376
2013-09-16 00:00:00+00:00,25.984499,50.947742,0.0,1010.84576
2013-09-17 00:00:00+00:00,27.476164,45.262196,0.0,1009.5999
2013-09-18 00:00:00+00:00,29.976164,38.098843,0.0,1008.5251
2013-09-19 00:00:00+00:00,31.796999,41.82059,0.0,1007.3125
2013-09-20 00:00:00+00:00,27.517836,61.214245,0.0,1012.57086
2013-09-21 00:00:00+00:00,27.888666,55.595947,0.0,1014.1042
2013-09-22 00:00:00+00:00,28.665747,55.208538,0.0,1011.22095
2013-09-23 00:00:00+00:00,26.761583,50.506214,0.0,1011.2458
2013-09-24 00:00:00+00:00,25.265753,54.410324,0.0,1013.52924
2013-09-25 00:00:00+00:00,24.717829,51.38917,0.0,1016.6875
2013-09-26 00:00:00+00:00,24.86992,52.949707,0.0,1015.8542
2013-09-27 00:00:00+00:00,24.667833,56.30721,0.0,1013.0125
2013-09-28 00:00:00+00:00,25.136583,55.98271,0.0,1012.625
2013-09-29 00:00:00+00:00,24.644915,55.132687,0.0,1012.65015
2013-09-30 00:00:00+00:00,24.796997,56.811447,0.0,1011.5542
2013-10-01 00:00:00+00:00,25.351164,52.1741,0.0,1009.3584
2013-10-02 00:00:00+00:00,27.455332,42.66299,0.0,1008.36676
2013-10-03 00:00:00+00:00,26.059502,59.156994,0.0,1013.0208
2013-10-04 00:00:00+00:00,23.497002,50.802612,0.0,1016.2917
2013-10-05 00:00:00+00:00,21.4095,49.451084,0.0,1016.2249
2013-10-06 00:00:00+00:00,21.365751,43.626507,0.0,1017.0542
2013-10-07 00:00:00+00:00,21.086586,45.05415,0.0,1019.02075
2013-10-08 00:00:00+00:00,22.249084,48.227844,0.0,1017.75415
2013-10-09 00:00:00+00:00,24.274086,48.481106,0.0,1015.66656
2013-10-10 00:00:00+00:00,23.930334,50.995438,0.0,1016.825
2013-10-11 00:00:00+00:00,23.219917,53.712704,0.0,1018.42487
2013-10-12 00:00:00+00:00,23.921999,61.687332,0.0,1016.4751
2013-10-13 00:00:00+00:00,24.27825,66.878716,0.0,1013.06244
2013-10-14 00:00:00+00:00,24.646997,58.593037,0.0,1013.7583
2013-10-15 00:00:00+00:00,23.832418,55.072906,0.0,1015.6208
2013-10-16 00:00:00+00:00,23.226166,51.671406,0.0,1014.2666
2013-10-17 00:00:00+00:00,24.628248,43.404636,0.0,1010.64594
2013-10-18 00:00:00+00:00,23.740753,52.1391,0.0,1013.2415
2013-10-19 00:00:00+00:00,22.017832,58.037766,0.0,1019.04156
2013-10-20 00:00:00+00:00,21.97825,51.37845,0.0,1019.61664
2013-10-21 00:00:00+00:00,23.049086,51.047726,0.0,1016.30414
2013-10-22 00:00:00+00:00,22.917833,57.814655,0.0,1015.1292
2013-10-23 00:00:00+00:00,22.286583,59.94284,0.0,1015.5874
2013-10-24 00:00:00+00:00,21.49283,60.66876,0.0,1015.2917
2013-10-25 00:00:00+00:00,21.630331,57.975235,0.0,1014.94995
2013-10-26 00:00:00+00:00,21.330338,52.059635,0.0,1015.6916
2013-10-27 00:00:00+00:00,20.951166,56.124775,0.0,1016.1418
2013-10-28 00:00:00+00:00,20.494919,60.262592,0.0,1015.8542
2013-10-29 00:00:00+00:00,20.805336,64.79027,0.0,1013.56665
2013-10-30 00:00:00+00:00,21.717833,62.83643,0.0,1013.09595
2013-10-31 00:00:00+00:00,22.207415,63.185337,0.1,1014.7083
2013-11-01 00:00:00+00:00,21.342833,63.49533,0.0,1015.82513
2013-11-02 00:00:00+00:00,21.640749,62.732716,0.0,1015.8667
2013-11-03 00:00:00+00:00,21.77408,66.057,0.0,1016.54584
2013-11-04 00:00:00+00:00,22.738663,67.94253,0.0,1015.821
2013-11-05 00:00:00+00:00,22.119913,66.84135,0.0,1015.7376
2013-11-06 00:00:00+00:00,21.894915,54.24342,0.0,1013.07086
2013-11-07 00:00:00+00:00,22.374083,37.66008,0.4,1009.39166
2013-11-08 00:00:00+00:00,21.013666,57.156845,0.0,1011.17487
2013-11-09 00:00:00+00:00,20.865753,67.87151,0.0,1013.77924
2013-11-10 00:00:00+00:00,20.857416,70.47109,0.0,1014.43744
2013-11-11 00:00:00+00:00,21.411583,71.57861,0.0,1014.3752
2013-11-12 00:00:00+00:00,22.342834,68.77004,0.0,1014.66254
2013-11-13 00:00:00+00:00,21.336584,65.0902,0.0,1014.9958
2013-11-14 00:00:00+00:00,20.007418,55.87312,0.0,1014.0916
2013-11-15 00:00:00+00:00,20.288666,53.21765,0.0,1013.7334
2013-11-16 00:00:00+00:00,20.049082,59.004383,0.0,1015.44995
2013-11-17 00:00:00+00:00,18.549084,75.208534,0.7,1014.1875
2013-11-18 00:00:00+00:00,18.099085,72.24647,0.0,1013.85425
2013-11-19 00:00:00+00:00,18.421999,69.645775,0.0,1016.14594
2013-11-20 00:00:00+00:00,19.1845,63.145935,0.0,1018.07513
2013-11-21 00:00:00+00:00,20.092836,52.82906,0.0,1016.0793
2013-11-22 00:00:00+00:00,22.069916,34.579926,0.0,1012.1624
2013-11-23 00:00:00+00:00,20.09075,45.620773,0.0,1014.0708
2013-11-24 00:00:00+00:00,18.997,59.966293,0.0,1014.3125
2013-11-25 00:00:00+00:00,22.046997,36.55211,0.0,1011.8333
2013-11-26 00:00:00+00:00,26.467829,22.695757,0.0,1010.42505
2013-11-27 00:00:00+00:00,24.011583,39.492374,0.0,1014.675
2013-11-28 00:00:00+00:00,20.31575,71.36112,0.0,1018.4334
2013-11-29 00:00:00+00:00,17.71575,61.766342,0.0,1018.3875
2013-11-30 00:00:00+00:00,17.015749,54.7339,0.0,1016.9709
2013-12-01 00:00:00+00:00,22.097,39.039825,0.0,1014.9998
2013-12-02 00:00:00+00:00,24.986586,42.06069,0.0,1014.96246
2013-12-03 00:00:00+00:00,23.115747,56.442234,0.0,1013.12915
2013-12-04 00:00:00+00:00,19.261581,62.337894,0.0,1014.65424
2013-12-05 00:00:00+00:00,16.35325,65.31388,0.0,1015.45416
2013-12-06 00:00:00+00:00,15.605334,56.325718,0.0,1017.72504
2013-12-07 00:00:00+00:00,16.501165,46.47658,0.0,1019.09174
2013-12-08 00:00:00+00:00,16.569918,57.94959,0.0,1021.17914
2013-12-09 00:00:00+00:00,14.505333,56.723866,0.0,1024.1208
2013-12-10 00:00:00+00:00,14.388667,54.788044,0.0,1020.10406
2013-12-11 00:00:00+00:00,13.161583,54.79541,0.0,1014.4917
2013-12-12 00:00:00+00:00,9.705334,57.390324,0.7,1016.0291
2013-12-13 00:00:00+00:00,9.001167,69.634514,0.5,1017.6375
2013-12-14 00:00:00+00:00,10.451167,76.30272,0.8,1024.3083
2013-12-15 00:00:00+00:00,10.9574175,62.32713,0.0,1028.3876
2013-12-16 00:00:00+00:00,10.769916,62.99722,0.0,1025.5582
2013-12-17 00:00:00+00:00,12.694919,58.987522,0.0,1021.5666
2013-12-18 00:00:00+00:00,13.036584,58.05637,0.0,1020.12506
2013-12-19 00:00:00+00:00,13.292834,64.45613,0.0,1022.32495
2013-12-20 00:00:00+00:00,13.934501,69.413414,0.0,1025.4208
2013-12-21 00:00:00+00:00,14.465752,66.90487,0.0,1026.6083
2013-12-22 00:00:00+00:00,14.7699175,64.5239,0.0,1025.6832
2013-12-23 00:00:00+00:00,14.388665,55.788406,0.0,1023.75824
2013-12-24 00:00:00+00:00,14.024085,34.879578,0.0,1021.8376
2013-12-25 00:00:00+00:00,15.47825,36.162106,0.0,1019.17084
2013-12-26 00:00:00+00:00,14.646999,45.3158,0.0,1018.45
2013-12-27 00:00:00+00:00,14.855334,50.007504,0.0,1016.89575
2013-12-28 00:00:00+00:00,13.636584,45.104645,0.0,1015.021
2013-12-29 00:00:00+00:00,13.011584,44.798435,0.0,1015.95
2013-12-30 00:00:00+00:00,13.80325,67.91914,0.0,1016.0417
2013-12-31 00:00:00+00:00,13.922002,73.74162,0.1,1018.55
2014-01-01 00:00:00+00:00,14.799084,68.82176,0.0,1020.2415
2014-01-02 00:00:00+00:00,15.076167,61.72971,0.0,1020.61255
2014-01-03 00:00:00+00:00,14.738669,59.716473,0.0,1020.1292
2014-01-04 00:00:00+00:00,13.936584,76.67169,1.1,1018.90826
2014-01-05 00:00:00+00:00,14.01575,71.75066,0.0,1019.56665
2014-01-06 00:00:00+00:00,13.219916,72.344475,0.0,1021.02075
2014-01-07 00:00:00+00:00,14.224084,57.06631,0.0,1017.14166
2014-01-08 00:00:00+00:00,13.888667,54.83879,0.0,1014.57916
2014-01-09 00:00:00+00:00,12.021998,68.1302,1.9,1016.375
2014-01-10 00:00:00+00:00,12.7803335,72.274055,0.0,1020.62915
2014-01-11 00:00:00+00:00,14.055332,66.03995,0.0,1025.2208
2014-01-12 00:00:00+00:00,14.64075,64.47604,0.0,1024.9083
2014-01-13 00:00:00+00:00,15.049087,65.72108,0.0,1020.6501
2014-01-14 00:00:00+00:00,15.788669,65.77393,0.0,1016.8957
2014-01-15 00:00:00+00:00,14.5824175,71.57385,0.0,1019.0291
2014-01-16 00:00:00+00:00,15.182416,50.46089,0.0,1016.6499
2014-01-17 00:00:00+00:00,14.703251,64.467575,0.0,1020.19574
2014-01-18 00:00:00+00:00,15.376167,70.6369,0.0,1023.73737
2014-01-19 00:00:00+00:00,15.6136675,58.323715,0.0,1022.5417
2014-01-20 00:00:00+00:00,15.419917,49.233948,0.0,1020.3459
2014-01-21 00:00:00+00:00,15.974086,41.171104,0.0,1018.5459
2014-01-22 00:00:00+00:00,16.353252,40.20123,0.0,1017.72095
2014-01-23 00:00:00+00:00,14.742835,68.550255,0.0,1020.4126
2014-01-24 00:00:00+00:00,15.042834,61.213535,0.0,1019.12085
2014-01-25 00:00:00+00:00,17.311583,46.401783,0.0,1012.9915
2014-01-26 00:00:00+00:00,18.330334,34.56248,0.0,1006.51666
2014-01-27 00:00:00+00:00,15.0095,43.536083,0.0,1007.63336
2014-01-28 00:00:00+00:00,14.288669,47.0677,0.0,1013.11255
2014-01-29 00:00:00+00:00,15.328251,39.797947,0.0,1017.66254
2014-01-30 00:00:00+00:00,15.988667,48.773983,0.0,1020.4709
2014-01-31 00:00:00+00:00,15.492833,61.949306,0.0,1019.40424
2014-02-01 00:00:00+00:00,16.388666,64.37002,0.0,1015.33746
2014-02-02 00:00:00+00:00,18.557417,51.971516,0.0,1007.7459
2014-02-03 00:00:00+00:00,15.828248,69.06497,0.0,1012.85834
2014-02-04 00:00:00+00:00,14.876166,69.65327,0.0,1017.71674
2014-02-05 00:00:00+00:00,14.111584,57.769547,0.0,1018.74585
2014-02-06 00:00:00+00:00,14.032417,57.062206,0.0,1017.15826
2014-02-07 00:00:00+00:00,14.117833,56.591522,0.0,1018.37915
2014-02-08 00:00:00+00:00,13.980334,55.634975,0.0,1021.62085
2014-02-09 00:00:00+00:00,14.130333,54.599,0.0,1021.67505
2014-02-10 00:00:00+00:00,14.440751,58.548386,0.0,1020.75824
2014-02-11 00:00:00+00:00,15.347,54.911533,0.0,1019.63745
2014-02-12 00:00:00+00:00,16.684502,52.459274,0.0,1014.53766
2014-02-13 00:00:00+00:00,15.609501,51.89963,0.0,1013.3625
2014-02-14 00:00:00+00:00,15.0199175,52.127136,0.0,1014.64166
2014-02-15 00:00:00+00:00,13.549083,64.27487,4.0,1012.48737
2014-02-16 00:00:00+00:00,14.8115835,65.90894,0.0,1017.83344
2014-02-17 00:00:00+00:00,14.817832,64.99738,0.0,1023.77924
2014-02-18 00:00:00+00:00,14.844917,64.066734,0.0,1025.4166
2014-02-19 00:00:00+00:00,15.513665,66.78237,0.0,1023.46674
2014-02-20 00:00:00+00:00,17.392832,59.094814,0.0,1019.2874
2014-02-21 00:00:00+00:00,20.724083,41.183254,0.0,1014.10004
2014-02-22 00:00:00+00:00,18.861582,47.5224,0.0,1012.904
2014-02-23 00:00:00+00:00,17.192833,66.972275,0.0,1015.4751
2014-02-24 00:00:00+00:00,16.444918,66.30978,0.0,1015.93335
2014-02-25 00:00:00+00:00,15.3949175,59.987667,0.0,1018.8875
2014-02-26 00:00:00+00:00,15.717834,54.340137,0.0,1020.7874
2014-02-27 00:00:00+00:00,14.992835,57.62445,0.0,1021.3376
2014-02-28 00:00:00+00:00,14.622002,55.828526,0.0,1018.925
2014-03-01 00:00:00+00:00,19.517832,38.2833,0.0,1010.45
2014-03-02 00:00:00+00:00,20.530334,28.952913,0.0,1010.1333
2014-03-03 00:00:00+00:00,18.59075,41.392754,0.0,1009.375
2014-03-04 00:00:00+00:00,18.951166,32.879868,0.0,1011.74585
2014-03-05 00:00:00+00:00,21.342833,31.640839,0.0,1011.6082
2014-03-06 00:00:00+00:00,19.780336,46.6142,0.0,1015.35406
2014-03-07 00:00:00+00:00,23.449083,33.86701,0.1,1009.2
2014-03-08 00:00:00+00:00,19.79075,53.02592,0.1,1011.2541
2014-03-09 00:00:00+00:00,17.10325,60.21751,0.0,1012.5042
2014-03-10 00:00:00+00:00,16.207418,52.924168,0.0,1013.6958
2014-03-11 00:00:00+00:00,16.497,46.52292,0.0,1015.1667
2014-03-12 00:00:00+00:00,14.45325,62.069244,0.0,1017.60406
2014-03-13 00:00:00+00:00,14.263664,60.037167,0.6,1016.78326
2014-03-14 00:00:00+00:00,14.792834,45.718365,0.0,1019.554
2014-03-15 00:00:00+00:00,15.061584,39.063633,0.0,1020.6375
2014-03-16 00:00:00+00:00,20.724083,20.656137,0.0,1014.22076
2014-03-17 00:00:00+00:00,21.703249,29.292414,0.0,1013.4458
2014-03-18 00:00:00+00:00,17.519917,65.48946,0.2,1016.4499
2014-03-19 00:00:00+00:00,18.063667,63.56084,0.0,1018.22095
2014-03-20 00:00:00+00:00,18.124084,59.825348,0.0,1018.28345
2014-03-21 00:00:00+00:00,17.761583,58.869232,0.0,1017.29584
2014-03-22 00:00:00+00:00,17.97825,59.019855,0.0,1015.4876
2014-03-23 00:00:00+00:00,17.324083,63.7758,0.0,1013.42505
2014-03-24 00:00:00+00:00,17.913666,60.85696,0.0,1013.6667
2014-03-25 00:00:00+00:00,18.480333,51.23984,0.0,1013.96655
2014-03-26 00:00:00+00:00,20.386585,43.473114,0.0,1017.41254
2014-03-27 00:00:00+00:00,21.213667,37.96828,0.0,1017.21674
2014-03-28 00:00:00+00:00,20.861584,45.650692,0.0,1013.5791
2014-03-29 00:00:00+00:00,21.332418,45.29831,0.0,1009.59155
2014-03-30 00:00:00+00:00,18.440752,55.670795,0.0,1010.38745
2014-03-31 00:00:00+00:00,18.21575,46.04691,0.0,1009.19165
2014-04-01 00:00:00+00:00,17.80325,52.317036,0.0,1008.6917
2014-04-02 00:00:00+00:00,18.0595,54.64574,0.0,1013.5293
2014-04-03 00:00:00+00:00,18.038668,56.13072,0.0,1016.77496
2014-04-04 00:00:00+00:00,19.230333,49.214813,0.0,1018.8
2014-04-05 00:00:00+00:00,21.31575,43.191868,0.0,1015.23334
2014-04-06 00:00:00+00:00,23.894918,29.55294,0.0,1011.325
2014-04-07 00:00:00+00:00,21.382418,47.4585,0.0,1014.4958
2014-04-08 00:00:00+00:00,22.769915,39.51933,0.0,1014.70416
2014-04-09 00:00:00+00:00,19.567833,57.90395,0.0,1015.69183
2014-04-10 00:00:00+00:00,19.694921,51.44293,0.0,1016.8208
2014-04-11 00:00:00+00:00,20.855331,41.016026,0.0,1016.62915
2014-04-12 00:00:00+00:00,20.730333,45.111755,0.0,1016.02924
2014-04-13 00:00:00+00:00,20.376165,53.55496,0.0,1015.3875
2014-04-14 00:00:00+00:00,23.094915,40.314137,0.0,1011.55414
2014-04-15 00:00:00+00:00,23.744919,34.726788,0.3,1009.5667
2014-04-16 00:00:00+00:00,21.855333,54.915188,0.0,1011.22504
2014-04-17 00:00:00+00:00,21.438667,52.647858,0.0,1011.22504
2014-04-18 00:00:00+00:00,25.96575,36.44485,0.0,1010.7918
2014-04-19 00:00:00+00:00,22.592834,57.52824,0.0,1012.52075
2014-04-20 00:00:00+00:00,21.519918,55.44083,0.0,1014.1956
2014-04-21 00:00:00+00:00,20.371998,53.358902,0.0,1015.37915
2014-04-22 00:00:00+00:00,23.286583,42.828663,0.0,1016.35425
2014-04-23 00:00:00+00:00,25.205336,36.99115,0.0,1013.8042
2014-04-24 00:00:00+00:00,26.61783,40.760906,0.0,1007.8372
2014-04-25 00:00:00+00:00,23.882416,56.948887,0.0,1009.46655
2014-04-26 00:00:00+00:00,21.87617,53.88582,0.0,1012.5
2014-04-27 00:00:00+00:00,23.217833,44.2477,0.0,1011.03754
2014-04-28 00:00:00+00:00,24.634499,41.107174,0.0,1012.5749
2014-04-29 00:00:00+00:00,24.32617,43.404034,0.0,1013.23737
2014-04-30 00:00:00+00:00,26.061584,34.37611,0.0,1011.7666
2014-05-01 00:00:00+00:00,25.263666,48.50337,0.0,1011.21265
2014-05-02 00:00:00+00:00,24.238665,45.063553,0.0,1014.1126
2014-05-03 00:00:00+00:00,29.436583,24.991934,0.0,1011.9165
2014-05-04 00:00:00+00:00,32.876163,17.066853,0.0,1008.97925
2014-05-05 00:00:00+00:00,29.374084,33.7452,0.0,1008.9583
2014-05-06 00:00:00+00:00,25.476168,56.733505,0.0,1010.80426
2014-05-07 00:00:00+00:00,22.715752,59.605503,0.0,1010.8415
2014-05-08 00:00:00+00:00,20.819916,55.652164,0.1,1009.8833
2014-05-09 00:00:00+00:00,22.288666,44.54674,0.0,1012.97504
2014-05-10 00:00:00+00:00,23.376165,43.137165,0.0,1012.6543
2014-05-11 00:00:00+00:00,21.76992,48.738846,0.0,1014.17914
2014-05-12 00:00:00+00:00,21.242836,53.456238,0.0,1016.625
2014-05-13 00:00:00+00:00,23.194918,46.531315,0.0,1018.37085
2014-05-14 00:00:00+00:00,25.149084,36.52592,0.0,1015.30835
2014-05-15 00:00:00+00:00,27.851168,28.712173,0.0,1011.31665
2014-05-16 00:00:00+00:00,25.824083,47.80899,0.0,1012.46246
2014-05-17 00:00:00+00:00,24.257418,44.67122,0.0,1016.38336
2014-05-18 00:00:00+00:00,23.340752,41.018703,0.0,1017.94586
2014-05-19 00:00:00+00:00,24.832415,42.100292,0.0,1016.6458
2014-05-20 00:00:00+00:00,27.732414,34.30224,0.0,1012.59174
2014-05-21 00:00:00+00:00,27.338669,39.28983,0.0,1009.1624
2014-05-22 00:00:00+00:00,24.490747,54.162968,0.0,1010.71655
2014-05-23 00:00:00+00:00,25.151169,50.799526,0.0,1010.5583
2014-05-24 00:00:00+00:00,25.4345,48.903843,0.0,1013.13336
2014-05-25 00:00:00+00:00,25.361586,45.155853,0.0,1014.8416
2014-05-26 00:00:00+00:00,27.328249,39.616886,0.0,1014.29584
2014-05-27 00:00:00+00:00,30.876165,30.459917,0.0,1009.9041
2014-05-28 00:00:00+00:00,26.365753,53.561005,0.0,1010.88336
2014-05-29 00:00:00+00:00,27.876165,43.975895,0.0,1012.25415
2014-05-30 00:00:00+00:00,32.886585,29.235315,0.0,1008.29175
2014-05-31 00:00:00+00:00,25.457415,49.654057,0.0,1011.99164
2014-06-01 00:00:00+00:00,24.332418,46.28484,0.0,1013.3499
2014-06-02 00:00:00+00:00,25.057419,47.27069,0.0,1014.39594
2014-06-03 00:00:00+00:00,30.407415,28.50926,0.0,1011.67914
2014-06-04 00:00:00+00:00,34.18867,22.521814,0.0,1007.3333
2014-06-05 00:00:00+00:00,25.874079,47.21364,0.0,1012.04987
2014-06-06 00:00:00+00:00,24.386581,51.92426,0.0,1011.55
2014-06-07 00:00:00+00:00,25.169916,49.010864,0.0,1010.54156
2014-06-08 00:00:00+00:00,25.338663,53.422657,0.0,1009.62915
2014-06-09 00:00:00+00:00,26.174082,52.298466,0.0,1009.47516
2014-06-10 00:00:00+00:00,27.294916,46.867966,0.0,1011.47076
2014-06-11 00:00:00+00:00,28.4095,43.073353,0.0,1012.1001
2014-06-12 00:00:00+00:00,27.213663,47.11939,0.0,1010.2834
2014-06-13 00:00:00+00:00,26.813667,54.897827,0.0,1008.65826
2014-06-14 00:00:00+00:00,27.39492,50.043903,0.0,1009.23334
2014-06-15 00:00:00+00:00,29.56575,41.360516,0.0,1011.56244
2014-06-16 00:00:00+00:00,31.269918,30.325994,0.0,1010.02075
2014-06-17 00:00:00+00:00,29.26367,42.523792,0.0,1011.96246
2014-06-18 00:00:00+00:00,28.122002,49.034878,0.0,1012.96246
2014-06-19 00:00:00+00:00,31.00325,36.27067,0.0,1010.3958
2014-06-20 00:00:00+00:00,29.207418,38.97588,0.0,1009.30426
2014-06-21 00:00:00+00:00,26.0345,53.302845,0.0,1012.65424
2014-06-22 00:00:00+00:00,26.405334,51.787125,0.0,1013.92505
2014-06-23 00:00:00+00:00,26.490751,53.738117,0.0,1013.0959
2014-06-24 00:00:00+00:00,26.574083,50.64729,0.0,1010.56665
2014-06-25 00:00:00+00:00,27.628248,53.686413,0.0,1009.61664
2014-06-26 00:00:00+00:00,29.12825,48.67436,0.0,1009.7957
2014-06-27 00:00:00+00:00,30.974083,39.994286,0.0,1010.4875
2014-06-28 00:00:00+00:00,32.3595,36.232574,0.0,1009.7915
2014-06-29 00:00:00+00:00,30.288666,46.237988,0.0,1009.0916
2014-06-30 00:00:00+00:00,28.13241,55.19426,0.0,1009.57916
2014-07-01 00:00:00+00:00,28.659502,55.374645,0.0,1011.70404
2014-07-02 00:00:00+00:00,28.874083,51.402725,0.0,1012.59174
2014-07-03 00:00:00+00:00,28.261583,52.969715,0.0,1009.2708
2014-07-04 00:00:00+00:00,28.659498,57.354168,0.0,1004.5459
2014-07-05 00:00:00+00:00,27.269913,54.131435,0.0,1005.8709
2014-07-06 00:00:00+00:00,28.186583,54.26941,0.0,1008.9084
2014-07-07 00:00:00+00:00,28.721998,53.817074,0.0,1010.4666
2014-07-08 00:00:00+00:00,27.438665,54.600574,0.0,1008.7625
2014-07-09 00:00:00+00:00,28.471994,53.108463,0.0,1008.25836
2014-07-10 00:00:00+00:00,30.511583,48.822826,0.0,1008.25824
2014-07-11 00:00:00+00:00,30.647001,49.35896,0.0,1008.85004
2014-07-12 00:00:00+00:00,31.672003,43.02202,0.0,1010.65826
2014-07-13 00:00:00+00:00,28.530333,56.90468,0.0,1012.49994
2014-07-14 00:00:00+00:00,27.136581,57.183514,0.0,1010.18756
2014-07-15 00:00:00+00:00,27.35742,57.553196,0.0,1008.99164
2014-07-16 00:00:00+00:00,27.71575,56.730236,0.0,1010.3625
2014-07-17 00:00:00+00:00,27.111582,57.215794,0.0,1010.9085
2014-07-18 00:00:00+00:00,27.065748,57.280457,0.0,1009.6584
2014-07-19 00:00:00+00:00,27.25325,55.368633,0.0,1009.58746
2014-07-20 00:00:00+00:00,27.807419,54.31084,0.0,1008.93756
2014-07-21 00:00:00+00:00,28.505335,52.68581,0.0,1008.0459
2014-07-22 00:00:00+00:00,28.684507,56.474796,0.0,1008.4165
2014-07-23 00:00:00+00:00,29.472,53.38258,0.0,1008.9959
2014-07-24 00:00:00+00:00,29.505331,48.116165,0.0,1008.3208
2014-07-25 00:00:00+00:00,28.18867,54.012463,0.0,1007.55005
2014-07-26 00:00:00+00:00,28.409502,50.860905,0.0,1008.4998
2014-07-27 00:00:00+00:00,29.163668,53.08433,0.0,1011.2874
2014-07-28 00:00:00+00:00,29.507418,54.22169,0.0,1011.5708
2014-07-29 00:00:00+00:00,29.749083,48.49789,0.0,1009.17084
2014-07-30 00:00:00+00:00,30.046997,44.849216,0.0,1007.6584
2014-07-31 00:00:00+00:00,28.469917,55.392773,0.0,1007.5999
2014-08-01 00:00:00+00:00,30.11783,46.972412,0.0,1006.69574
2014-08-02 00:00:00+00:00,28.980333,54.535664,0.0,1007.8708
2014-08-03 00:00:00+00:00,28.06575,57.44156,0.0,1007.8042
2014-08-04 00:00:00+00:00,28.065752,59.48619,0.0,1006.66675
2014-08-05 00:00:00+00:00,30.024084,49.388077,0.0,1005.4207
2014-08-06 00:00:00+00:00,31.528254,40.028866,0.0,1005.2959
2014-08-07 00:00:00+00:00,31.084501,43.887623,0.0,1007.1541
2014-08-08 00:00:00+00:00,28.721998,54.031326,0.0,1010.22925
2014-08-09 00:00:00+00:00,27.91575,55.412968,0.0,1010.19995
2014-08-10 00:00:00+00:00,28.505333,56.88777,0.0,1009.09576
2014-08-11 00:00:00+00:00,28.897001,56.613094,0.0,1008.7666
2014-08-12 00:00:00+00:00,29.265749,54.75941,0.0,1008.1584
2014-08-13 00:00:00+00:00,29.815748,56.482105,0.0,1007.6584
2014-08-14 00:00:00+00:00,29.890749,53.944386,0.0,1008.69183
2014-08-15 00:00:00+00:00,29.988668,51.115444,0.0,1010.23737
2014-08-16 00:00:00+00:00,29.517832,52.939983,0.0,1007.70825
2014-08-17 00:00:00+00:00,29.647001,59.852615,0.0,1004.7249
2014-08-18 00:00:00+00:00,29.251165,58.477966,0.0,1006.2668
2014-08-19 00:00:00+00:00,28.84075,53.153767,0.0,1010.229
2014-08-20 00:00:00+00:00,28.724081,49.6093,0.0,1012.32086
2014-08-21 00:00:00+00:00,28.576166,57.203613,0.0,1011.7376
2014-08-22 00:00:00+00:00,29.409502,58.627747,0.0,1009.84174
2014-08-23 00:00:00+00:00,30.476166,57.898975,0.0,1007.74585
2014-08-24 00:00:00+00:00,30.263664,59.47087,0.0,1007.08344
2014-08-25 00:00:00+00:00,30.074081,56.118835,0.0,1008.59174
2014-08-26 00:00:00+00:00,29.613668,52.261063,0.0,1009.36664
2014-08-27 00:00:00+00:00,28.632418,56.787827,0.0,1008.2251
2014-08-28 00:00:00+00:00,28.736582,56.242172,0.0,1007.67084
2014-08-29 00:00:00+00:00,29.259499,51.5152,0.0,1008.5
2014-08-30 00:00:00+00:00,28.980331,54.821625,0.0,1009.20844
2014-08-31 00:00:00+00:00,27.869917,61.772236,0.0,1009.17505
2014-09-01 00:00:00+00:00,27.863665,56.56834,0.0,1009.0332
2014-09-02 00:00:00+00:00,27.892832,53.437027,0.0,1009.1584
2014-09-03 00:00:00+00:00,28.957415,48.219173,0.0,1009.6418
2014-09-04 00:00:00+00:00,31.236582,42.748016,0.0,1008.8875
2014-09-05 00:00:00+00:00,28.182419,56.60371,0.0,1008.0874
2014-09-06 00:00:00+00:00,27.47825,53.551006,0.0,1008.61664
2014-09-07 00:00:00+00:00,28.040749,51.09795,0.0,1011.29175
2014-09-08 00:00:00+00:00,27.796999,55.16289,0.0,1012.92914
2014-09-09 00:00:00+00:00,27.742834,55.899506,0.0,1011.7917
2014-09-10 00:00:00+00:00,27.79492,55.59785,0.0,1011.58325
2014-09-11 00:00:00+00:00,28.217833,54.484104,0.0,1012.89154
2014-09-12 00:00:00+00:00,27.77408,54.878376,0.0,1013.47906
2014-09-13 00:00:00+00:00,27.099083,55.2282,0.0,1012.7542
2014-09-14 00:00:00+00:00,27.280334,55.76132,0.0,1011.5916
2014-09-15 00:00:00+00:00,28.288668,50.904587,0.0,1011.4209
2014-09-16 00:00:00+00:00,31.063665,36.2501,0.0,1008.78326
2014-09-17 00:00:00+00:00,28.736582,47.980103,0.0,1008.99994
2014-09-18 00:00:00+00:00,27.421999,55.000446,0.0,1013.13763
2014-09-19 00:00:00+00:00,26.676163,55.59351,0.0,1014.77496
2014-09-20 00:00:00+00:00,26.4095,54.064102,0.0,1013.8291
2014-09-21 00:00:00+00:00,26.444916,53.996914,0.0,1012.62915
2014-09-22 00:00:00+00:00,27.199083,54.5816,0.0,1012.2708
2014-09-23 00:00:00+00:00,28.103254,54.15671,0.0,1012.95844
2014-09-24 00:00:00+00:00,29.782417,44.935116,0.0,1013.99164
2014-09-25 00:00:00+00:00,28.771997,53.194553,0.0,1014.054
2014-09-26 00:00:00+00:00,28.388666,49.42175,0.0,1014.00415
2014-09-27 00:00:00+00:00,30.403252,40.32967,0.0,1011.72064
2014-09-28 00:00:00+00:00,25.976166,51.88345,0.0,1014.30005
2014-09-29 00:00:00+00:00,24.321999,53.85776,0.0,1015.7959
2014-09-30 00:00:00+00:00,24.757416,52.85741,0.0,1014.9458
2014-10-01 00:00:00+00:00,24.81367,50.981873,0.0,1015.01245
2014-10-02 00:00:00+00:00,24.644918,50.5357,0.0,1015.3459
2014-10-03 00:00:00+00:00,24.705332,51.427616,0.0,1014.65845
2014-10-04 00:00:00+00:00,24.476166,53.1631,0.0,1014.8708
2014-10-05 00:00:00+00:00,24.457418,54.38557,0.0,1016.2959
2014-10-06 00:00:00+00:00,24.632416,56.66214,0.0,1017.22076
2014-10-07 00:00:00+00:00,25.84075,59.37494,0.0,1015.42096
2014-10-08 00:00:00+00:00,25.899084,61.82692,0.0,1013.2126
2014-10-09 00:00:00+00:00,24.747002,56.881577,0.0,1012.9666
2014-10-10 00:00:00+00:00,25.092833,55.977947,0.0,1013.14594
2014-10-11 00:00:00+00:00,24.51367,60.808254,0.0,1014.33746
2014-10-12 00:00:00+00:00,24.324081,57.608078,0.0,1015.2168
2014-10-13 00:00:00+00:00,24.317833,52.886166,0.0,1014.78326
2014-10-14 00:00:00+00:00,23.280334,55.38711,0.0,1014.375
2014-10-15 00:00:00+00:00,23.684496,52.80086,0.0,1015.3374
2014-10-16 00:00:00+00:00,23.569916,55.899826,0.0,1017.5999
2014-10-17 00:00:00+00:00,24.634499,55.27757,0.0,1019.075
2014-10-18 00:00:00+00:00,24.463669,64.724846,0.0,1016.09576
2014-10-19 00:00:00+00:00,24.597,65.342354,0.0,1011.66675
2014-10-20 00:00:00+00:00,23.01783,51.717987,0.0,1013.9917
2014-10-21 00:00:00+00:00,22.349083,47.294994,0.0,1015.3875
2014-10-22 00:00:00+00:00,22.124083,46.76045,0.0,1015.03326
2014-10-23 00:00:00+00:00,23.184502,40.296566,0.0,1015.2542
2014-10-24 00:00:00+00:00,24.294916,34.994823,0.0,1015.27075
2014-10-25 00:00:00+00:00,25.297003,32.31311,0.0,1014.03754
2014-10-26 00:00:00+00:00,25.044914,45.334835,0.0,1014.45
2014-10-27 00:00:00+00:00,23.469915,62.216084,0.0,1016.62915
2014-10-28 00:00:00+00:00,22.803247,59.563904,0.0,1016.37067
2014-10-29 00:00:00+00:00,22.101166,57.22203,0.0,1016.07916
2014-10-30 00:00:00+00:00,21.157417,60.310207,0.0,1015.7249
2014-10-31 00:00:00+00:00,20.492834,60.283417,0.0,1015.85004
2014-11-01 00:00:00+00:00,22.351166,48.48622,0.0,1015.4876
2014-11-02 00:00:00+00:00,23.919912,40.976704,0.0,1014.33325
2014-11-03 00:00:00+00:00,20.576166,67.62696,0.0,1017.92914
2014-11-04 00:00:00+00:00,19.8095,64.185265,0.1,1019.88336
2014-11-05 00:00:00+00:00,19.97825,56.47316,0.0,1021.7002
2014-11-06 00:00:00+00:00,20.615751,57.372875,0.0,1021.4792
2014-11-07 00:00:00+00:00,21.640747,34.698578,0.0,1017.10406
2014-11-08 00:00:00+00:00,22.682419,28.0147,0.0,1015.60406
2014-11-09 00:00:00+00:00,21.546997,42.64757,0.0,1017.81244
2014-11-10 00:00:00+00:00,20.909502,62.49481,0.0,1018.97925
2014-11-11 00:00:00+00:00,20.722002,67.5827,0.0,1017.15405
2014-11-12 00:00:00+00:00,20.544916,67.04217,0.0,1015.00415
2014-11-13 00:00:00+00:00,20.846998,60.604816,0.0,1013.5542
2014-11-14 00:00:00+00:00,21.097002,55.956806,0.0,1012.9709
2014-11-15 00:00:00+00:00,20.124084,55.59029,0.0,1013.81665
2014-11-16 00:00:00+00:00,19.049086,67.27023,0.0,1014.44165
2014-11-17 00:00:00+00:00,19.663668,64.47697,0.0,1017.6084
2014-11-18 00:00:00+00:00,19.507416,65.71438,0.0,1019.92096
2014-11-19 00:00:00+00:00,20.444914,66.7669,0.0,1018.50006
2014-11-20 00:00:00+00:00,20.424084,67.20807,0.0,1016.0166
2014-11-21 00:00:00+00:00,18.861586,69.6619,0.0,1016.1667
2014-11-22 00:00:00+00:00,18.055334,64.8128,0.0,1018.2251
2014-11-23 00:00:00+00:00,16.9095,59.54512,0.0,1017.27496
2014-11-24 00:00:00+00:00,16.490751,62.929646,0.0,1015.2834
2014-11-25 00:00:00+00:00,15.949085,68.50173,0.0,1016.196
2014-11-26 00:00:00+00:00,16.122002,59.73823,0.0,1017.3416
2014-11-27 00:00:00+00:00,16.15742,62.68335,0.0,1020.0083
2014-11-28 00:00:00+00:00,17.296999,58.86958,0.0,1023.42505
2014-11-29 00:00:00+00:00,16.994917,69.735725,0.0,1023.20844
2014-11-30 00:00:00+00:00,17.740747,71.76719,0.0,1021.2166
2014-12-01 00:00:00+00:00,17.636583,64.70757,0.0,1020.38354
2014-12-02 00:00:00+00:00,18.484503,51.13997,0.0,1018.96246
2014-12-03 00:00:00+00:00,19.382418,38.961105,0.0,1018.16675
2014-12-04 00:00:00+00:00,21.442833,39.59464,0.0,1017.5208
2014-12-05 00:00:00+00:00,21.517832,44.54045,0.0,1016.77496
2014-12-06 00:00:00+00:00,20.117834,60.457123,0.0,1015.94574
2014-12-07 00:00:00+00:00,18.534502,72.19174,0.0,1015.7166
2014-12-08 00:00:00+00:00,17.926168,72.115295,0.0,1011.86255
2014-12-09 00:00:00+00:00,16.611584,50.438274,0.0,1012.57513
2014-12-10 00:00:00+00:00,16.413668,43.3912,0.0,1018.92914
2014-12-11 00:00:00+00:00,19.224083,33.101303,0.0,1015.7209
2014-12-12 00:00:00+00:00,16.280333,33.202694,0.0,1016.46246
2014-12-13 00:00:00+00:00,15.611584,60.218647,0.0,1018.4334
2014-12-14 00:00:00+00:00,16.326166,70.14624,0.0,1020.81244
2014-12-15 00:00:00+00:00,16.440752,67.147385,0.0,1022.8083
2014-12-16 00:00:00+00:00,15.992833,70.03495,0.0,1022.73755
2014-12-17 00:00:00+00:00,16.336584,55.501144,0.0,1020.3709
2014-12-18 00:00:00+00:00,16.740747,44.29169,0.0,1018.57904
2014-12-19 00:00:00+00:00,17.276167,62.114613,0.0,1019.3125
2014-12-20 00:00:00+00:00,16.151165,68.451836,0.0,1020.75836
2014-12-21 00:00:00+00:00,15.688666,63.177,0.0,1021.6374
2014-12-22 00:00:00+00:00,15.149085,68.73249,0.3,1020.8418
2014-12-23 00:00:00+00:00,14.744916,57.18693,0.0,1023.37085
2014-12-24 00:00:00+00:00,15.80325,54.927036,0.0,1024.6416
2014-12-25 00:00:00+00:00,15.2345,66.46844,0.0,1021.14996
2014-12-26 00:00:00+00:00,15.351169,64.73763,0.0,1017.42096
2014-12-27 00:00:00+00:00,15.015751,58.829205,0.0,1017.2459
2014-12-28 00:00:00+00:00,14.401168,51.582195,0.0,1020.98755
2014-12-29 00:00:00+00:00,13.930335,48.41834,0.0,1021.32495
2014-12-30 00:00:00+00:00,13.267834,46.3734,0.0,1018.2668
2014-12-31 00:00:00+00:00,15.934501,33.25737,0.0,1016.3875
2015-01-01 00:00:00+00:00,11.765751,31.270401,0.0,1022.1541
2015-01-02 00:00:00+00:00,11.401168,50.785263,0.0,1023.8999
2015-01-03 00:00:00+00:00,11.419917,35.965363,0.0,1023.175
2015-01-04 00:00:00+00:00,12.494918,51.262768,0.0,1021.946
2015-01-05 00:00:00+00:00,13.47825,53.939342,0.0,1016.4417
2015-01-06 00:00:00+00:00,12.676166,38.126232,0.0,1015.7249
2015-01-07 00:00:00+00:00,10.001166,49.385807,0.0,1020.9958
2015-01-08 00:00:00+00:00,9.56575,62.92375,0.0,1026.9125
2015-01-09 00:00:00+00:00,9.544917,60.973614,0.1,1025.9875
2015-01-10 00:00:00+00:00,10.261583,60.483448,0.0,1024.625
2015-01-11 00:00:00+00:00,12.678252,65.29336,0.1,1024.3833
2015-01-12 00:00:00+00:00,13.167834,63.470337,0.0,1023.92914
2015-01-13 00:00:00+00:00,15.094914,48.72111,0.0,1019.3875
2015-01-14 00:00:00+00:00,12.0824175,42.847324,1.5999999,1019.95416
2015-01-15 00:00:00+00:00,13.336583,64.24617,0.0,1019.8125
2015-01-16 00:00:00+00:00,14.067836,64.19428,0.4,1021.2502
2015-01-17 00:00:00+00:00,13.663667,62.5437,0.0,1022.425
2015-01-18 00:00:00+00:00,13.601167,62.92345,0.0,1025.3999
2015-01-19 00:00:00+00:00,13.855332,58.56302,0.0,1022.75836
2015-01-20 00:00:00+00:00,14.561584,46.008305,0.0,1019.81256
2015-01-21 00:00:00+00:00,15.884501,33.036667,0.0,1020.35834
2015-01-22 00:00:00+00:00,17.605331,30.12049,0.0,1019.25415
2015-01-23 00:00:00+00:00,18.765753,20.970758,0.0,1014.4583
2015-01-24 00:00:00+00:00,17.6595,38.540985,0.0,1014.2375
2015-01-25 00:00:00+00:00,16.811583,61.008896,0.0,1015.99164
2015-01-26 00:00:00+00:00,16.269918,65.70549,0.0,1018.57086
2015-01-27 00:00:00+00:00,16.601166,62.760223,0.0,1014.3459
2015-01-28 00:00:00+00:00,13.844916,47.16078,0.0,1015.1916
2015-01-29 00:00:00+00:00,13.50325,42.608997,0.0,1014.4583
2015-01-30 00:00:00+00:00,13.4574175,39.93048,0.0,1017.7041
2015-01-31 00:00:00+00:00,14.003251,36.0574,0.0,1019.50415
2015-02-01 00:00:00+00:00,15.199081,29.531387,0.0,1016.80005
2015-02-02 00:00:00+00:00,16.224083,28.889673,0.0,1013.3416
2015-02-03 00:00:00+00:00,16.105333,43.23022,0.0,1017.1042
2015-02-04 00:00:00+00:00,15.242833,57.340668,0.0,1020.54987
2015-02-05 00:00:00+00:00,16.930334,50.818165,0.0,1017.1584
2015-02-06 00:00:00+00:00,19.690752,33.460823,0.0,1012.65424
2015-02-07 00:00:00+00:00,17.949083,50.052517,0.0,1012.85425
2015-02-08 00:00:00+00:00,14.528249,60.31162,0.0,1013.67505
2015-02-09 00:00:00+00:00,14.2345,48.768803,0.0,1009.6875
2015-02-10 00:00:00+00:00,13.974083,36.039707,0.0,1008.27075
2015-02-11 00:00:00+00:00,11.049083,39.10157,1.0,1013.41656
2015-02-12 00:00:00+00:00,10.251166,46.650936,0.0,1019.2668
2015-02-13 00:00:00+00:00,11.607415,52.719547,0.0,1018.88763
2015-02-14 00:00:00+00:00,12.192832,46.754898,0.0,1016.4084
2015-02-15 00:00:00+00:00,12.37825,61.465664,0.0,1015.0793
2015-02-16 00:00:00+00:00,13.44075,59.311207,0.0,1017.3
2015-02-17 00:00:00+00:00,13.974086,56.939297,0.0,1018.125
2015-02-18 00:00:00+00:00,12.926167,63.07159,0.0,1019.8125
2015-02-19 00:00:00+00:00,8.374083,66.54376,0.6,1018.2874
2015-02-20 00:00:00+00:00,10.938666,55.465282,0.8,1015.11255
2015-02-21 00:00:00+00:00,13.244919,61.027714,0.0,1017.1584
2015-02-22 00:00:00+00:00,14.240752,57.393635,0.0,1019.5749
2015-02-23 00:00:00+00:00,16.390753,49.354115,0.0,1015.07916
2015-02-24 00:00:00+00:00,15.438668,57.688507,0.8,1011.375
2015-02-25 00:00:00+00:00,15.824082,57.824,0.0,1016.7209
2015-02-26 00:00:00+00:00,17.524084,52.419067,0.0,1015.98755
2015-02-27 00:00:00+00:00,20.2595,36.942333,0.0,1013.05005
2015-02-28 00:00:00+00:00,15.755333,48.210125,0.0,1019.3999
2015-03-01 00:00:00+00:00,15.505332,55.46106,0.0,1019.0667
2015-03-02 00:00:00+00:00,15.903252,50.99841,0.0,1019.7292
2015-03-03 00:00:00+00:00,16.880335,48.29051,0.0,1020.8042
2015-03-04 00:00:00+00:00,16.049086,62.044285,0.0,1020.95416
2015-03-05 00:00:00+00:00,16.172,62.23135,0.0,1019.37085
2015-03-06 00:00:00+00:00,18.617834,56.476105,0.0,1016.53345
2015-03-07 00:00:00+00:00,19.780334,46.558056,0.0,1013.63336
2015-03-08 00:00:00+00:00,21.651167,37.102516,0.0,1014.3125
2015-03-09 00:00:00+00:00,20.130333,55.880825,0.0,1017.5376
2015-03-10 00:00:00+00:00,18.619915,68.09424,0.0,1017.5417
2015-03-11 00:00:00+00:00,17.724085,67.39945,0.5,1013.8709
2015-03-12 00:00:00+00:00,15.576168,60.169193,0.0,1016.8625
2015-03-13 00:00:00+00:00,16.240751,53.854675,0.0,1018.31665
2015-03-14 00:00:00+00:00,17.474081,53.62654,0.0,1018.68335
2015-03-15 00:00:00+00:00,15.942833,59.220673,0.0,1021.3459
2015-03-16 00:00:00+00:00,15.972,54.222645,0.0,1019.89166
2015-03-17 00:00:00+00:00,16.611584,55.607773,0.0,1017.30835
2015-03-18 00:00:00+00:00,16.588667,56.47997,0.0,1016.5708
2015-03-19 00:00:00+00:00,16.188667,59.259384,0.0,1017.0
2015-03-20 00:00:00+00:00,16.480333,51.866947,0.0,1017.2751
2015-03-21 00:00:00+00:00,16.063667,52.078846,0.0,1018.1875
2015-03-22 00:00:00+00:00,15.521999,48.857952,0.0,1020.59595
2015-03-23 00:00:00+00:00,17.692831,38.778103,0.0,1017.14996
2015-03-24 00:00:00+00:00,20.647003,34.430447,0.0,1013.8249
2015-03-25 00:00:00+00:00,20.938665,46.433903,0.0,1014.5334
2015-03-26 00:00:00+00:00,21.938667,38.44728,0.0,1014.61237
2015-03-27 00:00:00+00:00,29.361582,22.735651,0.0,1006.7126
2015-03-28 00:00:00+00:00,23.16575,41.355854,0.0,1008.59576
2015-03-29 00:00:00+00:00,20.167831,43.83295,0.0,1011.0791
2015-03-30 00:00:00+00:00,18.936584,49.13644,0.0,1015.46686
2015-03-31 00:00:00+00:00,19.278252,50.70876,0.0,1014.37915
2015-04-01 00:00:00+00:00,18.517834,56.59585,0.0,1015.925
2015-04-02 00:00:00+00:00,21.201166,46.147106,0.0,1013.82086
2015-04-03 00:00:00+00:00,20.049082,56.687084,0.0,1011.2708
2015-04-04 00:00:00+00:00,18.803251,55.25385,0.0,1014.0542
2015-04-05 00:00:00+00:00,19.701166,52.09456,0.0,1015.47516
2015-04-06 00:00:00+00:00,21.094915,40.534184,0.0,1014.6833
2015-04-07 00:00:00+00:00,24.934502,34.437935,0.0,1012.10004
2015-04-08 00:00:00+00:00,28.482416,27.23327,0.0,1006.3333
2015-04-09 00:00:00+00:00,17.269917,50.221066,0.0,1012.37915
2015-04-10 00:00:00+00:00,14.424084,52.716175,0.1,1015.57495
2015-04-11 00:00:00+00:00,13.932418,54.21755,0.0,1017.22485
2015-04-12 00:00:00+00:00,15.557419,54.15646,0.0,1022.3792
2015-04-13 00:00:00+00:00,17.222,47.931335,0.0,1022.7207
2015-04-14 00:00:00+00:00,17.280333,51.825916,0.0,1017.67487
2015-04-15 00:00:00+00:00,16.788666,54.038128,0.5,1016.425
2015-04-16 00:00:00+00:00,18.546999,50.696655,0.0,1021.7583
2015-04-17 00:00:00+00:00,18.861586,51.12184,0.0,1024.7167
2015-04-18 00:00:00+00:00,20.124083,45.422546,0.0,1021.61664
2015-04-19 00:00:00+00:00,22.572,33.255978,0.0,1017.11255
2015-04-20 00:00:00+00:00,26.522001,22.049738,0.0,1012.76666
2015-04-21 00:00:00+00:00,22.54075,44.539547,0.0,1013.44147
2015-04-22 00:00:00+00:00,19.730333,51.780514,0.0,1014.2874
2015-04-23 00:00:00+00:00,17.372,44.23788,0.0,1019.5542
2015-04-24 00:00:00+00:00,17.765749,41.164673,0.0,1022.3042
2015-04-25 00:00:00+00:00,18.84075,40.03626,0.0,1019.10406
2015-04-26 00:00:00+00:00,22.11783,41.075836,0.0,1013.7292
2015-04-27 00:00:00+00:00,26.455332,29.809916,0.0,1010.29987
2015-04-28 00:00:00+00:00,24.388666,45.840317,0.0,1013.10406
2015-04-29 00:00:00+00:00,25.951166,41.2143,0.0,1013.55835
2015-04-30 00:00:00+00:00,21.77408,53.022762,0.0,1015.9041
2015-05-01 00:00:00+00:00,21.286585,54.321354,0.0,1016.42505
2015-05-02 00:00:00+00:00,21.142832,53.777927,0.0,1015.8291
2015-05-03 00:00:00+00:00,21.230333,54.14081,0.0,1013.5876
2015-05-04 00:00:00+00:00,21.2595,56.292053,0.0,1012.3875
2015-05-05 00:00:00+00:00,22.022001,53.69774,0.0,1010.53754
2015-05-06 00:00:00+00:00,23.046999,48.737812,0.0,1009.2708
2015-05-07 00:00:00+00:00,23.8845,45.54542,0.0,1010.10834
2015-05-08 00:00:00+00:00,25.792837,40.501587,0.0,1010.6917
2015-05-09 00:00:00+00:00,26.671999,43.418713,0.0,1007.2292
2015-05-10 00:00:00+00:00,24.490747,52.393986,0.0,1008.67084
2015-05-11 00:00:00+00:00,24.463667,50.124313,0.3,1008.01245
2015-05-12 00:00:00+00:00,23.846998,48.87769,0.0,1012.03754
2015-05-13 00:00:00+00:00,22.953253,48.93756,0.0,1012.8791
2015-05-14 00:00:00+00:00,21.46575,55.982708,0.0,1016.31244
2015-05-15 00:00:00+00:00,23.20117,47.885147,0.0,1019.8708
2015-05-16 00:00:00+00:00,23.622002,48.453968,0.0,1018.4875
2015-05-17 00:00:00+00:00,24.526169,53.049576,0.0,1013.22076
2015-05-18 00:00:00+00:00,26.765747,47.785492,0.0,1009.57495
2015-05-19 00:00:00+00:00,27.761581,40.1004,0.0,1008.7251
2015-05-20 00:00:00+00:00,27.205336,36.59893,0.0,1011.22504
2015-05-21 00:00:00+00:00,23.792833,54.93553,0.0,1014.1917
2015-05-22 00:00:00+00:00,24.99492,50.386173,0.0,1013.73334
2015-05-23 00:00:00+00:00,27.907417,34.00623,0.0,1012.95
2015-05-24 00:00:00+00:00,31.094917,26.063032,0.0,1011.57495
2015-05-25 00:00:00+00:00,30.407415,33.77087,1.0,1010.84985
2015-05-26 00:00:00+00:00,29.972002,36.699287,0.0,1011.03766
2015-05-27 00:00:00+00:00,35.505337,19.00259,0.0,1006.23334
2015-05-28 00:00:00+00:00,27.124084,42.93308,0.0,1009.98346
2015-05-29 00:00:00+00:00,23.919916,44.86617,0.0,1011.65015
2015-05-30 00:00:00+00:00,23.547003,48.794006,0.0,1013.55414
2015-05-31 00:00:00+00:00,23.784502,48.203354,0.0,1013.7375
2015-06-01 00:00:00+00:00,23.80117,47.02356,0.0,1011.80005
2015-06-02 00:00:00+00:00,25.261583,46.453983,0.0,1012.8042
2015-06-03 00:00:00+00:00,25.963669,44.867767,0.0,1014.20416
2015-06-04 00:00:00+00:00,24.911583,46.3062,0.0,1013.64996
2015-06-05 00:00:00+00:00,25.18033,49.916775,0.0,1012.21674
2015-06-06 00:00:00+00:00,26.132416,50.63553,0.0,1013.6167
2015-06-07 00:00:00+00:00,28.069916,43.72055,0.0,1013.3376
2015-06-08 00:00:00+00:00,29.944914,40.542164,0.0,1008.8626
2015-06-09 00:00:00+00:00,27.011583,52.053867,0.0,1013.1375
2015-06-10 00:00:00+00:00,26.17408,49.980564,0.0,1013.80835
2015-06-11 00:00:00+00:00,25.684496,52.03017,0.0,1012.5042
2015-06-12 00:00:00+00:00,25.717836,52.62025,0.0,1012.95
2015-06-13 00:00:00+00:00,25.882416,53.437542,0.0,1012.4875
2015-06-14 00:00:00+00:00,26.259499,53.347973,0.0,1011.4043
2015-06-15 00:00:00+00:00,26.790749,52.456768,0.0,1010.1584
2015-06-16 00:00:00+00:00,27.892832,51.662292,0.0,1008.2334
2015-06-17 00:00:00+00:00,28.91992,46.751907,0.0,1007.2749
2015-06-18 00:00:00+00:00,30.93867,33.510902,0.0,1006.75006
2015-06-19 00:00:00+00:00,27.63658,48.404434,0.0,1008.4875
2015-06-20 00:00:00+00:00,26.678251,50.876587,0.0,1009.8459
2015-06-21 00:00:00+00:00,26.747004,50.407516,0.0,1010.4792
2015-06-22 00:00:00+00:00,27.349085,46.65669,0.0,1010.6082
2015-06-23 00:00:00+00:00,26.459501,52.861233,0.0,1011.06683
2015-06-24 00:00:00+00:00,25.794916,51.226933,0.0,1012.61676
2015-06-25 00:00:00+00:00,25.874084,50.965733,0.0,1011.8333
2015-06-26 00:00:00+00:00,27.46575,44.585003,0.0,1009.4917
2015-06-27 00:00:00+00:00,29.344917,39.349033,0.0,1006.1333
2015-06-28 00:00:00+00:00,26.430336,51.252193,0.0,1010.6584
2015-06-29 00:00:00+00:00,27.19075,46.517178,0.0,1012.59155
2015-06-30 00:00:00+00:00,26.722002,47.675674,0.0,1013.95
2015-07-01 00:00:00+00:00,26.653252,51.75661,0.0,1013.1333
2015-07-02 00:00:00+00:00,26.832418,54.38249,0.0,1012.8291
2015-07-03 00:00:00+00:00,27.303247,55.5982,0.0,1012.7791
2015-07-04 00:00:00+00:00,27.855337,53.58016,0.0,1011.7751
2015-07-05 00:00:00+00:00,28.313667,53.818775,0.0,1011.62085
2015-07-06 00:00:00+00:00,26.949083,55.293076,0.0,1011.9124
2015-07-07 00:00:00+00:00,26.79908,53.070755,0.0,1010.90015
2015-07-08 00:00:00+00:00,28.180336,44.0493,0.0,1009.2917
2015-07-09 00:00:00+00:00,28.451164,43.322784,0.0,1009.63336
2015-07-10 00:00:00+00:00,27.380331,47.59813,0.0,1010.60406
2015-07-11 00:00:00+00:00,28.334497,51.304493,0.0,1009.2126
2015-07-12 00:00:00+00:00,27.728249,62.765804,0.0,1006.7917
2015-07-13 00:00:00+00:00,28.561586,59.026012,0.0,1007.21246
2015-07-14 00:00:00+00:00,28.488665,54.904907,0.0,1007.93335
2015-07-15 00:00:00+00:00,28.526163,52.28621,0.0,1008.179
2015-07-16 00:00:00+00:00,29.386587,49.847153,0.0,1008.5627
2015-07-17 00:00:00+00:00,29.430334,52.69302,0.0,1008.8667
2015-07-18 00:00:00+00:00,29.54075,52.547577,0.0,1007.8999
2015-07-19 00:00:00+00:00,29.217833,51.321964,0.0,1006.8042
2015-07-20 00:00:00+00:00,28.567833,51.909954,0.0,1005.75824
2015-07-21 00:00:00+00:00,28.88867,46.890064,0.0,1005.8167
2015-07-22 00:00:00+00:00,30.203249,40.44257,0.0,1006.1584
2015-07-23 00:00:00+00:00,31.911583,38.049442,0.0,1006.19165
2015-07-24 00:00:00+00:00,32.569916,38.507416,0.0,1006.8459
2015-07-25 00:00:00+00:00,30.119911,51.859188,0.0,1009.0332
2015-07-26 00:00:00+00:00,29.822004,49.68446,0.0,1007.9917
2015-07-27 00:00:00+00:00,29.767832,50.777454,0.0,1005.89996
2015-07-28 00:00:00+00:00,30.33866,51.11903,0.0,1005.1958
2015-07-29 00:00:00+00:00,30.215752,49.43874,0.0,1005.64594
2015-07-30 00:00:00+00:00,31.305336,48.21924,0.0,1005.9041
2015-07-31 00:00:00+00:00,31.486582,47.747066,0.0,1006.25
2015-08-01 00:00:00+00:00,31.472002,49.158375,0.0,1007.00415
2015-08-02 00:00:00+00:00,31.384497,56.69853,0.0,1007.7834
2015-08-03 00:00:00+00:00,31.884504,55.236813,0.0,1007.96674
2015-08-04 00:00:00+00:00,31.849089,50.30958,0.0,1007.9334
2015-08-05 00:00:00+00:00,30.886583,52.597416,0.0,1008.0916
2015-08-06 00:00:00+00:00,32.534496,41.13397,0.0,1007.13763
2015-08-07 00:00:00+00:00,35.14075,30.658897,0.0,1007.3626
2015-08-08 00:00:00+00:00,33.73241,40.820477,0.0,1010.2082
2015-08-09 00:00:00+00:00,33.592834,41.602745,0.0,1011.06244
2015-08-10 00:00:00+00:00,33.21783,41.120823,0.0,1010.47095
2015-08-11 00:00:00+00:00,32.338665,50.977768,0.0,1010.9167
2015-08-12 00:00:00+00:00,31.013672,51.344315,0.0,1011.54987
2015-08-13 00:00:00+00:00,30.163666,51.545013,0.0,1009.67084
2015-08-14 00:00:00+00:00,30.834497,46.166794,0.0,1009.26245
2015-08-15 00:00:00+00:00,33.07825,39.84656,0.0,1007.86676
2015-08-16 00:00:00+00:00,34.888668,34.82566,0.0,1006.6042
2015-08-17 00:00:00+00:00,30.978243,58.28665,0.0,1008.25006
2015-08-18 00:00:00+00:00,30.59075,54.97,0.0,1008.3542
2015-08-19 00:00:00+00:00,30.240751,51.670776,0.0,1009.9792
2015-08-20 00:00:00+00:00,30.705336,53.1256,0.0,1011.03326
2015-08-21 00:00:00+00:00,29.551165,52.998962,0.0,1009.9167
2015-08-22 00:00:00+00:00,29.763666,54.937057,0.0,1007.87915
2015-08-23 00:00:00+00:00,29.353254,58.60194,0.0,1007.7791
2015-08-24 00:00:00+00:00,28.932413,56.21559,0.0,1008.9876
2015-08-25 00:00:00+00:00,28.417833,54.584087,0.0,1008.73755
2015-08-26 00:00:00+00:00,28.792833,53.25597,0.0,1008.1792
2015-08-27 00:00:00+00:00,30.267832,49.9443,0.0,1009.7666
2015-08-28 00:00:00+00:00,30.444916,51.37782,0.0,1011.37494
2015-08-29 00:00:00+00:00,29.549086,51.561398,0.0,1011.5542
2015-08-30 00:00:00+00:00,29.017836,55.268284,0.0,1011.3831
2015-08-31 00:00:00+00:00,28.969917,50.305603,0.0,1011.4124
2015-09-01 00:00:00+00:00,29.726166,45.16156,0.0,1011.3708
2015-09-02 00:00:00+00:00,29.724083,49.691956,0.0,1011.27094
2015-09-03 00:00:00+00:00,29.447,46.44635,0.0,1011.0999
2015-09-04 00:00:00+00:00,29.088661,49.375996,0.0,1011.10834
2015-09-05 00:00:00+00:00,28.415749,53.361378,0.0,1011.56244
2015-09-06 00:00:00+00:00,28.555336,49.7462,0.0,1010.575
2015-09-07 00:00:00+00:00,29.669916,54.056503,0.0,1008.5959
2015-09-08 00:00:00+00:00,30.651163,55.207104,0.0,1007.1209
2015-09-09 00:00:00+00:00,31.088661,54.02855,0.0,1008.67505
2015-09-10 00:00:00+00:00,30.515749,54.93491,0.0,1011.0
2015-09-11 00:00:00+00:00,30.313667,54.23978,0.0,1011.6958
2015-09-12 00:00:00+00:00,30.136583,55.348385,0.0,1011.3667
2015-09-13 00:00:00+00:00,29.767832,57.141766,0.0,1011.9126
2015-09-14 00:00:00+00:00,28.876165,57.962738,0.0,1012.4458
2015-09-15 00:00:00+00:00,28.511583,55.17066,0.0,1011.83746
2015-09-16 00:00:00+00:00,29.342833,50.555767,0.0,1010.35406
2015-09-17 00:00:00+00:00,29.317833,54.712894,0.0,1009.81665
2015-09-18 00:00:00+00:00,29.822,52.755962,0.0,1010.6624
2015-09-19 00:00:00+00:00,31.182417,38.814217,0.0,1010.63745
2015-09-20 00:00:00+00:00,29.188665,44.98828,0.0,1010.62506
2015-09-21 00:00:00+00:00,29.171999,46.76946,0.0,1010.26666
2015-09-22 00:00:00+00:00,31.463667,31.895224,0.0,1008.7666
2015-09-23 00:00:00+00:00,30.059496,42.79421,0.0,1012.06683
2015-09-24 00:00:00+00:00,31.330332,39.193005,0.0,1013.08325
2015-09-25 00:00:00+00:00,31.19075,39.546467,0.0,1011.12506
2015-09-26 00:00:00+00:00,30.274084,45.16628,0.0,1010.53754
2015-09-27 00:00:00+00:00,28.111586,53.778015,0.0,1012.8042
2015-09-28 00:00:00+00:00,28.715752,53.19827,0.0,1013.48737
2015-09-29 00:00:00+00:00,29.605337,50.94635,0.0,1011.8833
2015-09-30 00:00:00+00:00,27.765749,61.51741,0.0,1011.82916
2015-10-01 00:00:00+00:00,27.4345,56.032623,0.0,1014.12915
2015-10-02 00:00:00+00:00,27.661577,56.181812,0.0,1016.9792
2015-10-03 00:00:00+00:00,27.609499,58.75079,0.0,1018.5749
2015-10-04 00:00:00+00:00,26.830332,59.06428,0.0,1017.87085
2015-10-05 00:00:00+00:00,25.238663,52.564373,0.0,1014.1499
2015-10-06 00:00:00+00:00,24.82617,56.11302,0.0,1010.71246
2015-10-07 00:00:00+00:00,25.407415,59.12517,0.0,1010.71246
2015-10-08 00:00:00+00:00,26.353254,57.01283,0.0,1013.6792
2015-10-09 00:00:00+00:00,26.176168,56.30837,0.0,1014.59155
2015-10-10 00:00:00+00:00,25.147001,58.601727,0.0,1014.6543
2015-10-11 00:00:00+00:00,25.91575,60.9538,0.0,1013.2791
2015-10-12 00:00:00+00:00,27.672003,59.838108,0.0,1013.80835
2015-10-13 00:00:00+00:00,28.094917,55.018494,0.0,1013.8084
2015-10-14 00:00:00+00:00,26.79075,61.942898,0.0,1014.0542
2015-10-15 00:00:00+00:00,25.62825,57.591198,0.0,1014.0542
2015-10-16 00:00:00+00:00,25.213669,58.881664,0.0,1013.6042
2015-10-17 00:00:00+00:00,25.751165,61.64224,0.0,1014.3665
2015-10-18 00:00:00+00:00,26.297003,63.82249,0.0,1014.23346
2015-10-19 00:00:00+00:00,25.55117,63.297607,0.0,1014.6209
2015-10-20 00:00:00+00:00,25.351164,56.715885,0.0,1014.60834
2015-10-21 00:00:00+00:00,26.003252,53.724762,0.0,1013.3459
2015-10-22 00:00:00+00:00,27.749083,41.57387,0.0,1011.95416
2015-10-23 00:00:00+00:00,28.397001,39.014072,0.0,1011.58344
2015-10-24 00:00:00+00:00,26.615751,55.721745,0.0,1010.28345
2015-10-25 00:00:00+00:00,24.044916,72.44599,0.6,1009.7375
2015-10-26 00:00:00+00:00,22.482414,68.06083,0.0,1012.5833
2015-10-27 00:00:00+00:00,22.178253,63.61835,0.0,1013.8542
2015-10-28 00:00:00+00:00,21.11992,60.51005,0.5,1011.7751
2015-10-29 00:00:00+00:00,20.96158,56.515606,0.0,1012.7
2015-10-30 00:00:00+00:00,20.79075,50.08087,0.0,1016.01666
2015-10-31 00:00:00+00:00,21.894918,61.746716,0.0,1017.60406
2015-11-01 00:00:00+00:00,22.801168,67.29947,0.0,1017.85004
2015-11-02 00:00:00+00:00,23.455332,57.137547,0.0,1016.0334
2015-11-03 00:00:00+00:00,22.151167,62.30208,1.9,1013.10016
2015-11-04 00:00:00+00:00,19.334501,85.967354,6.9,1011.4207
2015-11-05 00:00:00+00:00,19.076168,84.126785,0.2,1013.24585
2015-11-06 00:00:00+00:00,19.84492,80.63647,1.2,1015.9959
2015-11-07 00:00:00+00:00,20.409502,79.703,0.8,1018.4209
2015-11-08 00:00:00+00:00,20.303251,72.59442,0.0,1019.8916
2015-11-09 00:00:00+00:00,18.886581,69.71792,0.0,1018.20844
2015-11-10 00:00:00+00:00,19.522001,63.15395,0.0,1016.0125
2015-11-11 00:00:00+00:00,19.72825,65.828674,0.0,1017.92914
2015-11-12 00:00:00+00:00,19.828245,63.097412,0.0,1020.2749
2015-11-13 00:00:00+00:00,20.176165,64.43766,0.0,1020.39996
2015-11-14 00:00:00+00:00,21.199081,64.50594,0.0,1016.64996
2015-11-15 00:00:00+00:00,19.757416,77.366936,0.0,1011.08765
2015-11-16 00:00:00+00:00,19.778252,74.911476,0.6,1010.53345
2015-11-17 00:00:00+00:00,19.121998,66.4428,0.7,1014.52496
2015-11-18 00:00:00+00:00,19.301167,64.64493,0.0,1017.4084
2015-11-19 00:00:00+00:00,19.747002,64.96578,0.0,1019.6584
2015-11-20 00:00:00+00:00,19.411583,64.91691,0.0,1018.55
2015-11-21 00:00:00+00:00,19.986584,64.29978,0.0,1013.50415
2015-11-22 00:00:00+00:00,19.974081,63.825043,0.0,1014.3584
2015-11-23 00:00:00+00:00,19.76575,67.0707,0.0,1018.00433
2015-11-24 00:00:00+00:00,19.692833,61.139668,0.0,1018.82086
2015-11-25 00:00:00+00:00,19.944918,50.214237,0.0,1014.5249
2015-11-26 00:00:00+00:00,20.20325,47.99944,0.0,1013.2417
2015-11-27 00:00:00+00:00,19.813663,49.140324,0.0,1016.8333
2015-11-28 00:00:00+00:00,20.542833,49.291264,0.0,1018.3999
2015-11-29 00:00:00+00:00,19.6095,55.40517,0.0,1018.8831
2015-11-30 00:00:00+00:00,17.7595,67.53331,0.0,1018.5708
2015-12-01 00:00:00+00:00,17.080334,59.17487,0.0,1021.1375
2015-12-02 00:00:00+00:00,16.447,56.875904,0.0,1022.79156
2015-12-03 00:00:00+00:00,17.299084,65.24081,0.0,1023.35004
2015-12-04 00:00:00+00:00,15.849084,63.86937,0.0,1024.246
2015-12-05 00:00:00+00:00,15.109501,48.608322,0.0,1025.5042
2015-12-06 00:00:00+00:00,13.786583,49.336212,0.0,1028.8333
2015-12-07 00:00:00+00:00,14.994918,61.001118,0.0,1027.7499
2015-12-08 00:00:00+00:00,15.80325,64.21893,0.0,1025.1832
2015-12-09 00:00:00+00:00,16.122002,65.24161,0.0,1022.5708
2015-12-10 00:00:00+00:00,16.647001,67.05011,0.0,1021.8874
2015-12-11 00:00:00+00:00,16.330336,66.93985,0.0,1020.76245
2015-12-12 00:00:00+00:00,15.578252,63.65767,0.0,1015.77075
2015-12-13 00:00:00+00:00,14.392834,68.11042,2.2000003,1013.75433
2015-12-14 00:00:00+00:00,15.638667,64.028465,0.0,1021.22504
2015-12-15 00:00:00+00:00,15.251166,62.74567,0.0,1023.58325
2015-12-16 00:00:00+00:00,15.253249,55.593357,0.0,1020.4959
2015-12-17 00:00:00+00:00,14.665753,61.85023,0.0,1017.88763
2015-12-18 00:00:00+00:00,14.744916,60.947327,0.0,1020.4666
2015-12-19 00:00:00+00:00,14.5199175,56.47394,0.0,1021.65405
2015-12-20 00:00:00+00:00,14.444919,69.58832,0.0,1024.7123
2015-12-21 00:00:00+00:00,14.857418,71.06264,0.0,1025.2084
2015-12-22 00:00:00+00:00,15.353251,66.892555,0.0,1023.9416
2015-12-23 00:00:00+00:00,15.355334,69.72192,0.0,1023.7373
2015-12-24 00:00:00+00:00,15.507416,63.362087,0.0,1025.9458
2015-12-25 00:00:00+00:00,14.542832,62.235886,0.0,1027.8875
2015-12-26 00:00:00+00:00,14.276168,61.34305,0.0,1026.0458
2015-12-27 00:00:00+00:00,15.2490835,66.865425,0.0,1024.6001
2015-12-28 00:00:00+00:00,15.5845,53.495865,0.0,1020.6584
2015-12-29 00:00:00+00:00,14.280334,62.757034,0.0,1016.4375
2015-12-30 00:00:00+00:00,15.463666,66.84809,0.0,1017.7375
2015-12-31 00:00:00+00:00,14.1240835,69.39043,0.70000005,1016.9583
2016-01-01 00:00:00+00:00,11.490749,62.393482,0.2,1022.49164
2016-01-02 00:00:00+00:00,10.947,56.498318,0.0,1027.0709
2016-01-03 00:00:00+00:00,12.369918,56.59814,0.0,1024.5209
2016-01-04 00:00:00+00:00,14.144917,48.420055,0.0,1020.59174
2016-01-05 00:00:00+00:00,14.9990835,35.963,0.0,1019.4583
2016-01-06 00:00:00+00:00,16.642832,29.002405,0.0,1019.34174
2016-01-07 00:00:00+00:00,16.569916,29.504303,0.1,1014.0791
2016-01-08 00:00:00+00:00,15.824084,50.33489,0.0,1016.86255
2016-01-09 00:00:00+00:00,15.921997,65.641914,0.0,1020.43335
2016-01-10 00:00:00+00:00,14.574084,59.152634,0.0,1021.7209
2016-01-11 00:00:00+00:00,14.674084,60.26158,0.0,1021.3291
2016-01-12 00:00:00+00:00,15.028249,67.57421,0.0,1020.68335
2016-01-13 00:00:00+00:00,14.559502,64.58556,0.0,1019.5376
2016-01-14 00:00:00+00:00,15.069916,61.476013,0.0,1019.02496
2016-01-15 00:00:00+00:00,14.688666,58.075855,0.0,1020.7625
2016-01-16 00:00:00+00:00,13.555333,61.452152,0.0,1017.80835
2016-01-17 00:00:00+00:00,15.086585,51.252228,0.0,1011.26666
2016-01-18 00:00:00+00:00,12.4678335,37.828815,0.0,1014.3748
2016-01-19 00:00:00+00:00,12.288665,49.4003,0.0,1020.13336
2016-01-20 00:00:00+00:00,12.892834,53.763138,0.0,1022.32916
2016-01-21 00:00:00+00:00,13.630333,49.671917,0.0,1020.58325
2016-01-22 00:00:00+00:00,13.305335,61.59062,0.0,1019.2668
2016-01-23 00:00:00+00:00,12.972001,59.32431,0.0,1020.6958
2016-01-24 00:00:00+00:00,10.542833,65.27718,0.1,1024.1041
2016-01-25 00:00:00+00:00,9.6761675,62.929478,0.2,1025.7959
2016-01-26 00:00:00+00:00,8.67825,67.831535,0.8000001,1024.504
2016-01-27 00:00:00+00:00,8.522,75.13073,3.4999998,1024.9332
2016-01-28 00:00:00+00:00,9.340751,65.26356,0.0,1029.4209
2016-01-29 00:00:00+00:00,10.753251,59.834263,0.0,1030.1125
2016-01-30 00:00:00+00:00,12.113667,66.86748,0.0,1028.0583
2016-01-31 00:00:00+00:00,14.419918,68.81702,0.0,1024.6917
2016-02-01 00:00:00+00:00,14.659499,67.80188,0.0,1023.57916
2016-02-02 00:00:00+00:00,14.369919,67.1468,0.0,1024.5377
2016-02-03 00:00:00+00:00,14.461583,66.12396,0.0,1024.8999
2016-02-04 00:00:00+00:00,16.130333,54.899456,0.0,1019.625
2016-02-05 00:00:00+00:00,14.734502,59.74937,0.0,1016.9751
2016-02-06 00:00:00+00:00,13.024083,60.3201,0.0,1019.57074
2016-02-07 00:00:00+00:00,12.224083,51.002384,0.0,1021.92487
2016-02-08 00:00:00+00:00,12.56783,52.67925,0.0,1024.2916
2016-02-09 00:00:00+00:00,13.1449175,53.41156,0.0,1022.64996
2016-02-10 00:00:00+00:00,13.269916,56.151546,0.0,1022.0
2016-02-11 00:00:00+00:00,13.117833,54.856083,0.0,1023.85004
2016-02-12 00:00:00+00:00,14.9990835,44.414616,0.0,1022.27496
2016-02-13 00:00:00+00:00,16.676168,39.954784,0.0,1019.125
2016-02-14 00:00:00+00:00,18.355333,37.73189,0.0,1019.15826
2016-02-15 00:00:00+00:00,21.061579,33.04871,0.0,1021.2666
2016-02-16 00:00:00+00:00,21.405334,42.13014,0.0,1023.7708
2016-02-17 00:00:00+00:00,22.036583,44.571995,0.0,1021.32904
2016-02-18 00:00:00+00:00,23.255335,33.640457,0.0,1016.34174
2016-02-19 00:00:00+00:00,20.115751,47.48744,0.0,1016.4749
2016-02-20 00:00:00+00:00,17.75325,66.320305,0.0,1018.1541
2016-02-21 00:00:00+00:00,15.757419,65.525055,0.3,1013.9334
2016-02-22 00:00:00+00:00,15.626168,54.02437,0.0,1014.0542
2016-02-23 00:00:00+00:00,15.357418,60.40414,0.0,1018.52496
2016-02-24 00:00:00+00:00,16.91992,50.103756,0.0,1017.56665
2016-02-25 00:00:00+00:00,19.101164,40.192535,0.0,1014.5166
2016-02-26 00:00:00+00:00,20.061584,41.694714,0.0,1012.35834
2016-02-27 00:00:00+00:00,18.122,59.797916,0.0,1017.11664
2016-02-28 00:00:00+00:00,17.990751,59.667057,0.0,1020.9417
2016-02-29 00:00:00+00:00,21.467834,48.582333,0.0,1019.37085
2016-03-01 00:00:00+00:00,24.332413,31.8197,0.0,1013.3374
2016-03-02 00:00:00+00:00,22.107416,40.467033,0.4,1006.9334
2016-03-03 00:00:00+00:00,17.067835,53.62087,0.0,1012.12085
2016-03-04 00:00:00+00:00,16.967833,49.94589,0.0,1015.2625
2016-03-05 00:00:00+00:00,17.942833,49.134644,0.0,1016.8667
2016-03-06 00:00:00+00:00,16.430334,55.475082,0.0,1015.6833
2016-03-07 00:00:00+00:00,17.211584,58.98204,0.0,1012.1333
2016-03-08 00:00:00+00:00,19.1845,47.481403,0.0,1009.12494
2016-03-09 00:00:00+00:00,22.409502,31.283531,0.0,1006.48755
2016-03-10 00:00:00+00:00,19.832415,42.82665,0.0,1012.86676
2016-03-11 00:00:00+00:00,20.907417,30.925692,0.0,1014.1082
2016-03-12 00:00:00+00:00,22.038666,24.283373,0.0,1012.30835
2016-03-13 00:00:00+00:00,25.907415,30.526548,0.1,1008.4084
2016-03-14 00:00:00+00:00,18.769918,38.580154,0.0,1014.3958
2016-03-15 00:00:00+00:00,17.547,45.026688,0.0,1017.34576
2016-03-16 00:00:00+00:00,16.563665,57.443283,0.0,1020.03735
2016-03-17 00:00:00+00:00,16.561583,55.611835,0.0,1021.54156
2016-03-18 00:00:00+00:00,17.207418,47.29471,0.0,1019.40424
2016-03-19 00:00:00+00:00,21.376167,37.51224,0.0,1011.9832
2016-03-20 00:00:00+00:00,17.067835,56.385696,0.0,1016.94995
2016-03-21 00:00:00+00:00,16.701166,52.2724,0.0,1020.2459
2016-03-22 00:00:00+00:00,17.855333,45.47305,0.0,1019.63745
2016-03-23 00:00:00+00:00,21.651169,30.313622,0.0,1013.7083
2016-03-24 00:00:00+00:00,24.403252,17.260977,0.0,1011.0335
2016-03-25 00:00:00+00:00,22.619919,28.041483,0.1,1011.39996
2016-03-26 00:00:00+00:00,21.513666,55.134136,2.3,1011.15845
2016-03-27 00:00:00+00:00,16.988668,59.985962,0.0,1013.6707
2016-03-28 00:00:00+00:00,15.961585,54.742146,0.0,1016.6374
2016-03-29 00:00:00+00:00,16.378252,49.275295,0.0,1020.354
2016-03-30 00:00:00+00:00,16.540749,52.90703,0.0,1021.1667
2016-03-31 00:00:00+00:00,17.844917,51.165363,0.0,1020.6125
2016-04-01 00:00:00+00:00,19.284502,51.33302,0.0,1017.6751
2016-04-02 00:00:00+00:00,21.049082,52.18529,0.0,1014.8709
2016-04-03 00:00:00+00:00,21.10325,47.89915,0.0,1014.0002
2016-04-04 00:00:00+00:00,21.863665,36.630844,0.0,1011.0667
2016-04-05 00:00:00+00:00,23.509499,33.632973,0.0,1006.88324
2016-04-06 00:00:00+00:00,23.151169,41.317276,0.0,1009.9585
2016-04-07 00:00:00+00:00,25.615751,26.220697,0.0,1011.2209
2016-04-08 00:00:00+00:00,30.655329,16.98482,0.0,1009.59576
2016-04-09 00:00:00+00:00,30.319916,24.49241,0.0,1007.61664
2016-04-10 00:00:00+00:00,24.726166,39.296494,0.0,1008.7542
2016-04-11 00:00:00+00:00,21.719917,48.045414,0.0,1011.50415
2016-04-12 00:00:00+00:00,18.717834,60.642414,0.0,1012.32086
2016-04-13 00:00:00+00:00,19.122,63.45769,0.0,1011.39996
2016-04-14 00:00:00+00:00,21.001167,55.594967,0.0,1013.7666
2016-04-15 00:00:00+00:00,23.636583,39.394646,0.0,1016.6792
2016-04-16 00:00:00+00:00,26.144915,26.125559,0.0,1017.81683
2016-04-17 00:00:00+00:00,25.726164,27.192741,0.0,1016.9041
2016-04-18 00:00:00+00:00,22.607414,49.39218,0.0,1015.9958
2016-04-19 00:00:00+00:00,23.484499,54.215683,0.0,1013.25415
2016-04-20 00:00:00+00:00,25.484499,47.469116,0.0,1013.0251
2016-04-21 00:00:00+00:00,27.053251,33.35097,0.0,1013.0542
2016-04-22 00:00:00+00:00,26.178247,30.133873,0.0,1012.38763
2016-04-23 00:00:00+00:00,25.73242,38.331135,0.0,1010.0625
2016-04-24 00:00:00+00:00,30.053251,25.516052,0.0,1004.75836
2016-04-25 00:00:00+00:00,26.911581,38.02358,0.0,1008.13745
2016-04-26 00:00:00+00:00,27.544922,35.42873,0.0,1007.3166
2016-04-27 00:00:00+00:00,21.861586,50.142895,0.0,1014.2791
2016-04-28 00:00:00+00:00,21.27825,46.981915,0.0,1015.65424
2016-04-29 00:00:00+00:00,22.72825,42.970776,0.0,1015.0625
2016-04-30 00:00:00+00:00,26.457413,26.54539,0.0,1010.9292
2016-05-01 00:00:00+00:00,25.359497,41.99309,0.0,1010.0876
2016-05-02 00:00:00+00:00,25.497,45.66455,0.0,1010.95416
2016-05-03 00:00:00+00:00,28.319918,40.518646,0.0,1009.03326
2016-05-04 00:00:00+00:00,23.026169,42.380886,0.0,1014.1208
2016-05-05 00:00:00+00:00,23.605333,44.821594,0.0,1012.1208
2016-05-06 00:00:00+00:00,21.511581,51.391994,0.0,1013.7874
2016-05-07 00:00:00+00:00,22.203249,45.92889,0.0,1014.45416
2016-05-08 00:00:00+00:00,24.499084,40.77162,0.0,1014.65826
2016-05-09 00:00:00+00:00,27.055336,35.70951,0.0,1011.0625
2016-05-10 00:00:00+00:00,25.038666,42.574047,0.0,1011.12915
2016-05-11 00:00:00+00:00,23.41575,52.98668,0.0,1013.3416
2016-05-12 00:00:00+00:00,25.230337,45.115864,0.0,1013.5418
2016-05-13 00:00:00+00:00,30.142836,27.53321,0.0,1012.33746
2016-05-14 00:00:00+00:00,34.565746,20.7083,0.0,1012.02496
2016-05-15 00:00:00+00:00,35.738667,20.712812,0.0,1010.11255
2016-05-16 00:00:00+00:00,30.734503,40.26528,0.0,1009.55414
2016-05-17 00:00:00+00:00,26.96158,44.96518,0.0,1012.4666
2016-05-18 00:00:00+00:00,23.622002,48.851994,0.0,1014.44574
2016-05-19 00:00:00+00:00,23.074083,48.354153,0.0,1015.5291
2016-05-20 00:00:00+00:00,23.932413,43.859238,0.0,1014.97504
2016-05-21 00:00:00+00:00,26.58658,37.07072,0.0,1012.7043
2016-05-22 00:00:00+00:00,27.771997,37.460308,0.0,1010.6333
2016-05-23 00:00:00+00:00,22.599085,54.021008,0.0,1014.78766
2016-05-24 00:00:00+00:00,22.992834,46.060223,0.0,1015.94995
2016-05-25 00:00:00+00:00,25.886583,31.26029,0.0,1013.2874
2016-05-26 00:00:00+00:00,25.980337,34.73268,0.0,1009.13745
2016-05-27 00:00:00+00:00,23.472,48.47499,0.0,1012.5207
2016-05-28 00:00:00+00:00,23.640753,48.243435,0.0,1013.89575
2016-05-29 00:00:00+00:00,24.190752,49.09357,0.0,1014.36664
2016-05-30 00:00:00+00:00,25.772001,43.141663,0.0,1014.7749
2016-05-31 00:00:00+00:00,29.047003,28.811516,0.0,1014.40845
2016-06-01 00:00:00+00:00,32.376167,23.060553,0.0,1012.4209
2016-06-02 00:00:00+00:00,32.034504,23.074652,0.0,1011.67914
2016-06-03 00:00:00+00:00,34.8595,17.519741,0.0,1008.85016
2016-06-04 00:00:00+00:00,35.232414,20.886118,0.1,1007.47906
2016-06-05 00:00:00+00:00,30.232414,37.047634,0.0,1011.0625
2016-06-06 00:00:00+00:00,29.428251,38.00469,0.0,1013.12506
2016-06-07 00:00:00+00:00,33.48033,23.029482,0.0,1009.8332
2016-06-08 00:00:00+00:00,29.85325,37.982624,0.0,1008.0041
2016-06-09 00:00:00+00:00,26.176168,49.915157,0.0,1010.83344
2016-06-10 00:00:00+00:00,26.096998,41.835102,0.0,1012.7876
2016-06-11 00:00:00+00:00,28.35533,35.931084,0.0,1013.675
2016-06-12 00:00:00+00:00,30.392832,30.218641,0.0,1010.67505
2016-06-13 00:00:00+00:00,29.30533,43.925587,0.0,1007.7249
2016-06-14 00:00:00+00:00,31.944916,38.438038,0.0,1007.5959
2016-06-15 00:00:00+00:00,29.696999,40.040485,0.0,1009.53326
2016-06-16 00:00:00+00:00,27.122,50.26263,0.0,1010.95844
2016-06-17 00:00:00+00:00,28.196999,47.56854,0.0,1008.9333
2016-06-18 00:00:00+00:00,29.399084,43.25893,0.0,1007.43744
2016-06-19 00:00:00+00:00,30.230331,39.417248,0.0,1007.62085
2016-06-20 00:00:00+00:00,30.721998,38.36307,0.0,1009.34155
2016-06-21 00:00:00+00:00,31.11158,38.0376,0.0,1009.64575
2016-06-22 00:00:00+00:00,30.594915,49.85641,0.0,1008.19995
2016-06-23 00:00:00+00:00,30.888662,54.19908,0.0,1007.7751
2016-06-24 00:00:00+00:00,30.19075,55.997375,0.0,1006.55414
2016-06-25 00:00:00+00:00,30.644918,52.466686,0.0,1007.52496
2016-06-26 00:00:00+00:00,31.011576,49.372974,0.0,1009.4834
2016-06-27 00:00:00+00:00,28.851168,52.802166,0.0,1009.3958
2016-06-28 00:00:00+00:00,28.765747,53.570557,0.0,1007.93335
2016-06-29 00:00:00+00:00,30.034498,51.046482,0.0,1008.75836
2016-06-30 00:00:00+00:00,29.46992,52.20351,0.0,1010.99585
2016-07-01 00:00:00+00:00,28.432417,56.14645,0.0,1010.92914
2016-07-02 00:00:00+00:00,29.213667,54.076523,0.0,1008.9668
2016-07-03 00:00:00+00:00,28.944916,56.835445,0.0,1007.66235
2016-07-04 00:00:00+00:00,29.069916,54.59583,0.0,1006.8416
2016-07-05 00:00:00+00:00,29.374084,54.63385,0.0,1005.2207
2016-07-06 00:00:00+00:00,30.392832,55.615067,0.0,1005.56244
2016-07-07 00:00:00+00:00,29.626165,54.942204,0.0,1007.1751
2016-07-08 00:00:00+00:00,29.22825,49.545147,0.0,1008.50836
2016-07-09 00:00:00+00:00,29.38867,52.918945,0.0,1008.15424
2016-07-10 00:00:00+00:00,29.957418,51.621616,0.0,1008.46234
2016-07-11 00:00:00+00:00,29.836586,48.17174,0.0,1008.0042
2016-07-12 00:00:00+00:00,30.207415,47.044266,0.0,1007.23755
2016-07-13 00:00:00+00:00,30.774084,47.74471,0.0,1008.0708
2016-07-14 00:00:00+00:00,30.351166,47.581257,0.0,1007.3667
2016-07-15 00:00:00+00:00,30.951166,38.96406,0.0,1007.29175
2016-07-16 00:00:00+00:00,30.317835,44.95007,0.0,1008.2876
2016-07-17 00:00:00+00:00,28.963669,57.40741,0.0,1009.3166
2016-07-18 00:00:00+00:00,27.749084,52.97717,0.0,1007.54596
2016-07-19 00:00:00+00:00,28.161583,52.534027,0.0,1005.1707
2016-07-20 00:00:00+00:00,28.922003,48.82799,0.0,1006.8208
2016-07-21 00:00:00+00:00,30.524088,47.29806,0.0,1009.4375
2016-07-22 00:00:00+00:00,29.586578,49.448414,0.0,1011.30835
2016-07-23 00:00:00+00:00,28.453247,50.81354,0.0,1009.7415
2016-07-24 00:00:00+00:00,28.726164,55.270466,0.0,1006.43744
2016-07-25 00:00:00+00:00,30.136583,51.386215,0.0,1005.54584
2016-07-26 00:00:00+00:00,30.597,46.71623,0.0,1006.7791
2016-07-27 00:00:00+00:00,29.209501,54.83722,0.0,1007.65424
2016-07-28 00:00:00+00:00,28.913666,55.812836,0.0,1007.1999
2016-07-29 00:00:00+00:00,29.061583,54.62682,0.0,1006.20844
2016-07-30 00:00:00+00:00,28.83242,55.796978,0.0,1006.18335
2016-07-31 00:00:00+00:00,29.230331,56.160442,0.0,1005.95404
2016-08-01 00:00:00+00:00,30.447,52.337574,0.0,1006.875
2016-08-02 00:00:00+00:00,30.6595,49.381287,0.0,1007.5791
2016-08-03 00:00:00+00:00,29.396997,49.780945,0.0,1006.32074
2016-08-04 00:00:00+00:00,29.565752,55.15855,0.0,1006.9458
2016-08-05 00:00:00+00:00,30.386583,50.44644,0.0,1008.3916
2016-08-06 00:00:00+00:00,31.284498,42.782482,0.0,1009.0916
2016-08-07 00:00:00+00:00,29.540747,56.110355,0.0,1009.55414
2016-08-08 00:00:00+00:00,29.317831,56.257984,0.0,1009.7166
2016-08-09 00:00:00+00:00,29.376167,56.071487,0.0,1007.75
2016-08-10 00:00:00+00:00,28.438662,56.367474,0.0,1008.1082
2016-08-11 00:00:00+00:00,29.182411,53.69231,0.0,1009.5417
2016-08-12 00:00:00+00:00,29.888664,52.112484,0.0,1009.55835
2016-08-13 00:00:00+00:00,29.62825,58.015514,0.0,1009.4543
2016-08-14 00:00:00+00:00,29.830332,58.968033,0.0,1010.77924
2016-08-15 00:00:00+00:00,28.563665,55.3551,0.0,1011.1042
2016-08-16 00:00:00+00:00,28.16575,49.0155,0.0,1009.7417
2016-08-17 00:00:00+00:00,28.592829,54.13646,0.0,1008.34174
2016-08-18 00:00:00+00:00,29.309494,47.47221,0.0,1007.7917
2016-08-19 00:00:00+00:00,29.128252,40.930176,0.0,1007.84595
2016-08-20 00:00:00+00:00,28.963669,46.111843,0.0,1008.42914
2016-08-21 00:00:00+00:00,29.082418,49.522945,0.0,1009.6709
2016-08-22 00:00:00+00:00,29.067831,56.712494,0.0,1010.3667
2016-08-23 00:00:00+00:00,29.361582,57.541348,0.0,1009.6499
2016-08-24 00:00:00+00:00,29.380333,53.71397,0.0,1008.5916
2016-08-25 00:00:00+00:00,29.249083,51.65379,0.0,1008.83325
2016-08-26 00:00:00+00:00,29.326166,48.92937,0.0,1010.6792
2016-08-27 00:00:00+00:00,29.436579,49.255856,0.0,1012.6084
2016-08-28 00:00:00+00:00,28.561584,57.312946,0.0,1012.83344
2016-08-29 00:00:00+00:00,28.272001,57.31021,0.0,1011.5833
2016-08-30 00:00:00+00:00,27.928253,53.542164,0.0,1011.22504
2016-08-31 00:00:00+00:00,27.921997,52.04411,0.0,1011.4292
2016-09-01 00:00:00+00:00,28.35325,55.976925,0.0,1009.74164
2016-09-02 00:00:00+00:00,29.003252,61.075195,0.0,1008.2832
2016-09-03 00:00:00+00:00,28.267832,53.413757,0.0,1009.5168
2016-09-04 00:00:00+00:00,29.144913,47.78621,0.0,1011.5457
2016-09-05 00:00:00+00:00,29.21575,50.47832,0.0,1013.8416
2016-09-06 00:00:00+00:00,28.42617,49.5643,0.0,1014.325
2016-09-07 00:00:00+00:00,27.32617,50.325794,0.0,1013.7083
2016-09-08 00:00:00+00:00,26.803247,52.480656,0.0,1010.5876
2016-09-09 00:00:00+00:00,28.678253,48.87857,0.0,1009.6208
2016-09-10 00:00:00+00:00,30.513666,45.44478,0.0,1010.5625
2016-09-11 00:00:00+00:00,29.876162,53.300587,0.0,1011.5166
2016-09-12 00:00:00+00:00,28.361582,57.430664,0.0,1012.26263
2016-09-13 00:00:00+00:00,27.453249,56.91801,0.0,1011.83746
2016-09-14 00:00:00+00:00,28.788668,52.313267,0.0,1010.12915
2016-09-15 00:00:00+00:00,28.955336,53.74333,0.0,1010.2334
2016-09-16 00:00:00+00:00,27.592833,54.340683,0.0,1011.35406
2016-09-17 00:00:00+00:00,27.197006,56.540833,0.0,1011.99994
2016-09-18 00:00:00+00:00,27.540749,54.267826,0.0,1012.94995
2016-09-19 00:00:00+00:00,27.613665,49.631687,0.0,1011.90845
2016-09-20 00:00:00+00:00,29.46158,47.314163,0.0,1010.37506
2016-09-21 00:00:00+00:00,31.64908,40.865067,0.0,1011.304
2016-09-22 00:00:00+00:00,28.011581,56.128998,0.0,1014.8293
2016-09-23 00:00:00+00:00,26.882416,56.516193,0.0,1015.0251
2016-09-24 00:00:00+00:00,26.380331,50.37363,0.0,1012.91656
2016-09-25 00:00:00+00:00,25.90325,46.123486,0.0,1011.0583
2016-09-26 00:00:00+00:00,24.84075,50.194195,0.0,1013.05
2016-09-27 00:00:00+00:00,25.049082,48.908092,0.0,1015.62915
2016-09-28 00:00:00+00:00,25.188665,51.773052,0.0,1017.64594
2016-09-29 00:00:00+00:00,25.296997,56.44557,0.0,1016.97504
2016-09-30 00:00:00+00:00,25.703249,55.179386,0.0,1014.4124
2016-10-01 00:00:00+00:00,25.626165,56.071934,0.0,1012.0
2016-10-02 00:00:00+00:00,27.201164,58.37843,0.0,1011.42914
2016-10-03 00:00:00+00:00,27.31575,57.643494,0.0,1012.4958
2016-10-04 00:00:00+00:00,25.886583,56.474247,0.0,1012.1082
2016-10-05 00:00:00+00:00,25.73242,59.991028,0.0,1011.7334
2016-10-06 00:00:00+00:00,25.444914,59.03621,0.0,1013.45
2016-10-07 00:00:00+00:00,24.807419,57.386127,0.0,1015.47095
2016-10-08 00:00:00+00:00,25.046999,55.630253,0.0,1016.38336
2016-10-09 00:00:00+00:00,27.372004,46.587597,0.0,1015.87915
2016-10-10 00:00:00+00:00,25.426168,58.38088,0.0,1015.9334
2016-10-11 00:00:00+00:00,25.48658,51.970703,0.0,1014.69586
2016-10-12 00:00:00+00:00,27.074081,47.277134,0.0,1013.97504
2016-10-13 00:00:00+00:00,26.83658,57.74136,0.0,1014.2334
2016-10-14 00:00:00+00:00,26.092833,65.14897,0.0,1014.00836
2016-10-15 00:00:00+00:00,24.622,62.30958,0.0,1014.2126
2016-10-16 00:00:00+00:00,24.513666,62.31554,0.0,1013.78754
2016-10-17 00:00:00+00:00,25.09492,61.387985,0.0,1014.6042
2016-10-18 00:00:00+00:00,24.082415,64.05047,0.0,1014.8665
2016-10-19 00:00:00+00:00,22.786583,61.76724,0.0,1015.59155
2016-10-20 00:00:00+00:00,22.938665,58.83876,0.0,1014.47485
2016-10-21 00:00:00+00:00,23.386581,54.480938,0.0,1014.85004
2016-10-22 00:00:00+00:00,23.132416,57.652355,0.0,1016.7668
2016-10-23 00:00:00+00:00,24.138666,61.4881,0.0,1017.2249
2016-10-24 00:00:00+00:00,24.386581,62.24538,0.0,1015.4917
2016-10-25 00:00:00+00:00,23.309502,66.0061,0.0,1012.3958
2016-10-26 00:00:00+00:00,24.463669,62.218708,0.0,1010.83746
2016-10-27 00:00:00+00:00,24.442833,60.668823,0.0,1012.9417
2016-10-28 00:00:00+00:00,24.472002,65.857025,0.0,1016.2459
2016-10-29 00:00:00+00:00,24.382416,67.83485,0.0,1017.54175
2016-10-30 00:00:00+00:00,23.821999,65.53762,0.0,1016.55005
2016-10-31 00:00:00+00:00,22.771997,63.09342,0.0,1016.5168
2016-11-01 00:00:00+00:00,21.413668,61.856495,0.0,1016.5208
2016-11-02 00:00:00+00:00,20.574083,50.4653,0.0,1018.5583
2016-11-03 00:00:00+00:00,20.117836,55.925976,0.0,1019.2791
2016-11-04 00:00:00+00:00,21.144917,57.146534,0.0,1021.7083
2016-11-05 00:00:00+00:00,20.080334,56.099438,0.0,1021.24164
2016-11-06 00:00:00+00:00,20.742834,57.484577,0.0,1020.77924
2016-11-07 00:00:00+00:00,21.40325,57.60469,0.0,1020.8166
2016-11-08 00:00:00+00:00,21.497,58.999638,0.0,1020.06256
2016-11-09 00:00:00+00:00,23.001167,43.26041,0.0,1016.6416
2016-11-10 00:00:00+00:00,22.332415,44.842716,0.0,1018.37494
2016-11-11 00:00:00+00:00,21.457415,61.302124,0.0,1020.1584
2016-11-12 00:00:00+00:00,21.992834,65.93718,0.0,1018.4333
2016-11-13 00:00:00+00:00,21.386581,74.268684,0.0,1018.4709
2016-11-14 00:00:00+00:00,21.55533,71.26882,0.0,1018.1501
2016-11-15 00:00:00+00:00,21.199081,68.19535,0.0,1018.04584
2016-11-16 00:00:00+00:00,19.232418,59.972504,0.0,1017.82495
2016-11-17 00:00:00+00:00,18.115751,52.171295,0.0,1018.56665
2016-11-18 00:00:00+00:00,18.611586,56.239986,0.0,1018.3084
2016-11-19 00:00:00+00:00,20.35325,63.240215,0.0,1015.87494
2016-11-20 00:00:00+00:00,20.149086,67.70466,0.0,1013.8374
2016-11-21 00:00:00+00:00,20.672003,62.468143,0.0,1014.0417
2016-11-22 00:00:00+00:00,21.207415,55.13763,0.0,1014.7458
2016-11-23 00:00:00+00:00,20.517832,55.950882,0.0,1016.11255
2016-11-24 00:00:00+00:00,18.624084,48.78924,0.0,1016.4666
2016-11-25 00:00:00+00:00,16.463667,34.221256,0.0,1016.1458
2016-11-26 00:00:00+00:00,15.409499,46.914043,0.0,1017.1999
2016-11-27 00:00:00+00:00,15.632419,42.00997,0.0,1017.02515
2016-11-28 00:00:00+00:00,16.844915,33.968033,0.0,1015.4041
2016-11-29 00:00:00+00:00,19.199083,29.835808,0.0,1014.28754
2016-11-30 00:00:00+00:00,19.328253,42.4644,0.3,1013.2
2016-12-01 00:00:00+00:00,15.036583,60.80573,2.3999999,1013.57074
2016-12-02 00:00:00+00:00,14.724086,58.726673,0.0,1020.01654
2016-12-03 00:00:00+00:00,15.872002,56.048695,0.0,1023.79596
2016-12-04 00:00:00+00:00,15.742833,65.22411,0.0,1022.35834
2016-12-05 00:00:00+00:00,16.71992,70.905235,0.0,1022.07513
2016-12-06 00:00:00+00:00,17.0595,66.66029,0.0,1022.7126
2016-12-07 00:00:00+00:00,17.024084,66.69331,0.0,1023.3167
2016-12-08 00:00:00+00:00,16.592833,61.26005,0.0,1024.9083
2016-12-09 00:00:00+00:00,15.22825,60.05865,0.0,1025.0835
2016-12-10 00:00:00+00:00,14.730332,58.018864,0.0,1023.3208
2016-12-11 00:00:00+00:00,14.955333,57.83168,0.0,1022.28754
2016-12-12 00:00:00+00:00,15.088669,55.751743,0.0,1019.7
2016-12-13 00:00:00+00:00,16.609499,52.87985,0.0,1016.1335
2016-12-14 00:00:00+00:00,14.8115835,54.335003,0.0,1018.40845
2016-12-15 00:00:00+00:00,14.522,47.67212,0.0,1022.40826
2016-12-16 00:00:00+00:00,13.465752,48.392807,0.0,1022.7124
2016-12-17 00:00:00+00:00,14.892835,52.57001,0.0,1024.8334
2016-12-18 00:00:00+00:00,14.330334,64.03599,0.0,1024.6918
2016-12-19 00:00:00+00:00,13.480334,59.006424,0.0,1025.6416
2016-12-20 00:00:00+00:00,12.688666,57.777313,0.0,1024.7001
2016-12-21 00:00:00+00:00,12.74075,54.39472,0.0,1019.25415
2016-12-22 00:00:00+00:00,12.636584,58.640827,0.8,1018.64575
2016-12-23 00:00:00+00:00,12.388667,61.585926,0.0,1020.31244
2016-12-24 00:00:00+00:00,11.61575,57.527863,0.0,1019.08325
2016-12-25 00:00:00+00:00,12.215749,60.137024,0.0,1019.67914
2016-12-26 00:00:00+00:00,13.596999,54.184566,0.0,1020.50415
2016-12-27 00:00:00+00:00,12.976166,61.87474,0.0,1021.3206
2016-12-28 00:00:00+00:00,12.294917,57.48874,0.0,1020.93744
2016-12-29 00:00:00+00:00,13.103251,52.311737,0.0,1017.7708
2016-12-30 00:00:00+00:00,12.380334,45.283047,0.0,1020.12085
2016-12-31 00:00:00+00:00,11.036584,57.6666,0.0,1023.4709
2017-01-01 00:00:00+00:00,11.126918,51.839584,0.0,1023.3083
2017-01-02 00:00:00+00:00,11.337334,54.46466,0.0,1024.3085
2017-01-03 00:00:00+00:00,12.564418,59.769455,0.0,1024.9335
2017-01-04 00:00:00+00:00,13.060253,54.24155,0.0,1024.1208
2017-01-05 00:00:00+00:00,13.462334,48.7532,0.0,1021.85425
2017-01-06 00:00:00+00:00,12.920667,54.27863,0.0,1016.3499
2017-01-07 00:00:00+00:00,11.9539995,46.643238,0.0,1017.2834
2017-01-08 00:00:00+00:00,11.762334,48.49394,0.0,1016.33746
2017-01-09 00:00:00+00:00,10.403999,47.082104,0.0,1017.8833
2017-01-10 00:00:00+00:00,10.958165,47.60719,0.0,1018.38324
2017-01-11 00:00:00+00:00,12.71025,43.65796,0.0,1022.74585
2017-01-12 00:00:00+00:00,13.441501,64.6677,0.0,1022.46246
2017-01-13 00:00:00+00:00,13.922751,57.569035,0.1,1019.2834
2017-01-14 00:00:00+00:00,13.635251,66.718254,1.0,1013.05835
2017-01-15 00:00:00+00:00,13.983169,73.12939,0.0,1017.5876
2017-01-16 00:00:00+00:00,14.1165,66.20486,0.0,1017.94995
2017-01-17 00:00:00+00:00,15.004001,63.80519,0.0,1016.1584
2017-01-18 00:00:00+00:00,14.0269165,72.104225,0.0,1019.2874
2017-01-19 00:00:00+00:00,14.2415,70.02772,0.0,1022.54175
2017-01-20 00:00:00+00:00,13.949832,68.66308,0.0,1021.6165
2017-01-21 00:00:00+00:00,13.479001,64.069725,0.0,1021.3125
2017-01-22 00:00:00+00:00,13.518582,59.31664,0.0,1022.17926
2017-01-23 00:00:00+00:00,14.070666,56.473186,0.0,1020.575
2017-01-24 00:00:00+00:00,17.218588,35.84711,0.0,1015.52484
2017-01-25 00:00:00+00:00,16.73317,53.32318,2.0,1017.23334
2017-01-26 00:00:00+00:00,13.958167,59.10938,0.0,1018.7375
2017-01-27 00:00:00+00:00,11.96025,57.20349,0.0,1020.85425
2017-01-28 00:00:00+00:00,12.324832,52.31613,0.0,1021.53754
2017-01-29 00:00:00+00:00,12.943585,50.974262,0.0,1022.42505
2017-01-30 00:00:00+00:00,12.118584,51.479908,0.0,1019.71246
2017-01-31 00:00:00+00:00,12.422749,65.89189,0.0,1021.2708
2017-02-01 00:00:00+00:00,12.7352495,65.301094,0.1,1025.5875
2017-02-02 00:00:00+00:00,12.604001,56.862675,0.0,1029.3707
2017-02-03 00:00:00+00:00,12.110251,48.37585,0.0,1027.5834
2017-02-04 00:00:00+00:00,13.176918,58.860973,0.0,1022.8833
2017-02-05 00:00:00+00:00,13.929001,66.1211,0.0,1022.2292
2017-02-06 00:00:00+00:00,14.885251,67.13479,0.0,1022.0791
2017-02-07 00:00:00+00:00,16.939417,49.436417,0.0,1014.72925
2017-02-08 00:00:00+00:00,16.079,39.66002,0.0,1012.90405
2017-02-09 00:00:00+00:00,15.581082,45.28076,0.0,1017.8125
2017-02-10 00:00:00+00:00,15.691502,50.33655,0.0,1016.62085
2017-02-11 00:00:00+00:00,15.929004,54.044758,0.0,1014.9792
2017-02-12 00:00:00+00:00,15.056085,57.509445,0.0,1016.4751
2017-02-13 00:00:00+00:00,14.118584,60.137333,0.0,1018.64996
2017-02-14 00:00:00+00:00,12.7769165,60.276505,0.4,1021.0125
2017-02-15 00:00:00+00:00,12.439418,55.656567,0.1,1022.0208
2017-02-16 00:00:00+00:00,10.472749,71.78503,2.9,1020.80835
2017-02-17 00:00:00+00:00,11.5998335,58.72273,0.0,1025.5834
2017-02-18 00:00:00+00:00,11.5477495,54.741882,0.0,1026.7167
2017-02-19 00:00:00+00:00,13.06025,59.04343,0.0,1024.85
2017-02-20 00:00:00+00:00,13.7144165,59.10594,0.0,1022.3582
2017-02-21 00:00:00+00:00,14.591502,52.16776,0.0,1019.67914
2017-02-22 00:00:00+00:00,13.797751,57.465866,0.70000005,1017.6501
2017-02-23 00:00:00+00:00,14.551918,67.14091,0.0,1022.2917
2017-02-24 00:00:00+00:00,15.7915,66.548134,0.0,1023.4751
2017-02-25 00:00:00+00:00,16.099833,69.27746,0.0,1022.24164
2017-02-26 00:00:00+00:00,17.056084,62.206593,0.0,1018.95825
2017-02-27 00:00:00+00:00,18.699831,51.44649,0.1,1012.97504
2017-02-28 00:00:00+00:00,20.718584,30.46123,0.0,1008.87085
2017-03-01 00:00:00+00:00,18.66442,57.343353,0.4,1012.7
2017-03-02 00:00:00+00:00,17.681084,64.05102,0.0,1016.5749
2017-03-03 00:00:00+00:00,16.558168,57.551914,0.0,1017.25433
2017-03-04 00:00:00+00:00,16.370667,56.141296,0.0,1018.0334
2017-03-05 00:00:00+00:00,16.831083,57.35344,0.0,1017.52496
2017-03-06 00:00:00+00:00,17.262337,64.89278,0.0,1015.23334
2017-03-07 00:00:00+00:00,17.245668,59.255955,0.0,1014.80835
2017-03-08 00:00:00+00:00,20.81025,35.90324,0.0,1012.2834
2017-03-09 00:00:00+00:00,20.824835,35.155926,0.0,1010.09576
2017-03-10 00:00:00+00:00,18.620667,42.064297,0.3,1008.40845
2017-03-11 00:00:00+00:00,18.458166,41.846478,0.2,1008.33344
2017-03-12 00:00:00+00:00,18.826918,33.62354,0.0,1010.77094
2017-03-13 00:00:00+00:00,17.204,50.977203,0.0,1018.4043
2017-03-14 00:00:00+00:00,17.043581,54.341583,0.0,1019.13324
2017-03-15 00:00:00+00:00,16.004,53.95076,1.3,1017.1501
2017-03-16 00:00:00+00:00,16.489418,48.993793,0.0,1015.97504
2017-03-17 00:00:00+00:00,18.82067,41.00511,0.0,1011.77496
2017-03-18 00:00:00+00:00,18.29775,50.186016,0.70000005,1008.0959
2017-03-19 00:00:00+00:00,15.162334,55.92195,0.0,1016.3
2017-03-20 00:00:00+00:00,16.729,54.92007,0.0,1017.571
2017-03-21 00:00:00+00:00,19.247751,40.55898,0.0,1014.32495
2017-03-22 00:00:00+00:00,20.00817,35.506668,0.4,1008.3958
2017-03-23 00:00:00+00:00,18.945665,48.333286,0.0,1009.7376
2017-03-24 00:00:00+00:00,18.204,54.657436,0.0,1016.104
2017-03-25 00:00:00+00:00,17.499834,49.360943,0.0,1017.3374
2017-03-26 00:00:00+00:00,17.989418,50.038723,0.0,1017.28735
2017-03-27 00:00:00+00:00,19.681086,38.25002,0.0,1016.32495
2017-03-28 00:00:00+00:00,21.03525,40.354862,0.0,1015.4543
2017-03-29 00:00:00+00:00,24.20817,29.846567,0.0,1014.09576
2017-03-30 00:00:00+00:00,21.7415,44.256622,0.0,1014.9583
2017-03-31 00:00:00+00:00,20.522749,37.644203,0.0,1014.77924
2017-04-01 00:00:00+00:00,18.793585,47.38481,0.2,1016.5708
2017-04-02 00:00:00+00:00,18.026917,58.183548,0.0,1019.91254
2017-04-03 00:00:00+00:00,19.299833,54.17158,0.0,1019.95
2017-04-04 00:00:00+00:00,20.387335,50.60841,0.0,1016.2332
2017-04-05 00:00:00+00:00,21.237333,53.55301,0.0,1012.73737
2017-04-06 00:00:00+00:00,21.8165,36.088757,0.0,1012.22076
2017-04-07 00:00:00+00:00,19.999834,49.74628,0.0,1016.31665
2017-04-08 00:00:00+00:00,21.845667,42.355145,0.0,1016.76263
2017-04-09 00:00:00+00:00,20.79567,51.934696,0.6,1017.1584
2017-04-10 00:00:00+00:00,20.345667,52.69969,0.1,1013.82904
2017-04-11 00:00:00+00:00,21.06025,51.402325,0.1,1009.05835
2017-04-12 00:00:00+00:00,23.531084,49.202007,0.8,1005.60846
2017-04-13 00:00:00+00:00,19.443583,62.710266,1.0000001,1008.81665
2017-04-14 00:00:00+00:00,18.999832,51.602856,0.0,1014.9709
2017-04-15 00:00:00+00:00,19.987335,51.047504,0.0,1017.6499
2017-04-16 00:00:00+00:00,21.314417,49.56673,0.0,1016.43744
2017-04-17 00:00:00+00:00,23.17275,34.65768,0.0,1013.9919
2017-04-18 00:00:00+00:00,24.749832,29.97361,0.0,1014.90405
2017-04-19 00:00:00+00:00,22.249834,44.563934,0.0,1018.21246
2017-04-20 00:00:00+00:00,26.058167,20.061777,0.0,1017.09595
2017-04-21 00:00:00+00:00,30.266497,15.280797,0.0,1012.68756
2017-04-22 00:00:00+00:00,28.049833,31.805326,0.0,1008.2874
2017-04-23 00:00:00+00:00,19.662333,47.652668,0.0,1016.8416
2017-04-24 00:00:00+00:00,19.108168,43.982437,0.0,1018.9458
2017-04-25 00:00:00+00:00,19.916504,47.757496,0.0,1017.5042
2017-04-26 00:00:00+00:00,21.093584,45.424267,0.0,1015.67505
2017-04-27 00:00:00+00:00,22.368586,40.10734,0.0,1014.69995
2017-04-28 00:00:00+00:00,23.8665,29.199942,0.0,1013.32086
2017-04-29 00:00:00+00:00,24.624832,25.578684,0.0,1011.20825
2017-04-30 00:00:00+00:00,25.15608,37.730877,0.0,1009.8459
2017-05-01 00:00:00+00:00,24.883171,36.975647,0.0,1010.0957
2017-05-02 00:00:00+00:00,23.13942,50.932556,0.0,1012.5583
2017-05-03 00:00:00+00:00,23.1165,53.661015,0.0,1013.79584
2017-05-04 00:00:00+00:00,23.854002,49.231762,0.0,1014.22925
2017-05-05 00:00:00+00:00,23.89567,49.709904,0.0,1015.16675
2017-05-06 00:00:00+00:00,24.35817,48.821484,0.0,1014.85834
2017-05-07 00:00:00+00:00,25.568583,41.053047,0.0,1013.91656
2017-05-08 00:00:00+00:00,29.274828,25.921394,0.0,1011.94995
2017-05-09 00:00:00+00:00,31.50817,18.260092,0.0,1008.1917
2017-05-10 00:00:00+00:00,30.958168,25.739378,0.0,1008.9041
2017-05-11 00:00:00+00:00,24.414421,49.713566,0.0,1013.6707
2017-05-12 00:00:00+00:00,24.464417,49.570755,0.0,1014.7791
2017-05-13 00:00:00+00:00,26.874834,41.413292,0.0,1013.8333
2017-05-14 00:00:00+00:00,30.131083,29.829641,0.0,1012.50836
2017-05-15 00:00:00+00:00,29.756083,29.907503,0.0,1012.2874
2017-05-16 00:00:00+00:00,27.26442,41.657207,0.0,1012.1374
2017-05-17 00:00:00+00:00,27.333166,42.741642,0.0,1009.47925
2017-05-18 00:00:00+00:00,27.326914,39.68238,0.0,1006.22076
2017-05-19 00:00:00+00:00,24.535254,47.9167,0.0,1011.37067
2017-05-20 00:00:00+00:00,23.145668,45.51238,0.0,1015.5916
2017-05-21 00:00:00+00:00,24.485254,39.095943,0.0,1014.38336
2017-05-22 00:00:00+00:00,27.11025,36.242634,0.0,1010.05835
2017-05-23 00:00:00+00:00,23.660254,48.171906,0.0,1014.2459
2017-05-24 00:00:00+00:00,24.03108,48.224735,0.0,1015.9209
2017-05-25 00:00:00+00:00,24.951921,42.944653,0.0,1014.50397
2017-05-26 00:00:00+00:00,27.551918,29.927872,0.0,1012.0957
2017-05-27 00:00:00+00:00,30.245668,23.411705,0.0,1009.6626
2017-05-28 00:00:00+00:00,27.962332,35.466614,0.0,1011.0044
2017-05-29 00:00:00+00:00,26.726915,50.55911,0.0,1011.91675
2017-05-30 00:00:00+00:00,28.110252,39.55096,0.1,1015.0833
2017-05-31 00:00:00+00:00,28.52275,36.417747,0.0,1015.5708
2017-06-01 00:00:00+00:00,25.629004,43.850758,0.0,1016.25836
2017-06-02 00:00:00+00:00,26.399834,44.978954,0.0,1015.15826
2017-06-03 00:00:00+00:00,27.96025,44.90021,0.0,1013.075
2017-06-04 00:00:00+00:00,29.147749,38.015034,0.0,1011.3125
2017-06-05 00:00:00+00:00,30.218584,34.158333,0.0,1010.8833
2017-06-06 00:00:00+00:00,32.789417,21.37971,0.0,1009.76666
2017-06-07 00:00:00+00:00,32.97275,22.620436,0.0,1009.65424
2017-06-08 00:00:00+00:00,34.283165,18.829899,0.0,1007.6416
2017-06-09 00:00:00+00:00,29.206083,46.11882,0.0,1010.36664
2017-06-10 00:00:00+00:00,27.88942,47.476543,0.0,1012.52496
2017-06-11 00:00:00+00:00,27.31442,50.750797,0.0,1010.27924
2017-06-12 00:00:00+00:00,27.701914,46.255863,0.0,1009.76666
2017-06-13 00:00:00+00:00,30.566498,33.965153,0.0,1008.5918
2017-06-14 00:00:00+00:00,27.879,48.04777,0.0,1009.10406
2017-06-15 00:00:00+00:00,28.11859,48.605312,0.0,1011.2876
2017-06-16 00:00:00+00:00,29.206085,43.039608,0.0,1011.19586
2017-06-17 00:00:00+00:00,30.460249,38.514122,0.0,1009.83344
2017-06-18 00:00:00+00:00,30.910254,35.560867,0.0,1007.9917
2017-06-19 00:00:00+00:00,32.09567,33.124016,0.0,1008.49164
2017-06-20 00:00:00+00:00,28.824835,49.462788,0.0,1011.0208
2017-06-21 00:00:00+00:00,27.35817,48.465897,0.0,1011.28735
2017-06-22 00:00:00+00:00,27.45192,49.369213,0.0,1012.7751
2017-06-23 00:00:00+00:00,28.074835,46.97054,0.0,1012.77496
2017-06-24 00:00:00+00:00,28.801916,47.277267,0.0,1011.2
2017-06-25 00:00:00+00:00,29.595667,46.776,0.0,1009.54584
2017-06-26 00:00:00+00:00,30.172752,41.992153,0.0,1008.6626
2017-06-27 00:00:00+00:00,30.33525,41.811985,0.0,1009.07074
2017-06-28 00:00:00+00:00,30.541498,41.758648,0.0,1009.3542
2017-06-29 00:00:00+00:00,30.651915,44.17505,0.0,1009.79584
2017-06-30 00:00:00+00:00,31.874834,43.857037,0.0,1007.3543
2017-07-01 00:00:00+00:00,33.18733,41.56103,0.0,1003.27094
2017-07-02 00:00:00+00:00,33.931087,37.983536,0.0,1002.69165
2017-07-03 00:00:00+00:00,33.7415,33.78425,0.0,1004.08344
2017-07-04 00:00:00+00:00,31.670668,51.238598,0.0,1006.69995
2017-07-05 00:00:00+00:00,29.714415,52.744003,0.0,1008.57916
2017-07-06 00:00:00+00:00,28.589418,53.376987,0.0,1009.1541
2017-07-07 00:00:00+00:00,28.785254,57.285995,0.0,1007.19586
2017-07-08 00:00:00+00:00,30.262331,52.305298,0.0,1006.39594
2017-07-09 00:00:00+00:00,30.293587,51.87225,0.0,1007.8708
2017-07-10 00:00:00+00:00,31.593582,42.031563,0.0,1008.8667
2017-07-11 00:00:00+00:00,31.899836,38.89911,0.0,1010.05
2017-07-12 00:00:00+00:00,31.072748,49.61185,0.0,1007.82086
2017-07-13 00:00:00+00:00,31.23733,45.85979,0.0,1004.4583
2017-07-14 00:00:00+00:00,32.168583,40.48372,0.0,1003.6917
2017-07-15 00:00:00+00:00,34.264416,29.159819,0.0,1004.321
2017-07-16 00:00:00+00:00,33.53525,35.85857,0.0,1005.47076
2017-07-17 00:00:00+00:00,32.308163,41.647602,0.0,1007.09576
2017-07-18 00:00:00+00:00,33.51858,35.999195,0.0,1008.34985
2017-07-19 00:00:00+00:00,30.51442,52.13269,0.0,1008.86664
2017-07-20 00:00:00+00:00,28.918587,49.321873,0.0,1006.56665
2017-07-21 00:00:00+00:00,29.364418,50.467945,0.0,1006.87067
2017-07-22 00:00:00+00:00,29.626915,54.189423,0.0,1009.3376
2017-07-23 00:00:00+00:00,29.762337,57.522522,0.0,1008.26666
2017-07-24 00:00:00+00:00,30.624832,50.48245,0.0,1005.25836
2017-07-25 00:00:00+00:00,31.581083,48.0133,0.0,1004.95844
2017-07-26 00:00:00+00:00,31.88942,44.229755,0.0,1006.0124
2017-07-27 00:00:00+00:00,32.27275,42.627686,0.0,1007.40826
2017-07-28 00:00:00+00:00,31.178999,51.74818,0.0,1010.53754
2017-07-29 00:00:00+00:00,29.489418,50.3883,0.0,1011.4333
2017-07-30 00:00:00+00:00,29.2165,49.887817,0.0,1008.46246
2017-07-31 00:00:00+00:00,30.260248,48.39523,0.0,1006.97906
2017-08-01 00:00:00+00:00,31.062338,49.508625,0.0,1009.67914
2017-08-02 00:00:00+00:00,31.404,47.52205,0.0,1010.7375
2017-08-03 00:00:00+00:00,31.510248,44.120358,0.0,1008.86255
2017-08-04 00:00:00+00:00,30.88317,46.96637,0.0,1007.35004
2017-08-05 00:00:00+00:00,30.889418,50.107365,0.0,1006.72504
2017-08-06 00:00:00+00:00,31.329,45.939716,0.0,1007.0166
2017-08-07 00:00:00+00:00,30.643583,52.50739,0.0,1007.21246
2017-08-08 00:00:00+00:00,31.024834,52.517094,0.0,1008.1999
2017-08-09 00:00:00+00:00,31.326918,52.21133,0.0,1008.85406
2017-08-10 00:00:00+00:00,31.812332,51.668537,0.0,1008.0125
2017-08-11 00:00:00+00:00,31.864416,52.86052,0.0,1006.49585
2017-08-12 00:00:00+00:00,31.804,56.003956,0.0,1005.97076
2017-08-13 00:00:00+00:00,31.835253,50.678696,0.0,1007.09174
2017-08-14 00:00:00+00:00,30.74775,53.500492,0.0,1009.09174
2017-08-15 00:00:00+00:00,29.664415,51.21848,0.0,1008.0667
2017-08-16 00:00:00+00:00,29.47692,51.717472,0.0,1005.9583
2017-08-17 00:00:00+00:00,29.603998,50.497868,0.0,1007.19165
2017-08-18 00:00:00+00:00,31.158165,43.448975,0.0,1009.1792
2017-08-19 00:00:00+00:00,31.387335,50.654858,0.0,1009.8501
2017-08-20 00:00:00+00:00,31.060251,49.183025,0.0,1010.06244
2017-08-21 00:00:00+00:00,31.154,43.297344,0.0,1009.6458
2017-08-22 00:00:00+00:00,30.360245,46.198284,0.0,1009.7624
2017-08-23 00:00:00+00:00,30.108164,47.886204,0.0,1009.85834
2017-08-24 00:00:00+00:00,29.556086,50.00168,0.0,1009.7917
2017-08-25 00:00:00+00:00,29.360252,50.292706,0.0,1009.17487
2017-08-26 00:00:00+00:00,30.374834,47.58044,0.0,1008.3665
2017-08-27 00:00:00+00:00,30.099836,53.011887,0.0,1007.27496
2017-08-28 00:00:00+00:00,29.031084,48.02171,0.0,1007.17926
2017-08-29 00:00:00+00:00,28.849833,47.346966,0.0,1007.0876
2017-08-30 00:00:00+00:00,28.8665,47.57745,0.0,1008.78345
2017-08-31 00:00:00+00:00,28.88317,53.949524,0.0,1010.5457
2017-09-01 00:00:00+00:00,28.358168,55.362625,0.0,1010.2583
2017-09-02 00:00:00+00:00,28.760254,52.712067,0.0,1009.09174
2017-09-03 00:00:00+00:00,28.585245,51.661716,0.0,1008.90826
2017-09-04 00:00:00+00:00,28.806086,48.19631,0.0,1011.02515
2017-09-05 00:00:00+00:00,29.331085,52.751095,0.0,1012.2332
2017-09-06 00:00:00+00:00,28.10817,51.722218,0.0,1011.79156
2017-09-07 00:00:00+00:00,27.89567,48.701733,0.0,1012.11255
2017-09-08 00:00:00+00:00,27.785248,53.90874,0.0,1011.7083
2017-09-09 00:00:00+00:00,28.297752,53.378796,0.0,1011.97925
2017-09-10 00:00:00+00:00,27.756083,51.15663,0.0,1011.32086
2017-09-11 00:00:00+00:00,29.170664,47.484806,0.0,1010.9375
2017-09-12 00:00:00+00:00,30.064417,47.023487,0.0,1011.925
2017-09-13 00:00:00+00:00,29.697748,53.48621,0.0,1013.1458
2017-09-14 00:00:00+00:00,27.929,59.408337,0.0,1011.3459
2017-09-15 00:00:00+00:00,27.849836,54.603405,0.0,1010.75
2017-09-16 00:00:00+00:00,27.6915,51.059204,0.0,1011.8001
2017-09-17 00:00:00+00:00,27.541498,54.339054,0.0,1011.5
2017-09-18 00:00:00+00:00,28.212328,55.65817,0.0,1010.4832
2017-09-19 00:00:00+00:00,28.695665,52.965946,0.0,1010.5083
2017-09-20 00:00:00+00:00,29.764418,50.939163,0.0,1012.1335
2017-09-21 00:00:00+00:00,29.566504,52.82101,0.0,1012.96674
2017-09-22 00:00:00+00:00,28.570671,55.66922,0.0,1014.80835
2017-09-23 00:00:00+00:00,26.079004,51.060184,0.0,1016.00415
2017-09-24 00:00:00+00:00,25.816504,47.761105,0.0,1015.16675
2017-09-25 00:00:00+00:00,25.85817,51.38498,0.0,1014.1416
2017-09-26 00:00:00+00:00,26.88317,53.128937,0.0,1015.0374
2017-09-27 00:00:00+00:00,26.345673,55.49619,0.0,1016.72504
2017-09-28 00:00:00+00:00,25.612337,53.203094,0.0,1015.42926
2017-09-29 00:00:00+00:00,26.089415,53.47142,0.0,1013.9375
2017-09-30 00:00:00+00:00,27.504004,43.956432,0.0,1014.2083
2017-10-01 00:00:00+00:00,30.395666,24.240204,0.0,1013.1667
2017-10-02 00:00:00+00:00,27.737333,45.415936,0.0,1013.65015
2017-10-03 00:00:00+00:00,25.424833,57.62,0.0,1015.76666
2017-10-04 00:00:00+00:00,24.82692,55.34399,0.0,1016.8001
2017-10-05 00:00:00+00:00,24.593584,52.820522,0.0,1014.91656
2017-10-06 00:00:00+00:00,24.687334,51.22693,0.0,1012.79156
2017-10-07 00:00:00+00:00,27.447752,40.78952,0.0,1011.72076
2017-10-08 00:00:00+00:00,27.412336,46.652466,0.0,1012.8084
2017-10-09 00:00:00+00:00,24.385252,54.36836,0.0,1014.94165
2017-10-10 00:00:00+00:00,23.65817,49.403885,0.0,1016.58325
2017-10-11 00:00:00+00:00,22.933167,50.424023,0.0,1016.96674
2017-10-12 00:00:00+00:00,23.004004,51.336517,0.0,1016.5291
2017-10-13 00:00:00+00:00,23.468584,54.19696,0.0,1016.075
2017-10-14 00:00:00+00:00,23.64567,54.01492,0.0,1016.12897
2017-10-15 00:00:00+00:00,22.968582,54.255825,0.0,1016.7292
2017-10-16 00:00:00+00:00,23.231085,52.43918,0.0,1017.3208
2017-10-17 00:00:00+00:00,23.649836,57.077194,0.0,1016.8416
2017-10-18 00:00:00+00:00,24.643585,58.420544,0.0,1015.24164
2017-10-19 00:00:00+00:00,24.581083,58.79002,0.0,1015.54584
2017-10-20 00:00:00+00:00,23.581087,59.77809,0.0,1016.94183
2017-10-21 00:00:00+00:00,22.893585,58.557095,0.0,1016.0708
2017-10-22 00:00:00+00:00,22.737335,57.952816,0.0,1014.2874
2017-10-23 00:00:00+00:00,22.281084,55.158657,0.0,1012.64154
2017-10-24 00:00:00+00:00,23.22067,47.14552,0.0,1012.4084
2017-10-25 00:00:00+00:00,25.151917,33.699978,0.0,1015.17914
2017-10-26 00:00:00+00:00,26.224836,32.0436,0.0,1015.0876
2017-10-27 00:00:00+00:00,23.354002,52.448612,0.0,1013.75415
2017-10-28 00:00:00+00:00,21.885252,45.60606,0.0,1013.62067
2017-10-29 00:00:00+00:00,22.122751,42.25837,0.0,1013.98334
2017-10-30 00:00:00+00:00,21.776918,46.96408,0.0,1015.9582
2017-10-31 00:00:00+00:00,22.176916,57.69369,0.0,1017.6958
2017-11-01 00:00:00+00:00,21.94567,61.080257,0.0,1016.82916
2017-11-02 00:00:00+00:00,20.918585,55.078724,0.0,1016.36255
2017-11-03 00:00:00+00:00,19.993584,55.376194,0.0,1015.74164
2017-11-04 00:00:00+00:00,19.368584,51.408966,0.0,1016.8625
2017-11-05 00:00:00+00:00,20.514418,53.59566,0.0,1015.50836
2017-11-06 00:00:00+00:00,20.024836,50.893734,0.0,1017.1458
2017-11-07 00:00:00+00:00,20.141502,52.298523,0.0,1018.52515
2017-11-08 00:00:00+00:00,20.143583,56.584457,0.0,1018.91656
2017-11-09 00:00:00+00:00,20.183167,59.08191,0.0,1019.6458
2017-11-10 00:00:00+00:00,20.120668,63.434433,0.0,1018.3958
2017-11-11 00:00:00+00:00,19.720667,63.640957,0.0,1018.0583
2017-11-12 00:00:00+00:00,20.876917,63.450256,0.0,1015.21246
2017-11-13 00:00:00+00:00,20.63525,38.78833,0.0,1012.90826
2017-11-14 00:00:00+00:00,20.37275,34.669315,0.0,1016.36237
2017-11-15 00:00:00+00:00,20.71025,48.000427,0.0,1017.13763
2017-11-16 00:00:00+00:00,20.793583,70.792274,0.0,1015.3499
2017-11-17 00:00:00+00:00,20.939417,74.82798,0.0,1013.2166
2017-11-18 00:00:00+00:00,20.618586,75.308304,0.0,1013.05005
2017-11-19 00:00:00+00:00,19.151918,62.770557,0.0,1015.47076
2017-11-20 00:00:00+00:00,18.581085,46.235874,0.0,1015.7876
2017-11-21 00:00:00+00:00,17.181084,57.359467,0.3,1017.12494
2017-11-22 00:00:00+00:00,16.708168,55.333282,0.0,1019.7207
2017-11-23 00:00:00+00:00,16.312334,58.13576,0.0,1020.8416
2017-11-24 00:00:00+00:00,16.845667,54.166245,0.0,1020.99164
2017-11-25 00:00:00+00:00,17.129,59.187332,0.8,1019.7625
2017-11-26 00:00:00+00:00,17.062334,66.69894,0.0,1020.6248
2017-11-27 00:00:00+00:00,17.39775,62.45955,0.0,1021.03754
2017-11-28 00:00:00+00:00,18.097754,44.172947,0.0,1019.54156
2017-11-29 00:00:00+00:00,18.099834,49.18895,0.0,1021.17084
2017-11-30 00:00:00+00:00,17.793585,62.201324,0.0,1022.66656
2017-12-01 00:00:00+00:00,18.120668,64.04128,0.0,1020.5083
2017-12-02 00:00:00+00:00,18.908167,61.89209,0.0,1019.3875
2017-12-03 00:00:00+00:00,19.260252,48.058437,0.0,1020.58746
2017-12-04 00:00:00+00:00,18.529,60.62218,0.0,1020.05
2017-12-05 00:00:00+00:00,17.995668,77.2345,0.5,1019.0417
2017-12-06 00:00:00+00:00,15.708168,61.462543,0.1,1019.82086
2017-12-07 00:00:00+00:00,14.549835,52.681396,0.0,1024.2208
2017-12-08 00:00:00+00:00,14.243584,59.010952,0.0,1024.879
2017-12-09 00:00:00+00:00,15.087334,62.74384,0.0,1021.6751
2017-12-10 00:00:00+00:00,16.183168,60.860138,0.0,1020.47504
2017-12-11 00:00:00+00:00,16.793583,56.91768,0.0,1020.4001
2017-12-12 00:00:00+00:00,16.893583,60.883106,0.0,1019.19165
2017-12-13 00:00:00+00:00,16.774836,73.62271,0.0,1021.0708
2017-12-14 00:00:00+00:00,17.276918,66.57809,0.0,1020.79987
2017-12-15 00:00:00+00:00,17.472754,60.524036,0.0,1021.4543
2017-12-16 00:00:00+00:00,16.995668,59.745,0.0,1021.2251
2017-12-17 00:00:00+00:00,18.09775,56.308155,0.0,1019.05
2017-12-18 00:00:00+00:00,19.751917,52.97223,0.2,1018.8916
2017-12-19 00:00:00+00:00,18.901915,69.40873,0.0,1018.75836
2017-12-20 00:00:00+00:00,18.668583,75.546684,0.0,1017.8457
2017-12-21 00:00:00+00:00,19.939417,78.6444,0.0,1017.81665
2017-12-22 00:00:00+00:00,21.676916,56.42145,0.0,1014.26263
2017-12-23 00:00:00+00:00,17.918585,55.13294,0.0,1015.3125
2017-12-24 00:00:00+00:00,14.935252,59.40671,0.0,1018.01245
2017-12-25 00:00:00+00:00,13.731083,56.226635,0.0,1024.1041
2017-12-26 00:00:00+00:00,14.489418,66.81528,0.0,1022.85406
2017-12-27 00:00:00+00:00,15.110251,71.4428,0.0,1017.2166
2017-12-28 00:00:00+00:00,15.310248,74.56462,0.0,1017.00836
2017-12-29 00:00:00+00:00,15.329001,68.315834,0.0,1017.83356
2017-12-30 00:00:00+00:00,14.004001,51.935944,0.0,1019.3916
2017-12-31 00:00:00+00:00,12.9852495,58.05306,0.2,1017.6541
2018-01-01 00:00:00+00:00,14.062336,59.95479,0.8,1019.6999
2018-01-02 00:00:00+00:00,14.045665,58.68738,0.0,1020.63763
2018-01-03 00:00:00+00:00,14.583168,55.406742,0.0,1018.2043
2018-01-04 00:00:00+00:00,14.4644165,57.72444,1.9000001,1014.31683
2018-01-05 00:00:00+00:00,15.958168,57.940296,0.4,1013.14166
2018-01-06 00:00:00+00:00,14.57692,62.04356,0.0,1020.3542
2018-01-07 00:00:00+00:00,14.931084,65.27317,0.0,1025.6959
2018-01-08 00:00:00+00:00,15.139417,68.18821,0.0,1027.7125
2018-01-09 00:00:00+00:00,15.074836,70.03324,0.0,1026.7999
2018-01-10 00:00:00+00:00,15.258166,61.437824,0.0,1021.22076
2018-01-11 00:00:00+00:00,16.243586,41.744347,0.0,1016.97076
2018-01-12 00:00:00+00:00,15.726918,56.8378,0.0,1019.77924
2018-01-13 00:00:00+00:00,14.935252,65.35818,0.0,1016.7166
2018-01-14 00:00:00+00:00,13.858169,49.401875,0.0,1019.3708
2018-01-15 00:00:00+00:00,14.735249,60.322083,0.0,1025.2623
2018-01-16 00:00:00+00:00,13.868581,63.882065,0.0,1023.9499
2018-01-17 00:00:00+00:00,14.924832,55.462143,0.0,1018.5083
2018-01-18 00:00:00+00:00,15.653999,47.291763,0.2,1014.02924
2018-01-19 00:00:00+00:00,14.0060835,51.443527,0.0,1018.4832
2018-01-20 00:00:00+00:00,13.656082,53.5976,0.0,1022.1916
2018-01-21 00:00:00+00:00,15.274834,44.462223,0.0,1015.84576
2018-01-22 00:00:00+00:00,16.066502,45.30957,0.0,1012.1541
2018-01-23 00:00:00+00:00,16.44567,47.09746,0.0,1014.44586
2018-01-24 00:00:00+00:00,14.645667,58.122654,0.2,1015.325
2018-01-25 00:00:00+00:00,12.128999,72.03023,4.3999996,1015.43317
2018-01-26 00:00:00+00:00,11.0581665,66.298065,1.4000001,1018.59155
2018-01-27 00:00:00+00:00,12.320667,72.21253,0.3,1023.1292
2018-01-28 00:00:00+00:00,13.068585,67.67804,0.0,1025.4
2018-01-29 00:00:00+00:00,13.601918,68.13921,0.0,1024.5583
2018-01-30 00:00:00+00:00,13.220666,69.40414,0.0,1024.6625
2018-01-31 00:00:00+00:00,13.245669,67.97597,0.0,1023.42505
2018-02-01 00:00:00+00:00,13.82275,63.80834,0.0,1023.1418
2018-02-02 00:00:00+00:00,15.20192,70.53039,0.0,1023.89166
2018-02-03 00:00:00+00:00,16.3165,62.090363,0.0,1022.6917
2018-02-04 00:00:00+00:00,19.48942,33.086155,0.0,1019.5374
2018-02-05 00:00:00+00:00,20.3415,25.315222,0.0,1017.2791
2018-02-06 00:00:00+00:00,20.081083,30.77864,0.0,1018.2917
2018-02-07 00:00:00+00:00,21.291504,31.835924,0.0,1018.21246
2018-02-08 00:00:00+00:00,22.091497,29.606598,0.0,1015.0291
2018-02-09 00:00:00+00:00,19.324837,55.239567,0.1,1013.8457
2018-02-10 00:00:00+00:00,22.526918,40.80907,0.0,1007.325
2018-02-11 00:00:00+00:00,20.08317,53.65044,0.0,1011.0252
2018-02-12 00:00:00+00:00,17.062334,68.1954,3.6,1014.2
2018-02-13 00:00:00+00:00,14.893584,66.96763,0.0,1019.48334
2018-02-14 00:00:00+00:00,14.499835,61.4113,0.0,1020.8125
2018-02-15 00:00:00+00:00,15.383167,64.74965,0.0,1016.4749
2018-02-16 00:00:00+00:00,15.222751,56.281677,0.6,1014.14996
2018-02-17 00:00:00+00:00,13.651917,56.924698,0.3,1015.5
2018-02-18 00:00:00+00:00,16.106083,62.07219,0.0,1017.86255
2018-02-19 00:00:00+00:00,16.67067,55.71353,0.0,1015.9041
2018-02-20 00:00:00+00:00,18.079002,43.17578,0.0,1011.76245
2018-02-21 00:00:00+00:00,18.693584,42.481434,3.0,1009.0916
2018-02-22 00:00:00+00:00,18.612335,47.9863,0.1,1009.7959
2018-02-23 00:00:00+00:00,18.587332,57.928295,2.3000002,1008.3625
2018-02-24 00:00:00+00:00,17.789417,50.64826,0.0,1011.22076
2018-02-25 00:00:00+00:00,19.001917,42.161953,0.1,1010.91656
2018-02-26 00:00:00+00:00,20.312334,42.341106,0.2,1008.62506
2018-02-27 00:00:00+00:00,17.556086,48.11197,0.0,1013.2708
2018-02-28 00:00:00+00:00,18.026918,43.591557,0.0,1015.33344
2018-03-01 00:00:00+00:00,19.926916,41.025894,0.0,1015.9084
2018-03-02 00:00:00+00:00,19.583166,55.451794,0.0,1015.31256
2018-03-03 00:00:00+00:00,22.420668,35.401596,0.0,1012.09576
2018-03-04 00:00:00+00:00,23.964422,28.741056,0.0,1009.1541
2018-03-05 00:00:00+00:00,23.343582,36.56294,0.0,1009.4917
2018-03-06 00:00:00+00:00,22.874832,36.09857,0.0,1013.2083
2018-03-07 00:00:00+00:00,24.556084,32.750957,0.0,1014.76666
2018-03-08 00:00:00+00:00,25.237335,26.221407,0.0,1012.89996
2018-03-09 00:00:00+00:00,19.572752,45.457134,0.0,1015.7375
2018-03-10 00:00:00+00:00,18.018585,52.163113,0.0,1016.2041
2018-03-11 00:00:00+00:00,18.124834,52.175247,0.0,1017.2375
2018-03-12 00:00:00+00:00,18.620668,54.219418,0.0,1017.60004
2018-03-13 00:00:00+00:00,21.093584,45.647278,0.0,1016.01263
2018-03-14 00:00:00+00:00,21.016504,43.440746,0.0,1015.1001
2018-03-15 00:00:00+00:00,18.716501,55.28424,0.0,1014.97076
2018-03-16 00:00:00+00:00,18.31025,60.219906,0.0,1016.24585
2018-03-17 00:00:00+00:00,19.024836,49.751556,0.0,1015.74603
2018-03-18 00:00:00+00:00,22.256086,35.037155,0.0,1008.91254
2018-03-19 00:00:00+00:00,24.470673,30.6528,0.0,1008.63336
2018-03-20 00:00:00+00:00,22.0915,40.48649,0.0,1015.06256
2018-03-21 00:00:00+00:00,24.797754,17.256094,0.0,1016.72095
2018-03-22 00:00:00+00:00,27.11233,15.348834,0.0,1010.58765
2018-03-23 00:00:00+00:00,27.545668,25.632051,0.0,1004.0457
2018-03-24 00:00:00+00:00,18.379,40.769325,0.0,1013.32916
2018-03-25 00:00:00+00:00,18.995668,32.69901,0.0,1018.22906
2018-03-26 00:00:00+00:00,20.841501,50.450012,0.0,1016.1626
2018-03-27 00:00:00+00:00,23.637335,40.74623,0.2,1012.25824
2018-03-28 00:00:00+00:00,25.381086,41.609806,0.3,1005.3748
2018-03-29 00:00:00+00:00,17.6165,50.610485,0.0,1014.47504
2018-03-30 00:00:00+00:00,17.906084,50.299274,0.0,1020.1499
2018-03-31 00:00:00+00:00,18.57275,50.7905,0.0,1018.7458
2018-04-01 00:00:00+00:00,20.045668,54.98877,0.0,1014.4709
2018-04-02 00:00:00+00:00,21.464418,50.49564,0.0,1013.20416
2018-04-03 00:00:00+00:00,19.895668,56.056793,0.8,1014.575
2018-04-04 00:00:00+00:00,20.210249,51.967587,0.0,1014.19995
2018-04-05 00:00:00+00:00,20.993586,42.09244,0.0,1011.26245
2018-04-06 00:00:00+00:00,21.587336,48.38204,0.0,1009.86255
2018-04-07 00:00:00+00:00,22.726921,38.666245,0.0,1011.7459
2018-04-08 00:00:00+00:00,20.735254,45.17015,0.0,1014.175
2018-04-09 00:00:00+00:00,20.220667,48.899708,0.0,1014.49585
2018-04-10 00:00:00+00:00,20.837336,49.48231,0.0,1013.42084
2018-04-11 00:00:00+00:00,22.53942,36.781574,0.0,1011.72504
2018-04-12 00:00:00+00:00,25.52275,26.59768,0.0,1010.8709
2018-04-13 00:00:00+00:00,27.270666,25.976921,0.0,1011.12067
2018-04-14 00:00:00+00:00,26.060251,31.154266,0.0,1013.7375
2018-04-15 00:00:00+00:00,26.135252,26.425978,0.0,1013.56665
2018-04-16 00:00:00+00:00,27.128998,24.747826,0.0,1013.4084
2018-04-17 00:00:00+00:00,27.997751,19.11294,0.0,1013.575
2018-04-18 00:00:00+00:00,25.799833,37.85776,0.0,1015.8293
2018-04-19 00:00:00+00:00,23.978998,46.004047,0.0,1015.9292
2018-04-20 00:00:00+00:00,24.949831,40.369576,0.0,1011.8167
2018-04-21 00:00:00+00:00,22.81025,46.526615,0.5,1009.98755
2018-04-22 00:00:00+00:00,20.956085,42.034668,0.0,1013.15424
2018-04-23 00:00:00+00:00,21.241499,42.650417,0.0,1015.2041
2018-04-24 00:00:00+00:00,21.1915,46.294277,0.0,1013.3459
2018-04-25 00:00:00+00:00,19.568586,53.818546,0.5,1011.88745
2018-04-26 00:00:00+00:00,23.197752,53.225872,0.0,1010.69995
2018-04-27 00:00:00+00:00,23.176916,46.797134,0.0,1011.25824
2018-04-28 00:00:00+00:00,25.468584,37.157333,0.0,1012.8875
2018-04-29 00:00:00+00:00,28.839418,24.314295,0.0,1011.4375
2018-04-30 00:00:00+00:00,32.176914,17.357521,0.0,1004.29584
2018-05-01 00:00:00+00:00,30.418587,23.378103,0.0,1004.22076
2018-05-02 00:00:00+00:00,28.412333,40.010323,0.0,1007.05005
2018-05-03 00:00:00+00:00,31.579,23.52316,0.0,1005.3875
2018-05-04 00:00:00+00:00,31.181086,29.752005,0.0,1006.73755
2018-05-05 00:00:00+00:00,23.529,54.08858,0.0,1011.0376
2018-05-06 00:00:00+00:00,24.4915,59.56719,0.1,1009.67084
2018-05-07 00:00:00+00:00,22.972755,48.941196,0.0,1010.229
2018-05-08 00:00:00+00:00,23.516502,39.57781,0.0,1007.99585
2018-05-09 00:00:00+00:00,25.779,39.032825,0.0,1007.4251
2018-05-10 00:00:00+00:00,32.774834,17.340658,0.0,1002.95
2018-05-11 00:00:00+00:00,25.372751,48.618153,0.0,1008.6584
2018-05-12 00:00:00+00:00,23.47275,51.771072,0.0,1010.63336
2018-05-13 00:00:00+00:00,23.91442,49.076202,0.0,1011.9124
2018-05-14 00:00:00+00:00,23.579002,49.32605,0.0,1014.43335
2018-05-15 00:00:00+00:00,24.674833,50.287003,0.0,1015.03345
2018-05-16 00:00:00+00:00,25.458166,49.79204,0.0,1012.82513
2018-05-17 00:00:00+00:00,27.241503,47.838497,0.0,1010.4915
2018-05-18 00:00:00+00:00,29.162336,40.02351,0.0,1009.17084
2018-05-19 00:00:00+00:00,30.237333,30.8939,0.0,1009.77496
2018-05-20 00:00:00+00:00,30.858168,27.951797,0.0,1010.15405
2018-05-21 00:00:00+00:00,33.093582,20.058788,0.0,1010.9541
2018-05-22 00:00:00+00:00,36.818584,12.752597,0.0,1011.09155
2018-05-23 00:00:00+00:00,32.351917,24.35775,0.0,1014.12085
2018-05-24 00:00:00+00:00,32.118584,25.4885,0.0,1011.89996
2018-05-25 00:00:00+00:00,30.61442,30.93366,1.8000001,1008.3167
2018-05-26 00:00:00+00:00,27.645668,49.351208,0.0,1008.5959
2018-05-27 00:00:00+00:00,27.126915,49.477352,0.0,1010.0332
2018-05-28 00:00:00+00:00,27.339418,47.2287,0.0,1010.2957
2018-05-29 00:00:00+00:00,26.456083,51.057278,0.0,1010.0418
2018-05-30 00:00:00+00:00,26.885252,50.17334,0.0,1010.44995
2018-05-31 00:00:00+00:00,27.481087,45.46356,0.0,1010.3667
2018-06-01 00:00:00+00:00,26.81025,45.14249,0.0,1010.1668
2018-06-02 00:00:00+00:00,26.2165,48.01485,0.0,1010.9292
2018-06-03 00:00:00+00:00,26.893585,51.053753,0.0,1010.3042
2018-06-04 00:00:00+00:00,27.381083,45.130337,0.0,1008.6624
2018-06-05 00:00:00+00:00,27.608168,41.859726,0.0,1009.42914
2018-06-06 00:00:00+00:00,28.368584,42.176243,0.0,1012.34186
2018-06-07 00:00:00+00:00,29.389418,43.261383,0.0,1013.625
2018-06-08 00:00:00+00:00,30.67692,38.84464,0.0,1012.0625
2018-06-09 00:00:00+00:00,30.88942,39.66162,0.0,1010.42505
2018-06-10 00:00:00+00:00,31.649832,35.03858,0.0,1008.50006
2018-06-11 00:00:00+00:00,29.199835,42.101414,0.0,1007.49994
2018-06-12 00:00:00+00:00,27.916502,49.97276,0.3,1005.625
2018-06-13 00:00:00+00:00,29.422747,44.85023,0.0,1004.62067
2018-06-14 00:00:00+00:00,31.420668,26.556625,0.0,1005.84576
2018-06-15 00:00:00+00:00,34.493584,17.6643,0.0,1006.69995
2018-06-16 00:00:00+00:00,34.514416,19.810848,0.0,1007.8667
2018-06-17 00:00:00+00:00,30.7415,38.119373,0.0,1010.3084
2018-06-18 00:00:00+00:00,29.920664,40.99922,0.0,1008.8542
2018-06-19 00:00:00+00:00,30.666498,38.28394,0.0,1009.11255
2018-06-20 00:00:00+00:00,30.243584,44.45282,0.0,1013.2334
2018-06-21 00:00:00+00:00,31.443583,36.994884,0.0,1013.93335
2018-06-22 00:00:00+00:00,33.104,29.397736,0.0,1011.02496
2018-06-23 00:00:00+00:00,30.566498,42.633877,0.0,1011.4209
2018-06-24 00:00:00+00:00,29.676918,43.756855,0.0,1010.4792
2018-06-25 00:00:00+00:00,29.27275,47.536777,0.0,1009.7624
2018-06-26 00:00:00+00:00,30.04775,46.776615,0.0,1008.60425
2018-06-27 00:00:00+00:00,33.88109,27.740835,0.0,1006.3291
2018-06-28 00:00:00+00:00,29.539415,46.263172,0.0,1009.1125
2018-06-29 00:00:00+00:00,27.862333,46.89059,0.0,1008.82513
2018-06-30 00:00:00+00:00,28.106085,44.987827,0.0,1008.6751
2018-07-01 00:00:00+00:00,28.762337,45.785107,0.0,1009.74164
2018-07-02 00:00:00+00:00,29.083162,48.194576,0.0,1009.81256
2018-07-03 00:00:00+00:00,29.29567,48.653275,0.0,1008.9749
2018-07-04 00:00:00+00:00,30.849833,52.09387,0.0,1007.1582
2018-07-05 00:00:00+00:00,31.043581,49.32542,0.0,1005.7583
2018-07-06 00:00:00+00:00,30.94358,52.500355,0.0,1006.45
2018-07-07 00:00:00+00:00,30.872751,47.43659,0.0,1006.1292
2018-07-08 00:00:00+00:00,31.081083,44.22784,0.0,1006.7625
2018-07-09 00:00:00+00:00,31.645666,40.5706,0.0,1008.33307
2018-07-10 00:00:00+00:00,30.539415,47.30968,0.0,1009.37506
2018-07-11 00:00:00+00:00,29.212334,51.079723,0.2,1009.52905
2018-07-12 00:00:00+00:00,28.754,52.227528,0.0,1008.89996
2018-07-13 00:00:00+00:00,29.793581,52.979847,0.0,1006.5833
2018-07-14 00:00:00+00:00,30.072752,51.204388,0.0,1005.0166
2018-07-15 00:00:00+00:00,30.601913,53.74513,0.0,1004.0124
2018-07-16 00:00:00+00:00,30.587334,54.66395,0.0,1006.2791
2018-07-17 00:00:00+00:00,29.912333,53.752697,0.0,1007.0833
2018-07-18 00:00:00+00:00,31.06442,49.643677,0.0,1006.44165
2018-07-19 00:00:00+00:00,29.572752,54.705063,0.0,1006.9001
2018-07-20 00:00:00+00:00,30.183167,43.19695,0.0,1008.04156
2018-07-21 00:00:00+00:00,30.245667,39.79898,0.0,1008.27924
2018-07-22 00:00:00+00:00,30.739416,54.929367,0.3,1007.62085
2018-07-23 00:00:00+00:00,31.303999,50.8717,0.0,1006.65845
2018-07-24 00:00:00+00:00,33.849834,36.860672,0.0,1005.7
2018-07-25 00:00:00+00:00,33.03108,36.318874,0.0,1006.6042
2018-07-26 00:00:00+00:00,31.551912,42.97882,0.0,1009.31665
2018-07-27 00:00:00+00:00,31.154,44.379913,0.0,1010.54987
2018-07-28 00:00:00+00:00,29.718584,50.99812,0.0,1009.3125
2018-07-29 00:00:00+00:00,29.562332,51.468914,0.0,1007.61255
2018-07-30 00:00:00+00:00,30.272749,46.909367,0.0,1007.6624
2018-07-31 00:00:00+00:00,31.858164,42.26211,0.0,1008.19586
2018-08-01 00:00:00+00:00,31.99566,42.622967,0.0,1009.28754
2018-08-02 00:00:00+00:00,30.75192,51.8707,0.0,1009.0874
2018-08-03 00:00:00+00:00,31.191498,51.508907,0.0,1007.2666
2018-08-04 00:00:00+00:00,31.128998,51.087193,0.0,1007.6499
2018-08-05 00:00:00+00:00,31.399832,49.385296,0.0,1009.61237
2018-08-06 00:00:00+00:00,31.397749,49.166718,0.0,1010.6042
2018-08-07 00:00:00+00:00,30.139418,52.877186,0.0,1009.8542
2018-08-08 00:00:00+00:00,30.433168,48.98341,0.0,1008.9124
2018-08-09 00:00:00+00:00,30.81025,50.376373,0.0,1009.1165
2018-08-10 00:00:00+00:00,31.229004,49.79688,0.0,1009.31665
2018-08-11 00:00:00+00:00,30.810247,53.51677,0.0,1008.7417
2018-08-12 00:00:00+00:00,30.50608,54.33534,0.0,1010.0915
2018-08-13 00:00:00+00:00,30.439423,49.24295,0.0,1009.5041
2018-08-14 00:00:00+00:00,29.656082,47.0809,0.0,1008.24585
2018-08-15 00:00:00+00:00,29.489412,50.333023,0.0,1008.01245
2018-08-16 00:00:00+00:00,29.560247,50.586517,0.0,1009.24994
2018-08-17 00:00:00+00:00,29.962336,50.36841,0.0,1009.7832
2018-08-18 00:00:00+00:00,29.639418,54.640606,0.0,1008.37085
2018-08-19 00:00:00+00:00,29.545664,52.813877,0.0,1007.0583
2018-08-20 00:00:00+00:00,30.36025,50.837524,0.0,1007.1626
2018-08-21 00:00:00+00:00,31.07067,47.497486,0.0,1008.93756
2018-08-22 00:00:00+00:00,29.8665,55.433548,0.0,1009.9583
2018-08-23 00:00:00+00:00,30.156084,53.806316,0.0,1008.8752
2018-08-24 00:00:00+00:00,30.085245,52.96053,0.0,1008.70825
2018-08-25 00:00:00+00:00,30.537336,50.34822,0.0,1009.3416
2018-08-26 00:00:00+00:00,29.558167,53.45299,0.0,1009.3125
2018-08-27 00:00:00+00:00,29.422747,55.400112,0.1,1008.0417
2018-08-28 00:00:00+00:00,29.391502,50.215,0.0,1007.92926
2018-08-29 00:00:00+00:00,29.32692,50.751766,0.0,1007.6626
2018-08-30 00:00:00+00:00,29.47483,53.169514,0.0,1009.05817
2018-08-31 00:00:00+00:00,29.64775,53.49313,0.0,1010.05414
2018-09-01 00:00:00+00:00,29.893585,54.288452,0.0,1010.30414
2018-09-02 00:00:00+00:00,29.95192,59.10373,0.1,1009.3
2018-09-03 00:00:00+00:00,30.778997,56.013615,0.0,1007.12915
2018-09-04 00:00:00+00:00,30.77691,53.477203,0.0,1007.6208
2018-09-05 00:00:00+00:00,30.372751,51.63377,0.0,1009.07086
2018-09-06 00:00:00+00:00,29.393585,52.37529,0.0,1010.07086
2018-09-07 00:00:00+00:00,29.104004,49.897335,0.0,1011.05835
2018-09-08 00:00:00+00:00,29.070663,49.79713,0.0,1012.16254
2018-09-09 00:00:00+00:00,28.84567,53.35317,0.0,1011.5291
2018-09-10 00:00:00+00:00,28.810251,53.62032,0.0,1012.31665
2018-09-11 00:00:00+00:00,28.543585,51.457855,0.0,1012.90845
2018-09-12 00:00:00+00:00,28.756086,50.527924,0.0,1011.36664
2018-09-13 00:00:00+00:00,28.35192,44.470295,0.0,1012.4084
2018-09-14 00:00:00+00:00,28.614416,43.627613,0.0,1014.0708
2018-09-15 00:00:00+00:00,27.504004,51.946796,0.0,1013.93335
2018-09-16 00:00:00+00:00,27.789415,49.841995,0.0,1013.29987
2018-09-17 00:00:00+00:00,27.595667,51.228012,0.0,1011.175
2018-09-18 00:00:00+00:00,28.791498,48.81133,0.0,1010.8833
2018-09-19 00:00:00+00:00,28.808168,51.578293,0.0,1012.45825
2018-09-20 00:00:00+00:00,28.066504,52.918728,0.0,1012.6751
2018-09-21 00:00:00+00:00,27.418585,54.317657,0.0,1012.8667
2018-09-22 00:00:00+00:00,27.395668,55.78183,0.0,1013.76245
2018-09-23 00:00:00+00:00,27.249834,54.446438,0.0,1014.8918
2018-09-24 00:00:00+00:00,27.347754,54.58258,0.0,1013.575
2018-09-25 00:00:00+00:00,27.747751,56.256435,0.0,1012.64996
2018-09-26 00:00:00+00:00,27.116503,57.92503,0.0,1012.1709
2018-09-27 00:00:00+00:00,27.526918,55.164806,0.0,1013.2834
2018-09-28 00:00:00+00:00,29.764414,49.28641,0.0,1013.8249
2018-09-29 00:00:00+00:00,30.543587,42.90764,0.0,1012.3083
2018-09-30 00:00:00+00:00,29.066504,62.89552,0.2,1013.66254
2018-10-01 00:00:00+00:00,27.835257,66.431206,1.3,1014.0667
2018-10-02 00:00:00+00:00,28.0665,60.12721,0.0,1015.0667
2018-10-03 00:00:00+00:00,27.937338,59.371716,0.0,1015.62085
2018-10-04 00:00:00+00:00,26.949835,54.309444,0.0,1016.6584
2018-10-05 00:00:00+00:00,27.424835,57.959545,0.0,1016.5874
2018-10-06 00:00:00+00:00,26.645666,60.10259,0.0,1015.3584
2018-10-07 00:00:00+00:00,26.151917,52.624863,0.0,1013.79987
2018-10-08 00:00:00+00:00,25.154001,53.57176,0.0,1014.0042
2018-10-09 00:00:00+00:00,25.049837,52.662613,0.0,1014.09576
2018-10-10 00:00:00+00:00,24.687334,53.695347,0.0,1014.49176
2018-10-11 00:00:00+00:00,24.293585,55.43359,0.0,1014.7417
2018-10-12 00:00:00+00:00,24.264414,55.165905,0.0,1015.25
2018-10-13 00:00:00+00:00,24.233168,52.389927,0.0,1016.08746
2018-10-14 00:00:00+00:00,24.253998,52.186295,0.0,1015.8499
2018-10-15 00:00:00+00:00,24.404,53.838886,0.0,1016.12915
2018-10-16 00:00:00+00:00,24.126917,58.20902,0.0,1016.1834
2018-10-17 00:00:00+00:00,24.229002,55.40494,0.0,1014.0041
2018-10-18 00:00:00+00:00,24.033167,52.923676,0.0,1012.64996
2018-10-19 00:00:00+00:00,24.4415,58.27299,0.0,1013.2249
2018-10-20 00:00:00+00:00,25.547752,57.765182,0.0,1013.11664
2018-10-21 00:00:00+00:00,27.15817,39.97743,0.0,1011.35406
2018-10-22 00:00:00+00:00,27.662333,32.41754,0.0,1011.325
2018-10-23 00:00:00+00:00,26.3415,36.732758,0.0,1010.9917
2018-10-24 00:00:00+00:00,27.108164,35.35761,0.0,1008.45416
2018-10-25 00:00:00+00:00,24.55609,45.924282,0.3,1009.27515
2018-10-26 00:00:00+00:00,21.216497,46.759907,0.1,1018.12085
2018-10-27 00:00:00+00:00,20.93733,47.8967,0.0,1021.3625
2018-10-28 00:00:00+00:00,21.774834,47.696598,0.0,1019.4167
2018-10-29 00:00:00+00:00,22.162336,41.48067,0.0,1017.179
2018-10-30 00:00:00+00:00,23.231085,48.096436,0.0,1017.2126
2018-10-31 00:00:00+00:00,23.195665,53.624985,0.0,1017.7039
2018-11-01 00:00:00+00:00,23.416498,49.244076,0.0,1016.6833
2018-11-02 00:00:00+00:00,23.172752,37.34708,0.0,1014.89996
2018-11-03 00:00:00+00:00,22.783167,44.298527,0.0,1013.5249
2018-11-04 00:00:00+00:00,22.154,56.22981,0.0,1013.8042
2018-11-05 00:00:00+00:00,21.324837,56.22768,0.2,1014.78314
2018-11-06 00:00:00+00:00,21.37275,56.32094,0.0,1015.2082
2018-11-07 00:00:00+00:00,21.510248,58.3757,0.0,1016.05835
2018-11-08 00:00:00+00:00,20.812334,65.500755,0.2,1015.9792
2018-11-09 00:00:00+00:00,20.308168,68.961586,0.1,1013.5208
2018-11-10 00:00:00+00:00,20.176916,62.73222,0.0,1014.37085
2018-11-11 00:00:00+00:00,21.314419,48.0497,0.0,1017.36255
2018-11-12 00:00:00+00:00,20.826916,61.04291,0.0,1018.9373
2018-11-13 00:00:00+00:00,20.147753,55.800354,0.0,1015.39996
2018-11-14 00:00:00+00:00,18.512333,68.51358,0.3,1011.93335
2018-11-15 00:00:00+00:00,19.34358,61.08859,0.0,1014.28754
2018-11-16 00:00:00+00:00,19.012333,61.7821,0.0,1019.27094
2018-11-17 00:00:00+00:00,20.251917,53.98178,0.0,1020.19586
2018-11-18 00:00:00+00:00,21.101915,56.89417,0.0,1016.6418
2018-11-19 00:00:00+00:00,20.379,66.04597,0.0,1017.3584
2018-11-20 00:00:00+00:00,21.191502,58.92751,0.0,1020.07086
2018-11-21 00:00:00+00:00,21.620667,49.657185,0.0,1017.70013
2018-11-22 00:00:00+00:00,22.162333,48.175045,0.0,1014.2293
2018-11-23 00:00:00+00:00,18.506086,71.40004,0.4,1014.32495
2018-11-24 00:00:00+00:00,18.612333,69.083565,1.0,1017.37915
2018-11-25 00:00:00+00:00,19.060251,66.55095,0.3,1020.3459
2018-11-26 00:00:00+00:00,19.593584,60.836742,0.0,1018.11676
2018-11-27 00:00:00+00:00,20.545668,49.432957,0.2,1015.80835
2018-11-28 00:00:00+00:00,19.724836,52.261276,0.0,1014.71246
2018-11-29 00:00:00+00:00,19.426916,51.189648,0.0,1012.86664
2018-11-30 00:00:00+00:00,18.081087,44.822052,0.0,1014.0959
2018-12-01 00:00:00+00:00,16.881086,63.64529,0.1,1018.5667
2018-12-02 00:00:00+00:00,17.793585,62.7456,0.0,1016.6209
2018-12-03 00:00:00+00:00,17.143583,63.065342,0.0,1012.9832
2018-12-04 00:00:00+00:00,16.514418,45.05899,0.0,1012.7459
2018-12-05 00:00:00+00:00,14.529002,71.0976,5.4,1012.42084
2018-12-06 00:00:00+00:00,15.32275,73.5692,0.90000004,1012.71246
2018-12-07 00:00:00+00:00,14.9123335,65.06954,0.0,1015.88336
2018-12-08 00:00:00+00:00,15.156083,64.30347,0.0,1019.1416
2018-12-09 00:00:00+00:00,14.231084,61.037292,0.0,1020.7334
2018-12-10 00:00:00+00:00,15.712333,59.78186,0.0,1019.4624
2018-12-11 00:00:00+00:00,17.308167,54.26227,0.0,1019.31256
2018-12-12 00:00:00+00:00,16.947748,54.75562,0.0,1021.17084
2018-12-13 00:00:00+00:00,16.733168,59.745087,0.0,1023.6418
2018-12-14 00:00:00+00:00,16.560253,49.060867,0.0,1022.89575
2018-12-15 00:00:00+00:00,17.443583,50.24004,0.0,1018.41254
2018-12-16 00:00:00+00:00,16.283167,43.407955,0.0,1017.1123
2018-12-17 00:00:00+00:00,15.278999,56.8402,0.0,1019.87915
2018-12-18 00:00:00+00:00,15.529002,55.009525,0.0,1021.22925
2018-12-19 00:00:00+00:00,15.4852495,52.45548,0.0,1019.35406
2018-12-20 00:00:00+00:00,15.272751,62.328262,0.0,1023.021
2018-12-21 00:00:00+00:00,16.099834,60.7077,0.0,1025.4042
2018-12-22 00:00:00+00:00,15.414417,62.00285,0.0,1023.8625
2018-12-23 00:00:00+00:00,15.445664,60.32289,0.0,1023.3665
2018-12-24 00:00:00+00:00,16.972752,65.97519,0.0,1022.2874
2018-12-25 00:00:00+00:00,16.493586,62.863148,0.0,1019.55005
2018-12-26 00:00:00+00:00,16.38525,53.427994,0.0,1015.06244
2018-12-27 00:00:00+00:00,13.7664995,63.37048,0.8000001,1017.3333
2018-12-28 00:00:00+00:00,13.793583,65.48813,0.2,1020.33325
2018-12-29 00:00:00+00:00,14.651917,64.30196,0.1,1019.91675
2018-12-30 00:00:00+00:00,14.293584,65.52946,0.0,1021.46655
2018-12-31 00:00:00+00:00,14.572749,53.445797,0.0,1020.4834
2019-01-01 00:00:00+00:00,14.597751,44.652615,0.0,1017.56665
2019-01-02 00:00:00+00:00,13.731082,45.817783,0.0,1016.1084
2019-01-03 00:00:00+00:00,13.318584,54.64767,0.0,1021.59174
2019-01-04 00:00:00+00:00,13.324834,47.914825,0.0,1022.27515
2019-01-05 00:00:00+00:00,13.26025,43.276463,0.0,1018.5334
2019-01-06 00:00:00+00:00,11.274833,46.64947,0.0,1018.2083
2019-01-07 00:00:00+00:00,11.031083,51.938496,0.0,1020.09576
2019-01-08 00:00:00+00:00,11.641501,52.0396,0.0,1019.1416
2019-01-09 00:00:00+00:00,10.514417,55.000927,0.0,1022.77075
2019-01-10 00:00:00+00:00,11.695666,47.352642,0.0,1022.63745
2019-01-11 00:00:00+00:00,12.972751,51.72012,0.0,1019.8167
2019-01-12 00:00:00+00:00,14.622752,36.83655,0.0,1011.6873
2019-01-13 00:00:00+00:00,13.160251,46.72933,0.0,1011.69165
2019-01-14 00:00:00+00:00,13.135253,47.582134,0.5,1015.21246
2019-01-15 00:00:00+00:00,12.181083,36.51794,0.0,1014.82916
2019-01-16 00:00:00+00:00,11.3081665,46.966633,0.0,1015.9917
2019-01-17 00:00:00+00:00,11.5581665,59.329056,0.0,1023.1584
2019-01-18 00:00:00+00:00,13.487334,56.961224,0.0,1022.43335
2019-01-19 00:00:00+00:00,13.320668,62.923965,0.0,1020.95013
2019-01-20 00:00:00+00:00,14.020665,64.83111,0.0,1019.1125
2019-01-21 00:00:00+00:00,16.283169,47.26652,0.0,1016.4875
2019-01-22 00:00:00+00:00,13.864418,66.25843,0.0,1017.125
2019-01-23 00:00:00+00:00,15.564419,48.287033,0.0,1012.6292
2019-01-24 00:00:00+00:00,14.94775,32.90916,0.0,1011.9209
2019-01-25 00:00:00+00:00,15.522751,33.831738,0.0,1013.18756
2019-01-26 00:00:00+00:00,16.339418,31.478716,0.0,1010.58325
2019-01-27 00:00:00+00:00,12.51442,37.845383,0.0,1013.68744
2019-01-28 00:00:00+00:00,13.060248,44.37511,0.0,1016.85004
2019-01-29 00:00:00+00:00,14.526917,37.536716,0.0,1016.8626
2019-01-30 00:00:00+00:00,13.824833,34.288517,0.0,1015.7209
2019-01-31 00:00:00+00:00,14.093585,31.88611,0.0,1020.304
2019-02-01 00:00:00+00:00,15.685249,29.287909,0.0,1021.14166
2019-02-02 00:00:00+00:00,14.981086,46.684723,0.0,1020.6751
2019-02-03 00:00:00+00:00,15.226917,59.0873,0.0,1018.1875
2019-02-04 00:00:00+00:00,18.589418,42.730732,0.0,1014.8625
2019-02-05 00:00:00+00:00,21.516502,40.75888,0.0,1012.48737
2019-02-06 00:00:00+00:00,12.533166,63.67918,5.3999996,1016.3626
2019-02-07 00:00:00+00:00,12.851916,64.183846,0.0,1013.8376
2019-02-08 00:00:00+00:00,13.551918,62.333714,0.0,1016.1624
2019-02-09 00:00:00+00:00,13.851916,68.26404,0.0,1019.85406
2019-02-10 00:00:00+00:00,13.756084,64.71629,0.0,1021.44586
2019-02-11 00:00:00+00:00,13.591499,65.40331,0.0,1023.01263
2019-02-12 00:00:00+00:00,14.731084,52.834255,0.0,1019.7708
2019-02-13 00:00:00+00:00,14.847751,52.155537,0.0,1014.4333
2019-02-14 00:00:00+00:00,12.629001,47.451168,0.70000005,1014.1917
2019-02-15 00:00:00+00:00,12.19775,66.43107,1.6,1015.125
2019-02-16 00:00:00+00:00,12.722751,60.550537,0.0,1021.34155
2019-02-17 00:00:00+00:00,13.456084,48.371704,0.1,1021.36255
2019-02-18 00:00:00+00:00,12.5998335,53.55019,0.1,1020.9666
2019-02-19 00:00:00+00:00,14.285252,58.579754,0.0,1023.11664
2019-02-20 00:00:00+00:00,14.820667,56.542126,0.1,1022.07495
2019-02-21 00:00:00+00:00,14.781082,53.157413,0.1,1020.82916
2019-02-22 00:00:00+00:00,14.845668,57.633793,0.0,1018.5334
2019-02-23 00:00:00+00:00,15.131082,49.151676,0.0,1018.03345
2019-02-24 00:00:00+00:00,16.92275,37.289783,0.0,1016.52496
2019-02-25 00:00:00+00:00,20.983168,26.282248,0.0,1011.7207
2019-02-26 00:00:00+00:00,15.951917,44.38293,0.0,1014.3208
2019-02-27 00:00:00+00:00,15.454002,59.227932,0.0,1013.3833
2019-02-28 00:00:00+00:00,13.879001,52.403507,0.70000005,1015.3333
2019-03-01 00:00:00+00:00,14.0894165,48.844913,0.4,1018.42096
2019-03-02 00:00:00+00:00,14.843582,41.35168,0.0,1016.8083
2019-03-03 00:00:00+00:00,15.654,41.50867,0.0,1015.3125
2019-03-04 00:00:00+00:00,15.951919,59.286373,0.1,1016.67096
2019-03-05 00:00:00+00:00,13.720666,75.0646,2.9,1018.9207
2019-03-06 00:00:00+00:00,14.064418,70.968765,0.0,1023.9668
2019-03-07 00:00:00+00:00,15.472751,64.80193,0.0,1023.77075
2019-03-08 00:00:00+00:00,16.035252,61.97189,0.0,1023.9832
2019-03-09 00:00:00+00:00,16.404001,58.34425,0.0,1024.4625
2019-03-10 00:00:00+00:00,17.245668,56.337864,0.0,1023.1833
2019-03-11 00:00:00+00:00,17.568583,55.31638,0.0,1021.05
2019-03-12 00:00:00+00:00,18.724833,40.348034,0.0,1014.7126
2019-03-13 00:00:00+00:00,17.00817,33.011127,0.0,1010.1292
2019-03-14 00:00:00+00:00,15.949836,59.358944,0.4,1014.89996
2019-03-15 00:00:00+00:00,17.022753,47.02859,0.0,1014.56244
2019-03-16 00:00:00+00:00,15.110252,54.624256,0.6,1016.8833
2019-03-17 00:00:00+00:00,16.53525,50.037647,0.0,1021.1875
2019-03-18 00:00:00+00:00,18.118584,50.752735,0.0,1019.61255
2019-03-19 00:00:00+00:00,18.158167,60.541977,0.0,1016.5249
2019-03-20 00:00:00+00:00,18.460249,62.92389,0.0,1015.7668
2019-03-21 00:00:00+00:00,19.414415,58.497066,0.0,1015.92914
2019-03-22 00:00:00+00:00,20.006083,45.95909,0.0,1015.70825
2019-03-23 00:00:00+00:00,20.483168,42.14512,0.0,1009.4458
2019-03-24 00:00:00+00:00,18.166498,58.47902,0.0,1006.24164
2019-03-25 00:00:00+00:00,16.029,49.909607,1.2,1008.8042
2019-03-26 00:00:00+00:00,16.824835,48.29684,0.0,1014.5083
2019-03-27 00:00:00+00:00,18.512333,45.567856,0.0,1019.7583
2019-03-28 00:00:00+00:00,20.33525,36.05704,0.0,1018.1458
2019-03-29 00:00:00+00:00,22.487335,26.529787,0.3,1008.92914
2019-03-30 00:00:00+00:00,15.629002,62.45697,2.6000001,1008.4626
2019-03-31 00:00:00+00:00,14.635251,55.231434,0.6,1010.5666
2019-04-01 00:00:00+00:00,15.562335,53.49979,0.0,1012.5625
2019-04-02 00:00:00+00:00,16.931084,48.31603,0.0,1012.94165
2019-04-03 00:00:00+00:00,19.076918,45.87077,0.1,1010.89166
2019-04-04 00:00:00+00:00,18.216501,60.952946,0.0,1012.9751
2019-04-05 00:00:00+00:00,18.976917,52.314816,0.0,1014.04584
2019-04-06 00:00:00+00:00,22.118582,36.21209,0.2,1010.3083
2019-04-07 00:00:00+00:00,24.793581,38.063454,0.0,1008.8958
2019-04-08 00:00:00+00:00,22.899834,42.1718,0.0,1008.8625
2019-04-09 00:00:00+00:00,20.897749,41.57946,0.0,1011.10834
2019-04-10 00:00:00+00:00,19.97275,38.438946,0.0,1014.6709
2019-04-11 00:00:00+00:00,20.320665,38.920444,0.0,1015.85004
2019-04-12 00:00:00+00:00,19.818584,52.719402,0.0,1014.05414
2019-04-13 00:00:00+00:00,25.691504,25.99779,0.0,1008.5208
2019-04-14 00:00:00+00:00,22.32692,39.894245,0.0,1013.4749
2019-04-15 00:00:00+00:00,17.131084,73.47021,8.000001,1015.5957
2019-04-16 00:00:00+00:00,18.449831,62.68695,0.0,1013.1707
2019-04-17 00:00:00+00:00,17.599834,58.190655,0.0,1015.6873
2019-04-18 00:00:00+00:00,17.916502,49.88739,0.0,1017.22095
2019-04-19 00:00:00+00:00,18.370672,48.016483,0.0,1017.80414
2019-04-20 00:00:00+00:00,17.445667,49.873104,0.0,1018.05
2019-04-21 00:00:00+00:00,16.881083,44.15665,0.0,1018.33325
2019-04-22 00:00:00+00:00,17.72275,43.72415,0.0,1018.9917
2019-04-23 00:00:00+00:00,18.945665,43.97435,0.0,1021.55
2019-04-24 00:00:00+00:00,20.718586,48.1198,0.0,1021.42914
2019-04-25 00:00:00+00:00,22.979002,37.86739,0.0,1019.21246
2019-04-26 00:00:00+00:00,23.870668,38.118538,0.0,1015.73334
2019-04-27 00:00:00+00:00,25.201918,32.74414,0.0,1013.3208
2019-04-28 00:00:00+00:00,27.289415,23.037874,0.0,1011.7417
2019-04-29 00:00:00+00:00,26.518583,41.931953,0.0,1012.8708
2019-04-30 00:00:00+00:00,26.381083,37.272533,0.0,1013.47095
2019-05-01 00:00:00+00:00,30.618582,24.062958,0.0,1009.13336
2019-05-02 00:00:00+00:00,27.747751,34.8613,0.0,1010.5042
2019-05-03 00:00:00+00:00,23.289415,42.50861,0.0,1013.6792
2019-05-04 00:00:00+00:00,22.060251,43.765224,0.0,1014.0374
2019-05-05 00:00:00+00:00,27.05192,27.074905,0.0,1010.77924
2019-05-06 00:00:00+00:00,27.241499,28.762497,0.0,1011.44183
2019-05-07 00:00:00+00:00,22.685251,46.002834,0.0,1016.0
2019-05-08 00:00:00+00:00,21.54775,46.0547,0.0,1014.8083
2019-05-09 00:00:00+00:00,20.41025,47.125732,0.0,1014.3542
2019-05-10 00:00:00+00:00,21.808167,40.89214,0.0,1014.59174
2019-05-11 00:00:00+00:00,25.974836,28.762238,0.0,1012.61676
2019-05-12 00:00:00+00:00,29.71025,18.658932,0.0,1010.5083
2019-05-13 00:00:00+00:00,29.779001,18.891768,0.0,1009.98334
2019-05-14 00:00:00+00:00,30.460249,15.7604475,0.0,1009.32916
2019-05-15 00:00:00+00:00,30.8165,17.032532,0.0,1007.4626
2019-05-16 00:00:00+00:00,33.099834,15.100091,0.0,1005.43335
2019-05-17 00:00:00+00:00,26.010254,37.055653,0.0,1009.56665
2019-05-18 00:00:00+00:00,28.108168,24.465769,0.0,1010.3084
2019-05-19 00:00:00+00:00,25.260252,45.121826,0.0,1012.1582
2019-05-20 00:00:00+00:00,27.699835,34.792294,0.0,1013.74164
2019-05-21 00:00:00+00:00,30.945665,25.078997,0.0,1013.9167
2019-05-22 00:00:00+00:00,35.289413,13.537761,0.0,1012.2791
2019-05-23 00:00:00+00:00,37.38109,9.430376,0.0,1008.81244
2019-05-24 00:00:00+00:00,32.343586,25.623442,0.0,1009.3625
2019-05-25 00:00:00+00:00,27.379,41.826187,0.0,1014.15424
2019-05-26 00:00:00+00:00,26.153997,45.448273,0.0,1013.6042
2019-05-27 00:00:00+00:00,26.9915,44.56843,0.0,1011.7292
2019-05-28 00:00:00+00:00,27.964417,44.168854,0.0,1011.36255
2019-05-29 00:00:00+00:00,29.693586,35.69618,0.0,1011.5959
2019-05-30 00:00:00+00:00,30.22275,33.983322,0.0,1011.696
2019-05-31 00:00:00+00:00,30.406082,34.56009,0.0,1011.10004
2019-06-01 00:00:00+00:00,30.097748,36.839787,0.0,1011.6667
2019-06-02 00:00:00+00:00,30.129004,36.84215,0.0,1013.10004
2019-06-03 00:00:00+00:00,30.558167,40.748642,0.0,1013.02496
2019-06-04 00:00:00+00:00,29.585249,40.08314,0.0,1011.8
2019-06-05 00:00:00+00:00,29.254004,43.485535,0.0,1011.32086
2019-06-06 00:00:00+00:00,29.179,43.853836,0.0,1012.54175
2019-06-07 00:00:00+00:00,27.874834,43.704937,0.0,1013.2043
2019-06-08 00:00:00+00:00,27.137335,50.2001,0.0,1012.01245
2019-06-09 00:00:00+00:00,27.979002,45.856003,0.0,1009.50824
2019-06-10 00:00:00+00:00,29.82067,41.04771,0.0,1007.46674
2019-06-11 00:00:00+00:00,31.110252,37.996754,0.0,1009.0876
2019-06-12 00:00:00+00:00,28.7415,47.243847,0.0,1011.9541
2019-06-13 00:00:00+00:00,28.545668,44.39563,0.0,1011.2542
2019-06-14 00:00:00+00:00,28.23942,51.60445,0.6,1008.92084
2019-06-15 00:00:00+00:00,29.193586,48.95444,0.0,1007.60406
2019-06-16 00:00:00+00:00,29.23525,45.224644,0.0,1008.4458
2019-06-17 00:00:00+00:00,29.426916,47.95679,0.0,1010.14996
2019-06-18 00:00:00+00:00,31.279001,38.979374,0.0,1011.42065
2019-06-19 00:00:00+00:00,32.78317,30.442543,0.0,1009.9583
2019-06-20 00:00:00+00:00,31.410248,35.912273,0.0,1008.98334
2019-06-21 00:00:00+00:00,29.91858,42.879383,0.0,1009.93756
2019-06-22 00:00:00+00:00,29.845663,47.005314,0.0,1010.0667
2019-06-23 00:00:00+00:00,30.214418,48.836918,0.0,1009.47925
2019-06-24 00:00:00+00:00,30.849836,45.03303,0.0,1009.2209
2019-06-25 00:00:00+00:00,32.68942,37.692802,0.0,1008.96246
2019-06-26 00:00:00+00:00,32.987335,36.938824,0.0,1009.19165
2019-06-27 00:00:00+00:00,33.812332,32.70869,0.0,1007.85406
2019-06-28 00:00:00+00:00,31.358168,44.20669,0.0,1006.0874
2019-06-29 00:00:00+00:00,30.74775,46.525803,0.0,1005.9292
2019-06-30 00:00:00+00:00,30.856087,47.243793,0.0,1006.71246
2019-07-01 00:00:00+00:00,30.87483,51.07083,0.0,1008.09576
2019-07-02 00:00:00+00:00,31.595665,39.96382,0.0,1008.9959
2019-07-03 00:00:00+00:00,31.508165,37.72789,0.0,1009.88745
2019-07-04 00:00:00+00:00,30.616499,38.77541,0.0,1009.9126
2019-07-05 00:00:00+00:00,30.168581,42.60203,0.0,1007.55835
2019-07-06 00:00:00+00:00,31.239418,48.835114,0.0,1005.75836
2019-07-07 00:00:00+00:00,30.90608,41.544052,0.0,1006.94586
2019-07-08 00:00:00+00:00,30.579,42.410137,0.0,1008.93317
2019-07-09 00:00:00+00:00,31.643583,38.34342,0.0,1008.8582
2019-07-10 00:00:00+00:00,31.9415,44.349518,0.0,1005.60406
2019-07-11 00:00:00+00:00,33.060246,43.047398,0.0,1005.2708
2019-07-12 00:00:00+00:00,33.499832,36.552067,0.0,1008.06683
2019-07-13 00:00:00+00:00,30.364418,43.12704,0.0,1009.1375
2019-07-14 00:00:00+00:00,30.451918,40.27242,0.0,1007.4209
2019-07-15 00:00:00+00:00,31.039415,44.846573,0.0,1007.3291
2019-07-16 00:00:00+00:00,33.7915,31.733673,0.0,1006.2834
2019-07-17 00:00:00+00:00,35.720665,29.089293,0.0,1004.1584
2019-07-18 00:00:00+00:00,31.714417,41.423893,0.0,1007.9583
2019-07-19 00:00:00+00:00,30.831083,44.852596,0.0,1010.67926
2019-07-20 00:00:00+00:00,29.943583,44.240063,0.0,1011.24585
2019-07-21 00:00:00+00:00,29.270666,50.997417,0.0,1010.0918
2019-07-22 00:00:00+00:00,30.810247,46.72569,0.0,1007.6333
2019-07-23 00:00:00+00:00,31.249832,46.72437,0.0,1006.0415
2019-07-24 00:00:00+00:00,30.995665,44.035236,0.0,1006.6458
2019-07-25 00:00:00+00:00,31.260246,43.10623,0.0,1008.11664
2019-07-26 00:00:00+00:00,30.718582,49.34242,0.0,1007.3
2019-07-27 00:00:00+00:00,30.154001,48.071213,0.0,1004.7334
2019-07-28 00:00:00+00:00,29.77275,43.522404,0.0,1004.96674
2019-07-29 00:00:00+00:00,31.412333,39.72449,0.0,1005.9626
2019-07-30 00:00:00+00:00,32.88525,37.744453,0.0,1005.45416
2019-07-31 00:00:00+00:00,31.574835,47.764694,0.0,1005.14154
2019-08-01 00:00:00+00:00,31.599833,46.98654,0.0,1006.4876
2019-08-02 00:00:00+00:00,31.874834,43.630844,0.0,1008.08746
2019-08-03 00:00:00+00:00,31.964417,42.863983,0.0,1006.4626
2019-08-04 00:00:00+00:00,32.545666,45.950836,0.0,1006.1416
2019-08-05 00:00:00+00:00,31.3915,48.94609,0.0,1006.34564
2019-08-06 00:00:00+00:00,29.8915,48.07782,0.0,1007.9624
2019-08-07 00:00:00+00:00,29.681082,46.57635,0.0,1008.55414
2019-08-08 00:00:00+00:00,31.060244,47.53594,0.0,1007.9458
2019-08-09 00:00:00+00:00,31.460249,41.20769,0.0,1007.74164
2019-08-10 00:00:00+00:00,31.949835,28.271612,0.0,1006.5999
2019-08-11 00:00:00+00:00,31.901917,29.491554,0.0,1006.01245
2019-08-12 00:00:00+00:00,32.2665,31.175415,0.0,1005.479
2019-08-13 00:00:00+00:00,31.731085,40.988255,0.0,1006.24585
2019-08-14 00:00:00+00:00,32.891502,33.777912,0.0,1007.19995
2019-08-15 00:00:00+00:00,35.008167,25.451141,0.0,1006.7959
2019-08-16 00:00:00+00:00,32.785248,44.348972,0.0,1008.16675
2019-08-17 00:00:00+00:00,30.970667,48.52306,0.0,1008.92096
2019-08-18 00:00:00+00:00,29.972754,50.51561,0.0,1008.30396
2019-08-19 00:00:00+00:00,28.729002,47.57417,0.0,1009.79584
2019-08-20 00:00:00+00:00,30.18733,48.174847,0.0,1011.17914
2019-08-21 00:00:00+00:00,30.35192,47.816944,0.0,1011.0667
2019-08-22 00:00:00+00:00,30.362333,45.238697,0.0,1009.5667
2019-08-23 00:00:00+00:00,30.426918,45.038616,0.0,1008.50836
2019-08-24 00:00:00+00:00,31.151918,44.96658,0.0,1009.22504
2019-08-25 00:00:00+00:00,31.672747,45.106415,0.0,1009.57916
2019-08-26 00:00:00+00:00,31.481085,45.145355,0.0,1009.77075
2019-08-27 00:00:00+00:00,31.124838,49.212692,0.0,1009.88336
2019-08-28 00:00:00+00:00,31.212332,50.94695,0.0,1009.72504
2019-08-29 00:00:00+00:00,30.922754,50.021133,0.0,1010.0999
2019-08-30 00:00:00+00:00,30.689415,48.256348,0.0,1009.57086
2019-08-31 00:00:00+00:00,30.151917,49.492878,0.0,1007.61255
2019-09-01 00:00:00+00:00,30.537333,48.402676,0.0,1007.2249
2019-09-02 00:00:00+00:00,29.762331,50.93083,0.0,1009.18335
2019-09-03 00:00:00+00:00,29.104002,48.339848,0.0,1009.5291
2019-09-04 00:00:00+00:00,29.649836,46.134064,0.0,1008.28754
2019-09-05 00:00:00+00:00,30.322752,42.81981,0.0,1008.3542
2019-09-06 00:00:00+00:00,31.6415,42.066154,0.0,1009.89996
2019-09-07 00:00:00+00:00,29.701918,51.063168,0.0,1010.9041
2019-09-08 00:00:00+00:00,29.074837,51.69519,0.0,1010.61664
2019-09-09 00:00:00+00:00,28.843588,50.353542,0.0,1009.9792
2019-09-10 00:00:00+00:00,28.876915,50.627094,0.0,1010.0999
2019-09-11 00:00:00+00:00,28.431084,51.410984,0.0,1012.79584
2019-09-12 00:00:00+00:00,28.53525,53.092075,0.0,1013.3084
2019-09-13 00:00:00+00:00,28.351921,55.00488,0.0,1010.65424
2019-09-14 00:00:00+00:00,27.793581,48.59286,0.0,1009.42096
2019-09-15 00:00:00+00:00,28.410254,50.72177,0.1,1010.56665
2019-09-16 00:00:00+00:00,28.68316,52.001556,0.0,1011.89154
2019-09-17 00:00:00+00:00,28.564417,53.27306,0.0,1012.94586
2019-09-18 00:00:00+00:00,28.091497,52.447926,0.0,1013.1709
2019-09-19 00:00:00+00:00,28.320663,58.98614,0.0,1012.82086
2019-09-20 00:00:00+00:00,27.939417,51.60075,0.0,1012.6541
2019-09-21 00:00:00+00:00,27.626917,54.39506,0.0,1012.44183
2019-09-22 00:00:00+00:00,27.818583,55.604404,0.0,1012.94183
2019-09-23 00:00:00+00:00,27.458166,57.717957,0.0,1013.64575
2019-09-24 00:00:00+00:00,26.931086,53.53508,0.0,1012.8958
2019-09-25 00:00:00+00:00,27.16858,47.996204,0.0,1011.9958
2019-09-26 00:00:00+00:00,29.687332,40.952274,0.0,1011.84174
2019-09-27 00:00:00+00:00,28.212334,57.926285,0.0,1012.22906
2019-09-28 00:00:00+00:00,27.739418,57.70271,0.0,1012.94586
2019-09-29 00:00:00+00:00,27.664415,52.961456,0.0,1012.42914
2019-09-30 00:00:00+00:00,26.649836,53.989414,0.0,1011.6709
2019-10-01 00:00:00+00:00,26.02067,56.051296,0.0,1011.3333
2019-10-02 00:00:00+00:00,26.887337,52.105164,0.0,1012.55005
2019-10-03 00:00:00+00:00,29.014418,39.63412,0.0,1012.77075
2019-10-04 00:00:00+00:00,29.57067,33.28065,0.0,1012.07904
2019-10-05 00:00:00+00:00,28.856085,35.726116,0.0,1010.96246
2019-10-06 00:00:00+00:00,27.395668,52.283264,0.0,1011.76654
2019-10-07 00:00:00+00:00,26.22692,50.052658,0.0,1011.5042
2019-10-08 00:00:00+00:00,27.851913,49.412342,0.0,1013.67914
2019-10-09 00:00:00+00:00,27.151918,53.247208,0.0,1016.48737
2019-10-10 00:00:00+00:00,26.362333,57.69402,0.0,1015.31665
2019-10-11 00:00:00+00:00,26.97692,55.804688,0.0,1014.30835
2019-10-12 00:00:00+00:00,27.449835,55.107147,0.0,1014.2041
2019-10-13 00:00:00+00:00,27.674835,57.276764,0.0,1014.1916
2019-10-14 00:00:00+00:00,27.356085,58.301228,0.0,1014.18744
2019-10-15 00:00:00+00:00,27.333168,62.17365,0.0,1013.73737
2019-10-16 00:00:00+00:00,27.254004,57.71709,0.0,1014.9333
2019-10-17 00:00:00+00:00,26.135252,57.514267,0.0,1016.59576
2019-10-18 00:00:00+00:00,25.745672,60.13649,0.0,1016.4792
2019-10-19 00:00:00+00:00,27.218582,51.151028,0.0,1016.1792
2019-10-20 00:00:00+00:00,28.587334,34.03668,0.0,1015.69183
2019-10-21 00:00:00+00:00,27.56442,44.644024,0.0,1012.82074
2019-10-22 00:00:00+00:00,24.53942,65.522095,0.8,1010.87085
2019-10-23 00:00:00+00:00,20.199835,84.71368,9.7,1011.85834
2019-10-24 00:00:00+00:00,21.112333,77.01086,0.2,1011.9417
2019-10-25 00:00:00+00:00,21.145668,80.2557,2.1000001,1010.8667
2019-10-26 00:00:00+00:00,21.851915,79.83958,2.3000002,1012.45013
2019-10-27 00:00:00+00:00,21.799835,77.03687,0.6,1013.78326
2019-10-28 00:00:00+00:00,21.324835,71.17373,0.0,1013.03754
2019-10-29 00:00:00+00:00,21.581087,68.816895,0.0,1014.9749
2019-10-30 00:00:00+00:00,21.858164,71.09598,0.0,1017.13763
2019-10-31 00:00:00+00:00,21.756083,65.381935,0.0,1016.7876
2019-11-01 00:00:00+00:00,21.824835,59.471203,0.0,1015.2209
2019-11-02 00:00:00+00:00,24.656084,37.467236,0.0,1014.1042
2019-11-03 00:00:00+00:00,24.362335,45.07829,0.0,1015.3708
2019-11-04 00:00:00+00:00,24.187332,48.095104,0.0,1016.7083
2019-11-05 00:00:00+00:00,23.056086,64.81235,0.0,1015.4292
2019-11-06 00:00:00+00:00,23.637337,67.917534,0.0,1013.73737
2019-11-07 00:00:00+00:00,24.283167,62.459824,0.0,1011.94165
2019-11-08 00:00:00+00:00,23.924835,59.10901,0.0,1013.69165
2019-11-09 00:00:00+00:00,23.783165,61.78345,0.0,1015.4876
2019-11-10 00:00:00+00:00,23.693586,65.979195,0.0,1014.5667
2019-11-11 00:00:00+00:00,24.38942,62.268524,0.0,1013.021
2019-11-12 00:00:00+00:00,25.787338,39.55863,0.0,1011.69586
2019-11-13 00:00:00+00:00,25.570665,36.4163,0.0,1010.0667
2019-11-14 00:00:00+00:00,25.38942,40.190655,0.0,1011.3833
2019-11-15 00:00:00+00:00,21.933168,61.150494,0.0,1016.93335
2019-11-16 00:00:00+00:00,21.362333,61.113804,0.0,1015.3418
2019-11-17 00:00:00+00:00,21.526918,59.002014,0.0,1013.79156
2019-11-18 00:00:00+00:00,21.941504,36.28226,0.0,1014.84595
2019-11-19 00:00:00+00:00,19.051918,27.230295,0.0,1017.3376
2019-11-20 00:00:00+00:00,17.949835,35.449966,0.0,1017.3709
2019-11-21 00:00:00+00:00,18.904,32.572014,0.0,1015.8166
2019-11-22 00:00:00+00:00,19.787333,37.697292,0.1,1016.1125
2019-11-23 00:00:00+00:00,19.349833,52.886353,0.0,1017.55426
2019-11-24 00:00:00+00:00,20.129004,50.148495,0.0,1016.49585
2019-11-25 00:00:00+00:00,22.666502,35.199966,0.0,1011.6333
2019-11-26 00:00:00+00:00,21.789413,32.13245,0.0,1012.3083
2019-11-27 00:00:00+00:00,18.512331,32.033928,0.0,1015.29156
2019-11-28 00:00:00+00:00,19.472752,54.224903,0.0,1018.2751
2019-11-29 00:00:00+00:00,19.818586,62.238235,0.0,1019.5374
2019-11-30 00:00:00+00:00,19.395666,66.05817,0.0,1017.94165
2019-12-01 00:00:00+00:00,19.249834,67.94859,0.1,1016.8791
2019-12-02 00:00:00+00:00,18.843584,57.28426,0.0,1018.9377
2019-12-03 00:00:00+00:00,17.564417,55.847782,0.0,1019.54175
2019-12-04 00:00:00+00:00,18.145668,56.2184,0.0,1018.83746
2019-12-05 00:00:00+00:00,18.833166,61.269108,0.0,1019.60406
2019-12-06 00:00:00+00:00,18.354,66.24499,0.0,1020.7583
2019-12-07 00:00:00+00:00,18.404001,51.838345,0.0,1019.67914
2019-12-08 00:00:00+00:00,17.720669,60.998028,0.2,1017.5457
2019-12-09 00:00:00+00:00,18.343584,65.3489,0.4,1015.51245
2019-12-10 00:00:00+00:00,18.924833,53.42871,0.0,1013.38745
2019-12-11 00:00:00+00:00,16.906084,54.370625,0.0,1013.43335
2019-12-12 00:00:00+00:00,14.895667,60.045643,4.2,1012.0417
2019-12-13 00:00:00+00:00,15.056084,60.284367,0.0,1015.40826
2019-12-14 00:00:00+00:00,14.679,43.208225,0.0,1015.0208
2019-12-15 00:00:00+00:00,14.795667,54.091537,1.4000001,1014.57904
2019-12-16 00:00:00+00:00,15.024834,67.662315,0.0,1022.2832
2019-12-17 00:00:00+00:00,15.960251,68.96194,0.0,1025.3751
2019-12-18 00:00:00+00:00,16.497751,68.24712,0.0,1026.8876
2019-12-19 00:00:00+00:00,16.341501,62.057404,0.0,1025.6792
2019-12-20 00:00:00+00:00,14.801915,58.177044,0.0,1022.3918
2019-12-21 00:00:00+00:00,14.904,67.38184,0.0,1021.5501
2019-12-22 00:00:00+00:00,15.687337,66.42914,0.0,1019.54584
2019-12-23 00:00:00+00:00,14.791499,59.920284,0.0,1015.12915
2019-12-24 00:00:00+00:00,15.524837,47.404495,0.0,1012.69586
2019-12-25 00:00:00+00:00,15.26025,48.162506,0.0,1013.8916
2019-12-26 00:00:00+00:00,16.326916,51.80539,0.4,1013.9959
2019-12-27 00:00:00+00:00,14.612335,53.402786,0.0,1017.0833
2019-12-28 00:00:00+00:00,13.989417,53.292892,0.0,1017.0876
2019-12-29 00:00:00+00:00,14.901919,47.41684,0.0,1014.6916
2019-12-30 00:00:00+00:00,13.6665,46.881927,0.0,1017.5583
2019-12-31 00:00:00+00:00,12.9852495,58.5043,0.0,1021.7166
2020-01-01 00:00:00+00:00,14.001918,65.538284,0.0,1018.05
2020-01-02 00:00:00+00:00,12.347749,50.120483,0.0,1017.4668
2020-01-03 00:00:00+00:00,11.983167,56.63299,0.0,1019.196
2020-01-04 00:00:00+00:00,12.3185835,62.031723,0.1,1019.14166
2020-01-05 00:00:00+00:00,12.333168,52.80679,0.0,1018.62897
2020-01-06 00:00:00+00:00,13.410252,50.02261,0.0,1015.3752
2020-01-07 00:00:00+00:00,12.7248335,51.072567,0.1,1016.3918
2020-01-08 00:00:00+00:00,12.231083,57.814854,0.0,1018.10834
2020-01-09 00:00:00+00:00,11.8810835,67.06161,3.5,1017.14996
2020-01-10 00:00:00+00:00,12.439416,69.77436,1.3000001,1019.2668
2020-01-11 00:00:00+00:00,13.064418,67.83925,0.0,1024.4999
2020-01-12 00:00:00+00:00,13.695667,60.06869,0.1,1024.4834
2020-01-13 00:00:00+00:00,13.829002,61.42061,0.0,1023.6875
2020-01-14 00:00:00+00:00,15.437335,64.03457,0.1,1022.6792
2020-01-15 00:00:00+00:00,17.47275,58.831974,0.0,1017.50854
2020-01-16 00:00:00+00:00,15.483165,51.841644,0.0,1013.4792
2020-01-17 00:00:00+00:00,14.458167,71.85049,3.7999997,1015.63745
2020-01-18 00:00:00+00:00,13.622753,74.093155,1.8000001,1018.63336
2020-01-19 00:00:00+00:00,12.951917,70.434166,0.1,1021.20416
2020-01-20 00:00:00+00:00,13.774835,62.497974,0.1,1025.6417
2020-01-21 00:00:00+00:00,13.456082,52.84831,0.1,1024.5874
2020-01-22 00:00:00+00:00,12.891501,54.241886,0.0,1023.7708
2020-01-23 00:00:00+00:00,13.383168,55.029514,0.1,1023.3249
2020-01-24 00:00:00+00:00,13.6165,55.329315,0.0,1023.90826
2020-01-25 00:00:00+00:00,12.168582,49.056202,0.0,1029.2999
2020-01-26 00:00:00+00:00,13.012334,53.579742,0.0,1028.3
2020-01-27 00:00:00+00:00,13.749835,52.396103,0.0,1022.7708
2020-01-28 00:00:00+00:00,13.972752,60.055023,0.0,1019.7876
2020-01-29 00:00:00+00:00,15.001918,64.44491,0.0,1022.41675
2020-01-30 00:00:00+00:00,14.833168,51.733856,0.0,1021.69586
2020-01-31 00:00:00+00:00,14.249835,50.700012,0.2,1021.1043
2020-02-01 00:00:00+00:00,14.462333,57.42333,0.0,1022.4001
2020-02-02 00:00:00+00:00,14.4956665,59.332123,0.0,1022.73346
2020-02-03 00:00:00+00:00,14.972749,64.86347,0.0,1021.6875
2020-02-04 00:00:00+00:00,16.037336,62.00035,0.0,1019.12915
2020-02-05 00:00:00+00:00,16.620667,50.94724,0.0,1014.84576
2020-02-06 00:00:00+00:00,17.826918,38.870712,0.0,1015.17523
2020-02-07 00:00:00+00:00,15.0789995,40.810753,0.1,1018.60846
2020-02-08 00:00:00+00:00,12.768582,59.84004,0.0,1023.79987
2020-02-09 00:00:00+00:00,12.437335,54.15065,0.0,1027.5708
2020-02-10 00:00:00+00:00,12.88525,50.650417,0.0,1027.2085
2020-02-11 00:00:00+00:00,13.693585,55.31178,0.1,1024.029
2020-02-12 00:00:00+00:00,15.322751,50.164707,0.0,1022.54175
2020-02-13 00:00:00+00:00,17.774834,48.149197,0.0,1021.8625
2020-02-14 00:00:00+00:00,16.564417,65.04214,0.0,1019.0
2020-02-15 00:00:00+00:00,16.268583,69.410805,0.0,1015.1875
2020-02-16 00:00:00+00:00,16.326918,64.558784,0.2,1015.9292
2020-02-17 00:00:00+00:00,16.031084,66.17333,0.0,1017.4624
2020-02-18 00:00:00+00:00,14.381084,72.61855,0.3,1017.0124
2020-02-19 00:00:00+00:00,14.131081,71.22268,0.70000005,1018.32495
2020-02-20 00:00:00+00:00,14.904,61.72568,0.0,1019.8416
2020-02-21 00:00:00+00:00,15.260249,52.605312,0.0,1016.5291
2020-02-22 00:00:00+00:00,14.908166,58.863586,0.0,1019.04156
2020-02-23 00:00:00+00:00,14.624835,57.354855,0.3,1017.97906
2020-02-24 00:00:00+00:00,12.1831665,78.68683,4.3999996,1015.76666
2020-02-25 00:00:00+00:00,13.787332,77.34131,3.2,1018.5916
2020-02-26 00:00:00+00:00,15.556085,66.18509,0.0,1020.55414
2020-02-27 00:00:00+00:00,18.270668,54.55876,0.0,1018.64166
2020-02-28 00:00:00+00:00,19.126917,52.54153,0.0,1015.8084
2020-02-29 00:00:00+00:00,15.7915,63.444855,0.0,1017.05835
2020-03-01 00:00:00+00:00,15.760251,54.90422,0.0,1020.09174
2020-03-02 00:00:00+00:00,16.056082,53.846615,0.0,1021.20416
2020-03-03 00:00:00+00:00,17.351917,53.63409,0.0,1018.625
2020-03-04 00:00:00+00:00,18.81025,47.10138,0.0,1013.30817
2020-03-05 00:00:00+00:00,21.304003,28.948936,0.0,1010.3042
2020-03-06 00:00:00+00:00,17.576918,47.33514,0.2,1013.51666
2020-03-07 00:00:00+00:00,17.712334,59.63638,0.0,1019.125
2020-03-08 00:00:00+00:00,19.393583,52.517864,0.0,1017.22076
2020-03-09 00:00:00+00:00,21.276917,37.638588,0.0,1012.46674
2020-03-10 00:00:00+00:00,17.701918,55.778126,0.0,1015.96674
2020-03-11 00:00:00+00:00,18.041498,65.35198,1.3000001,1011.58344
2020-03-12 00:00:00+00:00,16.36025,84.296,45.099995,1001.69586
2020-03-13 00:00:00+00:00,15.504001,83.677025,7.099999,999.82477
2020-03-14 00:00:00+00:00,17.933168,79.46577,1.5000001,1014.1958
2020-03-15 00:00:00+00:00,19.014418,72.96073,0.0,1016.125
2020-03-16 00:00:00+00:00,19.122751,70.73031,0.0,1014.97076
2020-03-17 00:00:00+00:00,15.083167,67.77471,0.4,1015.9167
2020-03-18 00:00:00+00:00,14.4748335,62.077396,0.0,1017.3584
2020-03-19 00:00:00+00:00,13.918584,63.581028,0.0,1018.0334
2020-03-20 00:00:00+00:00,12.756084,63.00696,0.4,1016.0708
2020-03-21 00:00:00+00:00,13.637333,59.74835,0.0,1015.9375
2020-03-22 00:00:00+00:00,15.433169,48.048138,0.0,1016.4207
2020-03-23 00:00:00+00:00,22.658167,26.743256,0.0,1009.9458
2020-03-24 00:00:00+00:00,20.214418,46.256027,0.0,1010.61664
2020-03-25 00:00:00+00:00,18.497751,57.486313,0.0,1012.67487
2020-03-26 00:00:00+00:00,21.233168,44.98325,0.1,1006.99585
2020-03-27 00:00:00+00:00,21.435251,48.209484,0.0,1008.4583
2020-03-28 00:00:00+00:00,18.239416,55.28436,0.1,1016.38336
2020-03-29 00:00:00+00:00,20.026917,37.713528,0.0,1015.2332
2020-03-30 00:00:00+00:00,24.124834,22.105387,0.0,1010.0874
2020-03-31 00:00:00+00:00,24.01858,26.793037,0.0,1008.5791
2020-04-01 00:00:00+00:00,19.704,51.98857,0.0,1014.1875
2020-04-02 00:00:00+00:00,20.060251,50.244858,0.0,1015.32916
2020-04-03 00:00:00+00:00,22.633165,34.095463,0.0,1015.13324
2020-04-04 00:00:00+00:00,27.835253,19.045835,0.0,1010.31256
2020-04-05 00:00:00+00:00,24.516502,32.813347,0.0,1011.71246
2020-04-06 00:00:00+00:00,20.485249,51.29858,0.0,1016.29987
2020-04-07 00:00:00+00:00,19.104002,45.759205,0.0,1016.19995
2020-04-08 00:00:00+00:00,18.641499,52.325344,0.0,1015.35834
2020-04-09 00:00:00+00:00,18.497751,52.69457,0.0,1014.43756
2020-04-10 00:00:00+00:00,17.612333,55.09763,0.3,1014.85004
2020-04-11 00:00:00+00:00,18.418585,51.922424,0.0,1016.73755
2020-04-12 00:00:00+00:00,19.662336,52.843994,0.0,1018.2417
2020-04-13 00:00:00+00:00,19.879,48.00382,0.0,1017.33746
2020-04-14 00:00:00+00:00,20.085249,51.36151,0.0,1017.2542
2020-04-15 00:00:00+00:00,22.808167,44.003544,0.0,1016.53754
2020-04-16 00:00:00+00:00,21.556084,43.321335,0.0,1012.5791
2020-04-17 00:00:00+00:00,21.193584,50.93233,0.0,1012.94995
2020-04-18 00:00:00+00:00,21.645668,54.153316,0.0,1013.99176
2020-04-19 00:00:00+00:00,22.174835,50.669857,0.0,1013.12085
2020-04-20 00:00:00+00:00,22.651918,46.5629,0.0,1011.60406
2020-04-21 00:00:00+00:00,26.13317,27.402998,0.0,1009.4834
2020-04-22 00:00:00+00:00,26.34567,34.15426,0.0,1007.9626
2020-04-23 00:00:00+00:00,23.216501,51.518726,0.0,1011.5417
2020-04-24 00:00:00+00:00,24.885252,41.92233,0.0,1005.5874
2020-04-25 00:00:00+00:00,20.172752,53.601105,0.0,1011.7124
2020-04-26 00:00:00+00:00,20.787334,51.15358,0.0,1013.85425
2020-04-27 00:00:00+00:00,23.620668,38.885662,0.0,1011.69586
2020-04-28 00:00:00+00:00,23.939417,41.346203,0.0,1011.2583
2020-04-29 00:00:00+00:00,21.679,45.021107,0.0,1014.5291
2020-04-30 00:00:00+00:00,22.918585,41.94519,0.0,1014.1541
2020-05-01 00:00:00+00:00,25.770668,35.109863,0.0,1012.8293
2020-05-02 00:00:00+00:00,24.368584,42.35539,0.0,1012.4416
2020-05-03 00:00:00+00:00,24.726915,40.424545,0.0,1011.06665
2020-05-04 00:00:00+00:00,26.339418,33.50722,0.0,1010.0708
2020-05-05 00:00:00+00:00,21.712336,47.455784,0.0,1013.15424
2020-05-06 00:00:00+00:00,22.341505,47.500717,0.0,1015.55396
2020-05-07 00:00:00+00:00,24.922754,37.228508,0.0,1013.43756
2020-05-08 00:00:00+00:00,27.006083,34.710682,0.0,1009.75
2020-05-09 00:00:00+00:00,23.537336,50.917507,0.0,1013.57916
2020-05-10 00:00:00+00:00,23.447752,47.55839,0.0,1016.6501
2020-05-11 00:00:00+00:00,24.395668,43.28085,0.0,1016.7334
2020-05-12 00:00:00+00:00,26.31442,40.30787,0.0,1015.16254
2020-05-13 00:00:00+00:00,27.762331,28.84983,0.0,1013.7415
2020-05-14 00:00:00+00:00,27.856085,34.265972,0.0,1011.1917
2020-05-15 00:00:00+00:00,28.360252,40.14069,0.0,1009.64166
2020-05-16 00:00:00+00:00,31.183168,33.15482,0.0,1009.74567
2020-05-17 00:00:00+00:00,32.891495,26.050516,0.0,1009.771
2020-05-18 00:00:00+00:00,33.524834,26.43403,0.0,1008.83325
2020-05-19 00:00:00+00:00,34.562336,23.970245,0.0,1008.32916
2020-05-20 00:00:00+00:00,36.79358,12.837212,0.0,1006.7791
2020-05-21 00:00:00+00:00,36.378998,16.024527,0.0,1006.9583
2020-05-22 00:00:00+00:00,28.866495,42.245697,0.0,1013.6001
2020-05-23 00:00:00+00:00,25.2665,47.001156,0.0,1016.30835
2020-05-24 00:00:00+00:00,23.581083,38.564426,0.0,1016.6208
2020-05-25 00:00:00+00:00,24.22275,40.675503,0.0,1016.2126
2020-05-26 00:00:00+00:00,26.037333,37.65345,0.0,1014.6667
2020-05-27 00:00:00+00:00,25.666502,45.620255,0.0,1015.0125
2020-05-28 00:00:00+00:00,24.54775,44.357666,0.0,1016.5208
2020-05-29 00:00:00+00:00,23.341501,44.09608,0.0,1017.73334
2020-05-30 00:00:00+00:00,23.264421,43.10068,0.0,1016.91656
2020-05-31 00:00:00+00:00,24.685251,38.75913,0.0,1015.31256
2020-06-01 00:00:00+00:00,29.574835,28.407896,0.0,1009.83734
2020-06-02 00:00:00+00:00,26.268583,38.596493,0.0,1009.4458
2020-06-03 00:00:00+00:00,26.629,36.007683,0.0,1011.28754
2020-06-04 00:00:00+00:00,26.960245,41.77844,0.0,1012.6917
2020-06-05 00:00:00+00:00,25.724836,49.250706,0.0,1014.20416
2020-06-06 00:00:00+00:00,27.874838,42.024696,0.0,1011.3874
2020-06-07 00:00:00+00:00,32.883167,20.290745,0.0,1007.77094
2020-06-08 00:00:00+00:00,28.295668,45.137512,0.0,1008.68744
2020-06-09 00:00:00+00:00,28.291502,42.499626,0.0,1010.04156
2020-06-10 00:00:00+00:00,30.86025,31.998018,0.0,1011.34576
2020-06-11 00:00:00+00:00,29.949835,30.027336,0.0,1012.32916
2020-06-12 00:00:00+00:00,30.837334,25.718903,0.0,1010.65015
2020-06-13 00:00:00+00:00,31.672754,24.609995,0.0,1007.3584
2020-06-14 00:00:00+00:00,27.449831,43.1725,0.0,1008.95404
2020-06-15 00:00:00+00:00,27.985252,40.14979,0.0,1011.13745
2020-06-16 00:00:00+00:00,29.674833,34.01041,0.0,1010.2332
2020-06-17 00:00:00+00:00,32.956085,28.93398,0.0,1008.5791
2020-06-18 00:00:00+00:00,27.181082,51.03346,0.0,1011.7
2020-06-19 00:00:00+00:00,27.520668,49.635254,0.0,1011.4167
2020-06-20 00:00:00+00:00,28.670668,44.30888,0.0,1011.2334
2020-06-21 00:00:00+00:00,32.604,28.840393,0.0,1008.45844
2020-06-22 00:00:00+00:00,30.399834,36.860195,0.0,1010.16675
2020-06-23 00:00:00+00:00,30.358164,34.81316,0.0,1012.4583
2020-06-24 00:00:00+00:00,28.81025,47.21008,0.0,1014.19995
2020-06-25 00:00:00+00:00,27.643583,49.27281,0.0,1012.1875
2020-06-26 00:00:00+00:00,29.308167,46.033672,0.0,1009.25415
2020-06-27 00:00:00+00:00,30.108164,46.294567,0.0,1008.3293
2020-06-28 00:00:00+00:00,29.97692,46.846996,0.0,1008.4832
2020-06-29 00:00:00+00:00,30.024834,43.126602,0.0,1007.3999
2020-06-30 00:00:00+00:00,29.083166,40.620052,0.0,1006.68335
2020-07-01 00:00:00+00:00,30.149832,40.276157,0.0,1005.7625
2020-07-02 00:00:00+00:00,32.231083,34.07079,0.0,1004.43335
2020-07-03 00:00:00+00:00,32.17275,34.801083,0.0,1005.5708
2020-07-04 00:00:00+00:00,31.543585,38.015858,0.0,1007.1584
2020-07-05 00:00:00+00:00,31.57692,39.97032,0.0,1005.0
2020-07-06 00:00:00+00:00,31.59775,34.325314,0.0,1003.69586
2020-07-07 00:00:00+00:00,32.418583,31.86142,0.0,1004.5457
2020-07-08 00:00:00+00:00,30.937334,43.520756,0.0,1007.8374
2020-07-09 00:00:00+00:00,29.362333,51.754612,0.0,1008.12506
2020-07-10 00:00:00+00:00,30.981081,47.815228,0.0,1007.97504
2020-07-11 00:00:00+00:00,31.45817,45.203686,0.0,1008.6042
2020-07-12 00:00:00+00:00,29.797745,49.545,0.0,1006.76654
2020-07-13 00:00:00+00:00,30.318586,47.93326,0.0,1004.3792
2020-07-14 00:00:00+00:00,30.539415,45.914722,0.0,1005.8125
2020-07-15 00:00:00+00:00,30.633165,48.712814,0.0,1008.95
2020-07-16 00:00:00+00:00,28.918585,49.82605,0.0,1008.16254
2020-07-17 00:00:00+00:00,29.212332,46.259167,0.0,1006.52094
2020-07-18 00:00:00+00:00,29.806084,43.36868,0.0,1006.84985
2020-07-19 00:00:00+00:00,30.185251,46.70538,0.0,1007.19586
2020-07-20 00:00:00+00:00,31.020668,46.97601,0.0,1008.61255
2020-07-21 00:00:00+00:00,30.395668,47.643955,0.0,1008.3167
2020-07-22 00:00:00+00:00,30.749838,52.11862,0.0,1004.675
2020-07-23 00:00:00+00:00,31.654001,49.776096,0.0,1003.14996
2020-07-24 00:00:00+00:00,31.68525,45.589386,0.0,1004.6917
2020-07-25 00:00:00+00:00,31.060251,39.42302,0.0,1005.6917
2020-07-26 00:00:00+00:00,30.947748,40.276554,0.0,1006.9041
2020-07-27 00:00:00+00:00,30.849833,46.795513,0.0,1006.8459
2020-07-28 00:00:00+00:00,31.69567,45.091335,0.0,1006.5168
2020-07-29 00:00:00+00:00,32.3915,44.34902,0.0,1007.86237
2020-07-30 00:00:00+00:00,32.86025,41.600307,0.0,1009.04175
2020-07-31 00:00:00+00:00,33.120663,42.991776,0.0,1007.69165
2020-08-01 00:00:00+00:00,32.52275,35.255123,0.0,1004.5916
2020-08-02 00:00:00+00:00,31.945665,36.605076,0.0,1004.8792
2020-08-03 00:00:00+00:00,32.95817,43.108643,0.0,1007.0
2020-08-04 00:00:00+00:00,32.604004,37.696888,0.0,1006.27094
2020-08-05 00:00:00+00:00,30.443586,46.839893,0.0,1006.32086
2020-08-06 00:00:00+00:00,31.491499,46.134686,0.0,1008.0708
2020-08-07 00:00:00+00:00,33.24358,40.49852,0.0,1009.07495
2020-08-08 00:00:00+00:00,32.904003,38.83728,0.0,1008.34576
2020-08-09 00:00:00+00:00,31.016497,48.110783,0.0,1007.51654
2020-08-10 00:00:00+00:00,31.639418,41.92501,0.0,1008.38336
2020-08-11 00:00:00+00:00,30.741499,49.183243,0.0,1009.4041
2020-08-12 00:00:00+00:00,30.785254,49.195663,0.0,1008.44165
2020-08-13 00:00:00+00:00,30.904,49.11699,0.0,1007.2083
2020-08-14 00:00:00+00:00,31.676918,47.34563,0.0,1006.01245
2020-08-15 00:00:00+00:00,31.693586,45.74907,0.0,1004.94586
2020-08-16 00:00:00+00:00,32.11233,43.894287,0.0,1005.18335
2020-08-17 00:00:00+00:00,31.16442,49.005386,0.0,1006.14594
2020-08-18 00:00:00+00:00,30.183167,51.84137,0.0,1006.3499
2020-08-19 00:00:00+00:00,29.7415,48.532055,0.0,1005.325
2020-08-20 00:00:00+00:00,30.133165,46.648636,0.0,1005.91254
2020-08-21 00:00:00+00:00,29.918581,50.21686,0.0,1007.06244
2020-08-22 00:00:00+00:00,30.091501,49.5023,0.0,1005.83746
2020-08-23 00:00:00+00:00,30.781084,46.146526,0.0,1004.9124
2020-08-24 00:00:00+00:00,31.426918,41.032227,0.0,1005.6374
2020-08-25 00:00:00+00:00,31.524832,39.47107,0.0,1007.85834
2020-08-26 00:00:00+00:00,31.179,42.753635,0.0,1009.2166
2020-08-27 00:00:00+00:00,30.028997,44.837055,0.0,1008.00836
2020-08-28 00:00:00+00:00,30.137335,53.650326,0.0,1006.32916
2020-08-29 00:00:00+00:00,30.545668,53.222122,0.0,1006.7751
2020-08-30 00:00:00+00:00,32.304,48.214264,0.0,1007.66254
2020-08-31 00:00:00+00:00,32.110252,45.9043,0.0,1006.4375
2020-09-01 00:00:00+00:00,31.695665,41.22417,0.0,1006.23755
2020-09-02 00:00:00+00:00,31.512335,38.470856,0.0,1008.77075
2020-09-03 00:00:00+00:00,30.995668,51.62769,0.0,1010.4416
2020-09-04 00:00:00+00:00,32.831085,52.17827,0.0,1009.0584
2020-09-05 00:00:00+00:00,32.533165,48.494278,0.0,1007.4541
2020-09-06 00:00:00+00:00,31.281082,50.78609,0.0,1007.8169
2020-09-07 00:00:00+00:00,31.283167,50.639694,0.0,1009.3333
2020-09-08 00:00:00+00:00,31.403997,52.85419,0.0,1010.70416
2020-09-09 00:00:00+00:00,31.076918,51.918888,0.0,1008.5417
2020-09-10 00:00:00+00:00,30.166496,54.055767,0.0,1005.4749
2020-09-11 00:00:00+00:00,30.724833,46.44958,0.0,1006.5959
2020-09-12 00:00:00+00:00,31.09983,46.73663,0.0,1010.98755
2020-09-13 00:00:00+00:00,30.131086,50.934452,0.0,1013.40826
2020-09-14 00:00:00+00:00,29.718584,55.244537,0.0,1012.8374
2020-09-15 00:00:00+00:00,29.408167,52.176105,0.0,1011.5334
2020-09-16 00:00:00+00:00,29.910248,51.688694,0.0,1010.56256
2020-09-17 00:00:00+00:00,30.916496,55.377533,0.0,1011.5376
2020-09-18 00:00:00+00:00,31.201918,52.411892,0.0,1011.75836
2020-09-19 00:00:00+00:00,30.443583,58.671726,0.0,1010.2124
2020-09-20 00:00:00+00:00,29.947752,54.806927,0.0,1009.3916
2020-09-21 00:00:00+00:00,30.399834,46.559628,0.0,1010.5334
2020-09-22 00:00:00+00:00,29.616503,56.241028,0.0,1012.94586
2020-09-23 00:00:00+00:00,28.466505,56.51199,0.0,1013.6418
2020-09-24 00:00:00+00:00,28.164415,52.064693,0.0,1013.35425
2020-09-25 00:00:00+00:00,28.974836,51.80042,0.0,1011.89996
2020-09-26 00:00:00+00:00,28.3165,48.678986,0.0,1010.69165
2020-09-27 00:00:00+00:00,28.912333,54.07492,0.0,1013.16254
2020-09-28 00:00:00+00:00,30.754004,53.98672,0.0,1014.47095
2020-09-29 00:00:00+00:00,31.306084,51.796,0.0,1012.5542
2020-09-30 00:00:00+00:00,30.781084,52.110046,0.0,1009.98334
2020-10-01 00:00:00+00:00,28.414415,54.624203,0.0,1010.72504
2020-10-02 00:00:00+00:00,27.547754,51.743057,0.0,1013.5459
2020-10-03 00:00:00+00:00,27.314415,53.075764,0.0,1015.5249
2020-10-04 00:00:00+00:00,27.074835,54.579746,0.0,1015.75415
2020-10-05 00:00:00+00:00,27.208168,54.925945,0.0,1014.9541
2020-10-06 00:00:00+00:00,27.68942,55.941914,0.0,1013.0249
2020-10-07 00:00:00+00:00,29.026917,49.583553,0.0,1012.16254
2020-10-08 00:00:00+00:00,30.374834,49.6757,0.0,1011.4167
2020-10-09 00:00:00+00:00,29.06025,58.993618,0.0,1013.425
2020-10-10 00:00:00+00:00,28.07692,58.653233,0.0,1015.49585
2020-10-11 00:00:00+00:00,26.368586,56.39029,0.0,1014.94586
2020-10-12 00:00:00+00:00,26.014418,51.40329,0.0,1014.38745
2020-10-13 00:00:00+00:00,26.270666,53.116184,0.0,1014.5334
2020-10-14 00:00:00+00:00,26.391502,58.8131,0.0,1016.42926
2020-10-15 00:00:00+00:00,26.870667,61.940384,0.0,1017.1834
2020-10-16 00:00:00+00:00,25.629004,57.10107,0.0,1015.68353
2020-10-17 00:00:00+00:00,25.212336,52.056454,0.0,1014.58746
2020-10-18 00:00:00+00:00,25.27275,60.13959,0.0,1014.4834
2020-10-19 00:00:00+00:00,26.826914,60.857407,0.0,1015.99164
2020-10-20 00:00:00+00:00,27.501915,60.83118,0.0,1015.82513
2020-10-21 00:00:00+00:00,26.514418,63.55872,0.0,1016.68756
2020-10-22 00:00:00+00:00,26.068586,59.310635,0.0,1016.825
2020-10-23 00:00:00+00:00,25.781084,57.43887,0.0,1014.9832
2020-10-24 00:00:00+00:00,24.060251,55.26875,0.0,1013.47504
2020-10-25 00:00:00+00:00,24.231085,52.869522,0.0,1012.74164
2020-10-26 00:00:00+00:00,25.353998,61.25441,0.0,1013.0041
2020-10-27 00:00:00+00:00,25.118584,63.37917,0.0,1013.95416
2020-10-28 00:00:00+00:00,25.166502,63.617123,0.0,1015.55005
2020-10-29 00:00:00+00:00,25.3165,62.660793,0.0,1016.04584
2020-10-30 00:00:00+00:00,25.010252,61.65906,0.0,1015.43756
2020-10-31 00:00:00+00:00,24.299833,60.662464,0.0,1014.14996
2020-11-01 00:00:00+00:00,23.124834,60.979877,1.4000001,1015.4375
2020-11-02 00:00:00+00:00,23.293587,53.844746,0.0,1018.3
2020-11-03 00:00:00+00:00,22.141502,57.86404,0.0,1019.07074
2020-11-04 00:00:00+00:00,22.27275,57.861588,0.0,1016.6042
2020-11-05 00:00:00+00:00,21.762331,55.015064,0.0,1014.5584
2020-11-06 00:00:00+00:00,21.364418,56.5973,0.0,1014.15424
2020-11-07 00:00:00+00:00,20.743586,61.54446,0.2,1014.33765
2020-11-08 00:00:00+00:00,21.74775,48.38039,0.0,1013.8084
2020-11-09 00:00:00+00:00,21.349836,54.628143,0.1,1015.5334
2020-11-10 00:00:00+00:00,21.085249,52.12775,0.0,1016.70404
2020-11-11 00:00:00+00:00,21.0415,45.534134,0.0,1017.7876
2020-11-12 00:00:00+00:00,21.46025,48.847027,0.0,1019.77075
2020-11-13 00:00:00+00:00,21.422752,58.31844,0.0,1019.85406
2020-11-14 00:00:00+00:00,20.51442,73.57307,0.70000005,1018.10834
2020-11-15 00:00:00+00:00,19.47275,60.40796,0.0,1018.44586
2020-11-16 00:00:00+00:00,19.454002,62.484787,0.0,1019.3333
2020-11-17 00:00:00+00:00,19.656084,66.82906,0.0,1020.125
2020-11-18 00:00:00+00:00,20.86025,60.80385,0.0,1016.27496
2020-11-19 00:00:00+00:00,20.220667,62.07431,0.0,1013.1543
2020-11-20 00:00:00+00:00,17.914417,66.050285,1.8000001,1012.17505
2020-11-21 00:00:00+00:00,17.260252,59.57344,0.0,1017.5835
2020-11-22 00:00:00+00:00,18.699833,57.52077,0.0,1021.18335
2020-11-23 00:00:00+00:00,19.57067,69.22951,0.0,1019.83325
2020-11-24 00:00:00+00:00,20.431084,67.36647,0.0,1015.03326
2020-11-25 00:00:00+00:00,17.856085,67.81407,0.6,1012.77924
2020-11-26 00:00:00+00:00,17.787336,64.5315,1.0,1015.61664
2020-11-27 00:00:00+00:00,17.601915,66.71673,0.0,1017.64185
2020-11-28 00:00:00+00:00,17.354,64.369316,0.1,1018.92926
2020-11-29 00:00:00+00:00,18.103998,55.52545,0.0,1018.72504
2020-11-30 00:00:00+00:00,17.714415,50.731533,0.0,1016.1999
2020-12-01 00:00:00+00:00,17.4915,45.164413,0.0,1013.4792
2020-12-02 00:00:00+00:00,18.383167,52.888317,0.0,1016.36676
2020-12-03 00:00:00+00:00,18.106085,45.069702,0.0,1017.0083
2020-12-04 00:00:00+00:00,17.716501,46.76552,0.0,1015.9583
2020-12-05 00:00:00+00:00,17.964415,42.899517,0.0,1015.9749
2020-12-06 00:00:00+00:00,17.787333,47.145092,0.0,1017.0876
2020-12-07 00:00:00+00:00,20.612335,27.69262,0.0,1015.3376
2020-12-08 00:00:00+00:00,18.666502,61.62147,0.0,1019.76666
2020-12-09 00:00:00+00:00,17.997751,49.03125,0.0,1021.42505
2020-12-10 00:00:00+00:00,17.54775,44.87055,0.0,1018.8833
2020-12-11 00:00:00+00:00,19.0915,31.900312,0.0,1015.86255
2020-12-12 00:00:00+00:00,18.301916,36.080296,0.2,1014.279
2020-12-13 00:00:00+00:00,21.654,30.215925,0.0,1010.02515
2020-12-14 00:00:00+00:00,18.341501,38.789173,0.0,1009.55005
2020-12-15 00:00:00+00:00,17.108168,57.501358,0.8000001,1012.64575
2020-12-16 00:00:00+00:00,16.768583,75.048225,1.2,1017.6582
2020-12-17 00:00:00+00:00,16.951918,69.72556,0.0,1020.675
2020-12-18 00:00:00+00:00,17.108168,68.48449,0.0,1021.6624
2020-12-19 00:00:00+00:00,16.728998,74.66193,0.0,1022.0334
2020-12-20 00:00:00+00:00,16.676918,68.68691,0.0,1021.1958
2020-12-21 00:00:00+00:00,16.693583,67.22302,0.0,1020.1084
2020-12-22 00:00:00+00:00,17.158167,70.88027,0.0,1020.0542
2020-12-23 00:00:00+00:00,16.049833,68.86974,0.0,1020.7
2020-12-24 00:00:00+00:00,16.383165,58.02624,0.0,1020.48755
2020-12-25 00:00:00+00:00,15.783168,65.026245,0.0,1020.2083
2020-12-26 00:00:00+00:00,16.5165,70.02502,0.0,1017.67914
2020-12-27 00:00:00+00:00,16.874834,61.9138,0.0,1016.6084
2020-12-28 00:00:00+00:00,15.899835,68.466255,0.0,1017.81665
2020-12-29 00:00:00+00:00,15.910251,74.337814,0.0,1019.00415
2020-12-30 00:00:00+00:00,15.701919,74.00562,0.0,1017.62897
2020-12-31 00:00:00+00:00,15.518585,69.1247,0.0,1016.91254
2021-01-01 00:00:00+00:00,16.606085,68.071686,0.0,1017.7917
2021-01-02 00:00:00+00:00,17.024832,73.509674,0.0,1018.40826
2021-01-03 00:00:00+00:00,16.754,76.58704,0.0,1018.325
2021-01-04 00:00:00+00:00,17.572752,73.83286,0.0,1016.89996
2021-01-05 00:00:00+00:00,17.8915,71.00757,0.0,1017.925
2021-01-06 00:00:00+00:00,19.145666,66.21341,0.0,1019.6541
2021-01-07 00:00:00+00:00,19.412334,61.355785,0.0,1018.6165
2021-01-08 00:00:00+00:00,18.793585,50.14123,0.0,1017.325
2021-01-09 00:00:00+00:00,16.78525,66.81896,0.0,1018.4499
2021-01-10 00:00:00+00:00,18.229002,73.438866,0.0,1021.0334
2021-01-11 00:00:00+00:00,19.233168,56.55028,0.0,1021.1541
2021-01-12 00:00:00+00:00,20.918585,34.89825,0.0,1018.2666
2021-01-13 00:00:00+00:00,19.370668,48.894653,0.0,1013.0876
2021-01-14 00:00:00+00:00,15.243584,51.779675,0.0,1014.1582
2021-01-15 00:00:00+00:00,14.874832,53.691006,0.0,1016.80414
2021-01-16 00:00:00+00:00,15.085254,46.491364,0.0,1014.1084
2021-01-17 00:00:00+00:00,14.783168,48.33165,0.0,1015.4001
2021-01-18 00:00:00+00:00,13.291501,52.410965,0.0,1020.43335
2021-01-19 00:00:00+00:00,13.564416,59.513733,0.0,1020.4084
2021-01-20 00:00:00+00:00,12.760249,57.503887,0.0,1026.1332
2021-01-21 00:00:00+00:00,12.387334,56.875553,0.0,1029.175
2021-01-22 00:00:00+00:00,13.08525,60.354355,0.0,1023.9917
2021-01-23 00:00:00+00:00,13.512333,60.56967,0.0,1019.73334
2021-01-24 00:00:00+00:00,14.591499,58.502857,0.0,1020.0334
2021-01-25 00:00:00+00:00,14.67067,61.229176,0.0,1020.8459
2021-01-26 00:00:00+00:00,15.726917,46.959152,0.0,1018.0708
2021-01-27 00:00:00+00:00,16.176916,43.678905,0.0,1013.7041
2021-01-28 00:00:00+00:00,13.8185835,50.995163,0.0,1017.4875
2021-01-29 00:00:00+00:00,13.606086,54.60111,0.0,1019.8791
2021-01-30 00:00:00+00:00,14.274833,49.76399,0.0,1020.0291
2021-01-31 00:00:00+00:00,16.93733,41.836937,0.0,1017.7417
2021-02-01 00:00:00+00:00,20.01025,38.424553,0.0,1015.8208
2021-02-02 00:00:00+00:00,19.724834,30.828955,0.0,1013.87494
2021-02-03 00:00:00+00:00,20.479,26.673645,0.0,1011.56244
2021-02-04 00:00:00+00:00,15.435252,73.737755,1.9000002,1013.8335
2021-02-05 00:00:00+00:00,16.754002,70.78215,0.0,1019.61255
2021-02-06 00:00:00+00:00,16.401918,69.72795,0.0,1021.38763
2021-02-07 00:00:00+00:00,16.412334,69.00799,0.0,1021.3125
2021-02-08 00:00:00+00:00,19.928999,36.046246,0.0,1020.2583
2021-02-09 00:00:00+00:00,21.924835,23.742613,0.0,1019.97076
2021-02-10 00:00:00+00:00,18.114418,54.61267,0.0,1020.26666
2021-02-11 00:00:00+00:00,17.335253,59.263943,0.0,1017.8918
2021-02-12 00:00:00+00:00,17.435251,60.66538,0.0,1016.7625
2021-02-13 00:00:00+00:00,16.764418,63.377308,0.0,1018.43335
2021-02-14 00:00:00+00:00,16.156088,59.942413,0.0,1016.51263
2021-02-15 00:00:00+00:00,16.237333,55.65209,0.0,1014.1458
2021-02-16 00:00:00+00:00,11.6935835,66.04355,1.1,1011.51685
2021-02-17 00:00:00+00:00,9.4539995,62.608753,1.6000001,1017.14594
2021-02-18 00:00:00+00:00,12.18525,58.229034,0.1,1022.3542
2021-02-19 00:00:00+00:00,12.643585,68.65964,0.2,1023.87915
2021-02-20 00:00:00+00:00,13.533168,58.70239,0.0,1024.7374
2021-02-21 00:00:00+00:00,13.762334,60.13197,0.0,1023.19586
2021-02-22 00:00:00+00:00,14.820666,53.618393,0.0,1021.64154
2021-02-23 00:00:00+00:00,13.451919,76.507805,3.3999999,1020.80414
2021-02-24 00:00:00+00:00,15.06025,69.68546,0.3,1022.7917
2021-02-25 00:00:00+00:00,16.379002,73.94267,0.1,1022.04596
2021-02-26 00:00:00+00:00,16.068583,67.34463,0.0,1019.73334
2021-02-27 00:00:00+00:00,16.731083,64.248505,0.1,1017.25415
2021-02-28 00:00:00+00:00,16.193584,63.139847,0.0,1019.179
2021-03-01 00:00:00+00:00,15.964419,62.6144,0.1,1020.25415
2021-03-02 00:00:00+00:00,15.493584,56.709904,0.0,1021.6875
2021-03-03 00:00:00+00:00,13.679001,58.458073,0.0,1020.9001
2021-03-04 00:00:00+00:00,14.185252,56.25191,0.0,1021.20416
2021-03-05 00:00:00+00:00,16.512335,48.19859,0.0,1023.65405
2021-03-06 00:00:00+00:00,17.29775,56.04541,0.0,1021.5251
2021-03-07 00:00:00+00:00,17.226917,61.13032,0.0,1018.50415
2021-03-08 00:00:00+00:00,18.029001,51.9867,0.0,1016.8875
2021-03-09 00:00:00+00:00,23.162336,21.793045,0.0,1013.28345
2021-03-10 00:00:00+00:00,25.949835,15.04826,0.0,1010.57916
2021-03-11 00:00:00+00:00,20.579002,51.097942,0.0,1013.4834
2021-03-12 00:00:00+00:00,17.076918,49.701748,0.0,1017.5376
2021-03-13 00:00:00+00:00,16.729002,52.283726,0.0,1018.42505
2021-03-14 00:00:00+00:00,17.397753,58.298386,0.0,1014.7334
2021-03-15 00:00:00+00:00,19.774834,55.26366,0.3,1010.4417
2021-03-16 00:00:00+00:00,18.791498,56.46964,0.0,1013.6709
2021-03-17 00:00:00+00:00,18.312334,45.528248,0.0,1014.38336
2021-03-18 00:00:00+00:00,18.074835,46.606976,0.0,1017.0793
2021-03-19 00:00:00+00:00,18.72275,46.93654,0.0,1017.1375
2021-03-20 00:00:00+00:00,23.724836,30.915262,0.0,1011.7
2021-03-21 00:00:00+00:00,26.901917,30.245338,0.0,1008.62494
2021-03-22 00:00:00+00:00,31.935247,18.29564,0.0,1006.0542
2021-03-23 00:00:00+00:00,25.026917,35.018887,0.0,1005.07904
2021-03-24 00:00:00+00:00,17.23525,43.899845,0.0,1012.125
2021-03-25 00:00:00+00:00,15.9956665,51.90595,0.0,1016.3542
2021-03-26 00:00:00+00:00,14.541501,54.183628,0.4,1021.65826
2021-03-27 00:00:00+00:00,14.893584,44.392735,0.0,1026.2208
2021-03-28 00:00:00+00:00,15.883167,45.396915,0.0,1026.5126
2021-03-29 00:00:00+00:00,16.112333,47.032383,0.0,1022.54596
2021-03-30 00:00:00+00:00,17.289421,46.19319,0.0,1016.93335
2021-03-31 00:00:00+00:00,16.181086,55.083496,0.1,1016.10846
2021-04-01 00:00:00+00:00,16.345669,45.182545,0.0,1017.0876
2021-04-02 00:00:00+00:00,16.104,50.088604,0.0,1020.4875
2021-04-03 00:00:00+00:00,17.970667,38.68731,0.0,1021.2708
2021-04-04 00:00:00+00:00,20.960253,33.01332,0.0,1020.27496
2021-04-05 00:00:00+00:00,23.345665,28.596016,0.0,1015.7625
2021-04-06 00:00:00+00:00,25.745668,23.278448,0.0,1010.8499
2021-04-07 00:00:00+00:00,26.347754,25.369873,0.0,1012.9041
2021-04-08 00:00:00+00:00,21.154,54.060623,0.0,1015.679
2021-04-09 00:00:00+00:00,18.349834,54.817867,0.0,1016.77496
2021-04-10 00:00:00+00:00,15.972753,38.959698,0.0,1018.41675
2021-04-11 00:00:00+00:00,16.331087,44.449142,0.0,1020.125
2021-04-12 00:00:00+00:00,17.295668,46.656986,0.0,1019.99585
2021-04-13 00:00:00+00:00,17.979002,47.828556,0.0,1019.4707
2021-04-14 00:00:00+00:00,19.935251,46.910877,0.0,1017.8916
2021-04-15 00:00:00+00:00,22.076918,46.311016,0.0,1015.59595
2021-04-16 00:00:00+00:00,25.666498,29.444998,0.0,1013.59985
2021-04-17 00:00:00+00:00,27.443586,24.114174,0.0,1013.7417
2021-04-18 00:00:00+00:00,32.81858,13.479619,0.0,1012.30835
2021-04-19 00:00:00+00:00,33.766502,15.122131,0.0,1009.9458
2021-04-20 00:00:00+00:00,25.295668,41.52779,0.0,1013.09174
2021-04-21 00:00:00+00:00,21.831083,46.614178,0.0,1017.12085
2021-04-22 00:00:00+00:00,21.068584,51.840855,0.0,1018.4585
2021-04-23 00:00:00+00:00,21.435251,49.830715,0.0,1015.8542
2021-04-24 00:00:00+00:00,24.03942,41.26092,0.0,1011.2541
2021-04-25 00:00:00+00:00,27.141502,24.00442,0.0,1007.24585
2021-04-26 00:00:00+00:00,22.281088,53.368668,0.0,1012.5166
2021-04-27 00:00:00+00:00,22.156084,49.53182,0.0,1014.74585
2021-04-28 00:00:00+00:00,24.254,43.726643,0.0,1015.0251
2021-04-29 00:00:00+00:00,27.38942,35.74699,0.0,1014.72906
2021-04-30 00:00:00+00:00,29.616499,25.311197,0.0,1014.4917
2021-05-01 00:00:00+00:00,30.720667,17.50884,0.0,1014.76666
2021-05-02 00:00:00+00:00,29.597754,23.070951,0.0,1013.5166
2021-05-03 00:00:00+00:00,31.439417,16.953545,0.0,1012.9333
2021-05-04 00:00:00+00:00,33.031086,14.066138,0.0,1011.05426
2021-05-05 00:00:00+00:00,32.6915,18.801287,0.0,1010.98737
2021-05-06 00:00:00+00:00,31.041502,21.661081,0.0,1013.21234
2021-05-07 00:00:00+00:00,30.876915,22.933556,0.0,1013.3999
2021-05-08 00:00:00+00:00,34.270664,11.01873,0.0,1011.11273
2021-05-09 00:00:00+00:00,33.96233,21.451174,0.0,1009.25415
2021-05-10 00:00:00+00:00,27.79567,47.490467,0.0,1010.075
2021-05-11 00:00:00+00:00,25.98525,51.821453,0.0,1010.02496
2021-05-12 00:00:00+00:00,25.201921,46.45492,0.0,1010.2959
2021-05-13 00:00:00+00:00,25.820665,42.046413,0.0,1012.2375
2021-05-14 00:00:00+00:00,26.689413,40.868267,0.0,1013.92914
2021-05-15 00:00:00+00:00,27.781082,34.067173,0.0,1011.68744
2021-05-16 00:00:00+00:00,30.401915,23.7422,0.0,1007.25836
2021-05-17 00:00:00+00:00,25.443586,47.902172,0.0,1011.78754
2021-05-18 00:00:00+00:00,25.937332,47.194447,0.0,1012.979
2021-05-19 00:00:00+00:00,26.8415,46.19165,0.0,1012.075
2021-05-20 00:00:00+00:00,28.018585,41.495213,0.0,1010.77075
2021-05-21 00:00:00+00:00,27.18525,41.9491,0.0,1012.0708
2021-05-22 00:00:00+00:00,24.404001,46.54002,0.0,1014.25836
2021-05-23 00:00:00+00:00,25.29775,42.981506,0.0,1013.09174
2021-05-24 00:00:00+00:00,26.626917,44.490124,0.0,1013.10846
2021-05-25 00:00:00+00:00,27.493586,37.82263,0.0,1012.1958
2021-05-26 00:00:00+00:00,29.485247,33.12324,0.0,1010.4167
2021-05-27 00:00:00+00:00,29.897753,35.851933,0.0,1010.5791
2021-05-28 00:00:00+00:00,28.041498,41.32482,0.0,1011.85425
2021-05-29 00:00:00+00:00,27.843582,42.78455,0.0,1012.5457
2021-05-30 00:00:00+00:00,30.847748,24.87987,0.0,1011.51263
2021-05-31 00:00:00+00:00,32.745667,19.984163,0.0,1009.98334
2021-06-01 00:00:00+00:00,28.53942,37.490467,0.0,1011.6208
2021-06-02 00:00:00+00:00,26.612333,43.020172,0.0,1014.88324
2021-06-03 00:00:00+00:00,25.55609,40.804718,0.0,1016.18335
2021-06-04 00:00:00+00:00,25.03942,46.415226,0.0,1015.95416
2021-06-05 00:00:00+00:00,26.083168,45.650166,0.0,1013.97925
2021-06-06 00:00:00+00:00,26.012331,47.837666,0.0,1014.19165
2021-06-07 00:00:00+00:00,26.178999,44.269108,0.0,1014.55414
2021-06-08 00:00:00+00:00,27.999832,36.98319,0.0,1013.5083
2021-06-09 00:00:00+00:00,31.966501,25.978006,0.0,1011.0457
2021-06-10 00:00:00+00:00,30.404001,33.998447,0.0,1010.8625
2021-06-11 00:00:00+00:00,29.579004,38.97168,0.0,1011.44586
2021-06-12 00:00:00+00:00,29.116507,43.033237,0.0,1010.89594
2021-06-13 00:00:00+00:00,28.381086,46.292984,0.0,1011.14996
2021-06-14 00:00:00+00:00,27.070665,46.760807,0.0,1011.94147
2021-06-15 00:00:00+00:00,27.46441,45.338062,0.0,1011.8333
2021-06-16 00:00:00+00:00,26.870667,46.097195,0.0,1013.7292
2021-06-17 00:00:00+00:00,26.17067,46.6218,0.0,1015.7292
2021-06-18 00:00:00+00:00,27.46025,46.348698,0.0,1013.6584
2021-06-19 00:00:00+00:00,28.1415,36.98028,0.0,1011.8958
2021-06-20 00:00:00+00:00,29.82692,28.798037,0.0,1010.2043
2021-06-21 00:00:00+00:00,30.310251,33.898426,0.0,1011.1668
2021-06-22 00:00:00+00:00,30.03108,37.075623,0.0,1012.2751
2021-06-23 00:00:00+00:00,30.064417,38.900723,0.0,1012.25006
2021-06-24 00:00:00+00:00,30.820665,40.920944,0.0,1010.7417
2021-06-25 00:00:00+00:00,30.406082,46.451595,0.0,1008.48755
2021-06-26 00:00:00+00:00,31.135246,43.47575,0.0,1006.98755
2021-06-27 00:00:00+00:00,32.976917,36.886333,0.0,1006.75836
2021-06-28 00:00:00+00:00,33.008167,37.264233,0.0,1008.3376
2021-06-29 00:00:00+00:00,32.36858,44.941742,0.0,1007.93756
2021-06-30 00:00:00+00:00,32.551918,40.327168,0.0,1008.56256
2021-07-01 00:00:00+00:00,33.074833,34.149517,0.0,1009.6416
2021-07-02 00:00:00+00:00,34.218586,29.925898,0.0,1009.321
2021-07-03 00:00:00+00:00,32.59358,33.078503,0.0,1007.9292
2021-07-04 00:00:00+00:00,30.02275,46.88582,0.0,1008.25836
2021-07-05 00:00:00+00:00,29.666496,42.854904,0.0,1007.74585
2021-07-06 00:00:00+00:00,30.606087,39.02612,0.0,1006.9041
2021-07-07 00:00:00+00:00,31.45817,36.33805,0.0,1007.55426
2021-07-08 00:00:00+00:00,31.42067,44.51436,0.0,1008.6125
2021-07-09 00:00:00+00:00,31.512331,42.248005,0.0,1007.58325
2021-07-10 00:00:00+00:00,30.654001,52.69277,0.0,1005.321
2021-07-11 00:00:00+00:00,31.09775,46.56918,0.0,1006.06244
2021-07-12 00:00:00+00:00,31.38108,44.852016,0.0,1007.8584
2021-07-13 00:00:00+00:00,31.09775,42.595524,0.0,1007.8875
2021-07-14 00:00:00+00:00,30.689415,40.444256,0.0,1006.38336
2021-07-15 00:00:00+00:00,32.02483,40.733196,0.0,1004.7251
2021-07-16 00:00:00+00:00,33.191505,39.768322,0.0,1005.1834
2021-07-17 00:00:00+00:00,32.679,35.912807,0.0,1004.57916
2021-07-18 00:00:00+00:00,32.364418,38.776215,0.0,1004.61237
2021-07-19 00:00:00+00:00,32.914413,36.661007,0.0,1007.47925
2021-07-20 00:00:00+00:00,33.633167,29.489037,0.0,1008.52924
2021-07-21 00:00:00+00:00,32.614414,37.52316,0.0,1008.5874
2021-07-22 00:00:00+00:00,30.693583,48.944424,0.0,1007.49994
2021-07-23 00:00:00+00:00,30.368584,46.661304,0.0,1006.22095
2021-07-24 00:00:00+00:00,29.647757,48.012486,0.0,1006.27075
2021-07-25 00:00:00+00:00,29.722748,50.60832,0.0,1007.0999
2021-07-26 00:00:00+00:00,30.316504,48.441357,0.0,1009.4541
2021-07-27 00:00:00+00:00,31.378998,41.687946,0.0,1009.1834
2021-07-28 00:00:00+00:00,31.949831,39.91153,0.0,1007.19995
2021-07-29 00:00:00+00:00,31.820665,43.231182,0.0,1006.07495
2021-07-30 00:00:00+00:00,32.408165,41.78964,0.0,1004.49164
2021-07-31 00:00:00+00:00,32.829,42.01132,0.0,1004.06256
2021-08-01 00:00:00+00:00,33.797752,30.349524,0.0,1004.8084
2021-08-02 00:00:00+00:00,33.40817,35.024338,0.0,1004.571
2021-08-03 00:00:00+00:00,34.54358,27.808733,0.0,1005.6165
2021-08-04 00:00:00+00:00,36.0665,21.944117,0.0,1007.21234
2021-08-05 00:00:00+00:00,36.439415,20.024405,0.0,1006.10425
2021-08-06 00:00:00+00:00,35.539417,21.59771,0.0,1004.89166
2021-08-07 00:00:00+00:00,33.826916,38.76165,0.0,1006.09174
2021-08-08 00:00:00+00:00,31.73733,46.345463,0.0,1009.1375
2021-08-09 00:00:00+00:00,31.345667,48.936573,0.0,1010.3916
2021-08-10 00:00:00+00:00,31.912336,45.65329,0.0,1008.12494
2021-08-11 00:00:00+00:00,32.158165,39.929974,0.0,1006.575
2021-08-12 00:00:00+00:00,32.779,40.975185,0.0,1008.2751
2021-08-13 00:00:00+00:00,33.014416,35.611805,0.0,1009.5584
2021-08-14 00:00:00+00:00,31.195665,45.17374,0.0,1009.12506
2021-08-15 00:00:00+00:00,31.866495,41.932987,0.0,1008.79175
2021-08-16 00:00:00+00:00,31.083162,47.040997,0.0,1010.44165
2021-08-17 00:00:00+00:00,30.412333,47.919785,0.0,1010.175
2021-08-18 00:00:00+00:00,29.366499,45.816113,0.0,1007.7542
2021-08-19 00:00:00+00:00,30.231085,45.92265,0.0,1006.10834
2021-08-20 00:00:00+00:00,31.17483,44.743286,0.0,1006.3625
2021-08-21 00:00:00+00:00,31.956083,46.09466,0.0,1007.3376
2021-08-22 00:00:00+00:00,31.018583,46.918888,0.0,1008.62494
2021-08-23 00:00:00+00:00,29.712332,49.17515,0.0,1008.34595
2021-08-24 00:00:00+00:00,29.787336,50.442493,0.0,1008.604
2021-08-25 00:00:00+00:00,30.262331,51.676495,0.0,1009.5332
2021-08-26 00:00:00+00:00,30.833166,51.358166,0.0,1009.22925
2021-08-27 00:00:00+00:00,31.114418,45.178272,0.0,1009.8376
2021-08-28 00:00:00+00:00,31.145668,45.341064,0.0,1009.22906
2021-08-29 00:00:00+00:00,32.106083,43.58702,0.0,1007.9541
2021-08-30 00:00:00+00:00,30.508165,48.015842,0.0,1009.5708
2021-08-31 00:00:00+00:00,29.941504,49.18332,0.0,1010.45
2021-09-01 00:00:00+00:00,29.706083,49.544983,0.0,1009.79596
2021-09-02 00:00:00+00:00,29.874832,49.423634,0.0,1009.1084
2021-09-03 00:00:00+00:00,29.493584,51.32896,0.0,1008.4875
2021-09-04 00:00:00+00:00,29.34567,51.38954,0.0,1008.9792
2021-09-05 00:00:00+00:00,28.985252,52.717728,0.0,1010.29584
2021-09-06 00:00:00+00:00,28.872751,47.13374,0.0,1011.55414
2021-09-07 00:00:00+00:00,29.499838,47.126698,0.0,1013.0376
2021-09-08 00:00:00+00:00,33.3165,34.25606,0.0,1011.8208
2021-09-09 00:00:00+00:00,31.0665,44.228683,0.0,1012.1042
2021-09-10 00:00:00+00:00,27.941504,54.451324,0.0,1014.5417
2021-09-11 00:00:00+00:00,26.891502,52.876606,0.0,1013.4084
2021-09-12 00:00:00+00:00,28.891502,45.163746,0.0,1010.96246
2021-09-13 00:00:00+00:00,31.566504,37.160656,0.0,1008.9834
2021-09-14 00:00:00+00:00,30.097748,44.14253,0.0,1010.25
2021-09-15 00:00:00+00:00,28.312334,48.35168,0.0,1012.59576
2021-09-16 00:00:00+00:00,27.281084,52.191906,0.0,1012.59174
2021-09-17 00:00:00+00:00,27.301918,48.54173,0.0,1010.9917
2021-09-18 00:00:00+00:00,27.75608,50.11072,0.0,1012.28326
2021-09-19 00:00:00+00:00,28.48525,47.978992,0.0,1013.53754
2021-09-20 00:00:00+00:00,29.739424,50.329304,0.0,1013.65845
2021-09-21 00:00:00+00:00,29.962332,49.898987,0.0,1012.97925
2021-09-22 00:00:00+00:00,29.339418,49.249332,0.0,1010.93335
2021-09-23 00:00:00+00:00,28.270666,53.624863,0.0,1010.90826
2021-09-24 00:00:00+00:00,25.818583,50.67786,0.1,1013.0208
2021-09-25 00:00:00+00:00,24.916502,49.079193,0.0,1015.24567
2021-09-26 00:00:00+00:00,26.281084,53.355755,0.0,1014.32916
2021-09-27 00:00:00+00:00,26.051918,54.37247,0.0,1013.2832
2021-09-28 00:00:00+00:00,26.531084,55.07104,0.0,1012.6709
2021-09-29 00:00:00+00:00,26.639414,55.61195,0.0,1012.3875
2021-09-30 00:00:00+00:00,26.926918,58.421223,0.0,1011.47906
2021-10-01 00:00:00+00:00,25.82692,56.9097,0.0,1011.51666
2021-10-02 00:00:00+00:00,25.243584,57.581898,0.0,1012.23334
2021-10-03 00:00:00+00:00,25.418587,53.0771,0.0,1014.52496
2021-10-04 00:00:00+00:00,24.566505,55.864887,0.0,1015.0791
2021-10-05 00:00:00+00:00,24.174835,54.27615,0.0,1014.05835
2021-10-06 00:00:00+00:00,24.56025,53.494686,0.0,1013.2124
2021-10-07 00:00:00+00:00,24.981087,57.006832,0.0,1013.0208
2021-10-08 00:00:00+00:00,25.081085,54.7117,0.0,1013.71246
2021-10-09 00:00:00+00:00,25.22692,58.02277,0.0,1014.86664
2021-10-10 00:00:00+00:00,25.478998,59.77437,0.0,1014.81665
2021-10-11 00:00:00+00:00,26.256083,57.54692,0.0,1012.2583
2021-10-12 00:00:00+00:00,27.0165,53.93584,0.0,1009.74585
2021-10-13 00:00:00+00:00,26.799835,53.721546,0.0,1012.72095
2021-10-14 00:00:00+00:00,26.135248,59.8311,0.0,1014.6208
2021-10-15 00:00:00+00:00,27.201912,51.354507,0.1,1014.575
2021-10-16 00:00:00+00:00,27.760246,34.314568,0.0,1015.9792
2021-10-17 00:00:00+00:00,25.82067,46.02354,0.0,1017.1667
2021-10-18 00:00:00+00:00,23.89775,52.886444,0.0,1017.8584
2021-10-19 00:00:00+00:00,23.533167,52.446884,0.0,1019.8542
2021-10-20 00:00:00+00:00,23.043587,54.089615,0.0,1021.2166
2021-10-21 00:00:00+00:00,22.5665,52.73227,0.0,1020.5625
2021-10-22 00:00:00+00:00,22.618584,60.085644,0.0,1019.80005
2021-10-23 00:00:00+00:00,22.833168,61.40729,0.0,1020.08325
2021-10-24 00:00:00+00:00,21.999834,55.248608,0.0,1018.28754
2021-10-25 00:00:00+00:00,22.741503,57.768353,0.0,1015.90405
2021-10-26 00:00:00+00:00,23.285248,61.192295,0.0,1015.7625
2021-10-27 00:00:00+00:00,25.224836,54.74234,0.0,1015.25836
2021-10-28 00:00:00+00:00,27.154001,37.087173,0.0,1012.30835
2021-10-29 00:00:00+00:00,24.801918,60.620663,0.0,1012.9959
2021-10-30 00:00:00+00:00,25.7165,54.901707,0.1,1015.8376
2021-10-31 00:00:00+00:00,26.29775,50.995865,0.2,1014.9709
2021-11-01 00:00:00+00:00,24.895662,52.771023,0.0,1015.25415
2021-11-02 00:00:00+00:00,23.483168,54.61594,0.0,1017.2292
2021-11-03 00:00:00+00:00,24.572748,52.67694,0.0,1018.52075
2021-11-04 00:00:00+00:00,23.501917,62.37308,0.0,1018.66656
2021-11-05 00:00:00+00:00,23.716501,65.31849,0.0,1016.32086
2021-11-06 00:00:00+00:00,24.195665,66.46154,0.0,1014.6125
2021-11-07 00:00:00+00:00,24.395666,67.29509,0.0,1013.2957
2021-11-08 00:00:00+00:00,23.716501,60.64725,0.0,1013.93756
2021-11-09 00:00:00+00:00,23.876917,44.806637,0.0,1016.4124
2021-11-10 00:00:00+00:00,22.556086,64.62597,0.0,1016.5166
2021-11-11 00:00:00+00:00,21.358168,63.5045,0.0,1014.42084
2021-11-12 00:00:00+00:00,21.2415,57.04971,0.0,1013.46246
2021-11-13 00:00:00+00:00,22.058167,54.01768,0.0,1014.38324
2021-11-14 00:00:00+00:00,22.593582,59.21477,0.0,1014.6626
2021-11-15 00:00:00+00:00,21.849836,63.86731,0.0,1015.01666
2021-11-16 00:00:00+00:00,21.556084,63.03972,0.0,1015.42084
2021-11-17 00:00:00+00:00,21.483168,60.26916,0.0,1016.94165
2021-11-18 00:00:00+00:00,20.568584,67.84049,0.0,1019.37085
2021-11-19 00:00:00+00:00,19.704,62.5845,0.0,1017.19586
2021-11-20 00:00:00+00:00,17.654001,67.24554,2.6,1011.2083
2021-11-21 00:00:00+00:00,16.835253,70.90499,0.4,1013.19995
2021-11-22 00:00:00+00:00,18.229002,71.758446,0.1,1019.6875
2021-11-23 00:00:00+00:00,19.76025,64.58582,0.0,1020.56665
2021-11-24 00:00:00+00:00,19.837334,61.88977,0.0,1016.6958
2021-11-25 00:00:00+00:00,21.187334,57.263615,0.0,1016.05835
2021-11-26 00:00:00+00:00,20.366499,56.0342,0.0,1018.9876
2021-11-27 00:00:00+00:00,21.643583,42.267002,0.0,1018.1291
2021-11-28 00:00:00+00:00,23.85192,32.46973,0.0,1017.9167
2021-11-29 00:00:00+00:00,25.224836,32.823746,0.0,1016.30005
2021-11-30 00:00:00+00:00,22.333166,49.075718,0.0,1016.39996
2021-12-01 00:00:00+00:00,18.393585,67.64088,0.1,1018.5542
2021-12-02 00:00:00+00:00,17.987333,55.934845,0.0,1019.6709
2021-12-03 00:00:00+00:00,17.751917,58.831158,0.0,1018.8084
2021-12-04 00:00:00+00:00,17.220667,53.78592,0.0,1014.625
2021-12-05 00:00:00+00:00,16.601917,54.174953,0.0,1015.68744
2021-12-06 00:00:00+00:00,17.443586,60.77005,0.0,1017.96674
2021-12-07 00:00:00+00:00,16.572752,51.204544,0.0,1014.46674
2021-12-08 00:00:00+00:00,15.0915,43.072174,0.0,1019.0874
2021-12-09 00:00:00+00:00,16.143583,55.66579,0.0,1023.0042
2021-12-10 00:00:00+00:00,18.266502,51.94124,0.0,1018.7459
2021-12-11 00:00:00+00:00,18.408169,49.03478,0.0,1017.2502
2021-12-12 00:00:00+00:00,18.168583,55.875645,0.0,1017.2251
2021-12-13 00:00:00+00:00,18.387333,73.04898,0.0,1015.9292
2021-12-14 00:00:00+00:00,16.212334,62.253124,0.0,1014.3376
2021-12-15 00:00:00+00:00,14.3914995,51.962032,0.0,1017.1082
2021-12-16 00:00:00+00:00,14.054001,61.930172,0.0,1018.82086
2021-12-17 00:00:00+00:00,14.206085,70.41727,0.2,1018.9915
2021-12-18 00:00:00+00:00,13.662332,57.413754,0.0,1017.10004
2021-12-19 00:00:00+00:00,14.214419,55.84062,1.5,1015.45825
2021-12-20 00:00:00+00:00,11.179,68.22231,1.8,1018.81256
2021-12-21 00:00:00+00:00,12.033168,69.99804,0.0,1023.81256
2021-12-22 00:00:00+00:00,13.018585,78.41622,0.4,1023.0168
2021-12-23 00:00:00+00:00,12.945666,83.6719,0.1,1021.0959
2021-12-24 00:00:00+00:00,13.4019165,67.31602,0.0,1022.22925
2021-12-25 00:00:00+00:00,13.691499,57.464188,0.0,1023.5251
2021-12-26 00:00:00+00:00,13.199832,62.285725,0.0,1022.0584
2021-12-27 00:00:00+00:00,14.110251,62.466137,0.0,1020.35425
2021-12-28 00:00:00+00:00,14.681084,68.654236,0.0,1017.89996
2021-12-29 00:00:00+00:00,14.629003,58.900696,0.6,1016.6541
2021-12-30 00:00:00+00:00,15.376919,54.289536,0.8000001,1012.24585
2021-12-31 00:00:00+00:00,14.422752,74.96586,8.099999,1011.36664
2022-01-01 00:00:00+00:00,13.245667,78.809456,0.2,1014.0874
2022-01-02 00:00:00+00:00,13.893582,82.75477,0.4,1017.4834
2022-01-03 00:00:00+00:00,15.039418,79.24143,0.0,1020.6543
2022-01-04 00:00:00+00:00,14.774834,73.13875,0.0,1023.50006
2022-01-05 00:00:00+00:00,14.781085,70.28752,0.0,1023.03754
2022-01-06 00:00:00+00:00,14.808169,67.44659,0.0,1019.20404
2022-01-07 00:00:00+00:00,14.1727495,69.41921,0.0,1017.57916
2022-01-08 00:00:00+00:00,15.414417,53.183224,0.0,1014.575
2022-01-09 00:00:00+00:00,13.4019165,55.448776,0.0,1013.87494
2022-01-10 00:00:00+00:00,12.551915,53.627106,0.0,1013.76666
2022-01-11 00:00:00+00:00,14.441501,39.628548,0.0,1014.91675
2022-01-12 00:00:00+00:00,14.918584,35.310047,0.0,1015.7334
2022-01-13 00:00:00+00:00,14.07692,54.63925,0.0,1016.54584
2022-01-14 00:00:00+00:00,12.283166,70.214714,0.3,1017.45013
2022-01-15 00:00:00+00:00,11.656082,57.99681,0.0,1016.22504
2022-01-16 00:00:00+00:00,11.989415,64.490585,0.8,1016.325
2022-01-17 00:00:00+00:00,10.22275,65.031525,0.0,1022.35425
2022-01-18 00:00:00+00:00,11.268584,50.427326,0.0,1024.3958
2022-01-19 00:00:00+00:00,9.978999,60.699066,3.7999997,1024.4293
2022-01-20 00:00:00+00:00,10.653999,52.25008,0.0,1028.7417
2022-01-21 00:00:00+00:00,10.185249,55.76653,0.0,1025.8834
2022-01-22 00:00:00+00:00,11.3289995,53.175976,0.0,1020.9292
2022-01-23 00:00:00+00:00,11.783166,60.31166,0.0,1018.7668
2022-01-24 00:00:00+00:00,10.901916,59.938267,0.1,1021.3291
2022-01-25 00:00:00+00:00,10.774834,45.350937,0.0,1020.2207
2022-01-26 00:00:00+00:00,8.489417,66.848976,11.0,1019.054
2022-01-27 00:00:00+00:00,9.89775,63.720966,0.0,1023.925
2022-01-28 00:00:00+00:00,10.464416,65.97801,0.0,1024.7626
2022-01-29 00:00:00+00:00,11.699834,60.51456,0.0,1021.91656
2022-01-30 00:00:00+00:00,12.864419,50.35805,0.0,1017.64166
2022-01-31 00:00:00+00:00,11.943584,64.029144,2.0,1014.81665
2022-02-01 00:00:00+00:00,13.389417,60.93156,0.0,1018.5083
2022-02-02 00:00:00+00:00,14.156085,48.690296,0.0,1014.98755
2022-02-03 00:00:00+00:00,13.428998,47.039516,0.2,1012.23755
2022-02-04 00:00:00+00:00,12.43525,62.262722,0.6,1015.86664
2022-02-05 00:00:00+00:00,12.485251,64.22004,0.0,1023.0999
2022-02-06 00:00:00+00:00,13.262333,61.93417,0.0,1025.0625
2022-02-07 00:00:00+00:00,15.1935835,54.592464,0.0,1022.77075
2022-02-08 00:00:00+00:00,16.120668,45.174465,0.0,1018.4958
2022-02-09 00:00:00+00:00,13.0685835,52.605854,0.0,1017.4373
2022-02-10 00:00:00+00:00,12.314418,59.41888,0.0,1019.57086
2022-02-11 00:00:00+00:00,13.656085,59.199295,0.0,1023.13336
2022-02-12 00:00:00+00:00,14.62275,58.37677,0.0,1023.79584
2022-02-13 00:00:00+00:00,14.7977495,66.87319,0.0,1021.425
2022-02-14 00:00:00+00:00,14.306084,61.678852,0.0,1021.07904
2022-02-15 00:00:00+00:00,14.181084,63.404312,0.0,1021.9834
2022-02-16 00:00:00+00:00,14.320666,59.561687,0.0,1020.4292
2022-02-17 00:00:00+00:00,14.437332,64.17004,0.0,1013.5791
2022-02-18 00:00:00+00:00,13.9956665,70.17074,1.6000001,1012.0334
2022-02-19 00:00:00+00:00,11.876916,74.909996,11.1,1015.8499
2022-02-20 00:00:00+00:00,13.524834,69.67941,0.0,1023.25433
2022-02-21 00:00:00+00:00,15.514417,67.32343,0.0,1021.1375
2022-02-22 00:00:00+00:00,16.772753,59.45352,0.0,1014.90405
2022-02-23 00:00:00+00:00,17.191502,59.519775,0.5,1010.55005
2022-02-24 00:00:00+00:00,13.316501,62.77333,0.1,1012.66266
2022-02-25 00:00:00+00:00,14.164418,61.700256,0.0,1016.7041
2022-02-26 00:00:00+00:00,14.5581665,59.10764,0.0,1021.1418
2022-02-27 00:00:00+00:00,15.454001,52.896076,0.0,1021.9209
2022-02-28 00:00:00+00:00,16.668583,50.348095,0.0,1020.45416
2022-03-01 00:00:00+00:00,19.28942,42.115845,0.0,1017.92487
2022-03-02 00:00:00+00:00,21.18525,37.005558,0.0,1011.0
2022-03-03 00:00:00+00:00,15.435252,49.399677,0.0,1016.9959
2022-03-04 00:00:00+00:00,15.312335,52.968,0.0,1018.54987
2022-03-05 00:00:00+00:00,17.937334,46.511,0.0,1013.90845
2022-03-06 00:00:00+00:00,22.397753,33.15359,0.0,1007.0542
2022-03-07 00:00:00+00:00,18.404001,60.758602,0.0,1013.4082
2022-03-08 00:00:00+00:00,18.876919,48.86853,0.1,1009.64575
2022-03-09 00:00:00+00:00,17.728998,59.343475,0.0,1009.33325
2022-03-10 00:00:00+00:00,14.9956665,49.68091,0.0,1013.5708
2022-03-11 00:00:00+00:00,12.549832,50.20668,0.0,1019.7417
2022-03-12 00:00:00+00:00,11.978999,44.023273,0.0,1021.74994
2022-03-13 00:00:00+00:00,11.10608,50.582783,0.0,1022.3667
2022-03-14 00:00:00+00:00,10.6102495,50.291615,0.0,1025.4332
2022-03-15 00:00:00+00:00,11.129001,52.108433,0.0,1027.0541
2022-03-16 00:00:00+00:00,13.362334,43.59297,0.0,1026.2333
2022-03-17 00:00:00+00:00,14.024834,45.0972,0.0,1023.7
2022-03-18 00:00:00+00:00,15.353999,57.10936,0.0,1021.6917
2022-03-19 00:00:00+00:00,14.6623335,57.937134,0.0,1020.4458
2022-03-20 00:00:00+00:00,13.149833,45.977352,1.5,1018.35846
2022-03-21 00:00:00+00:00,12.5685835,54.065365,0.0,1015.95416
2022-03-22 00:00:00+00:00,12.231082,55.156002,0.0,1017.22076
2022-03-23 00:00:00+00:00,12.649834,49.35294,0.0,1017.575
2022-03-24 00:00:00+00:00,13.156085,53.426533,0.5,1018.5
2022-03-25 00:00:00+00:00,13.620667,53.945858,0.0,1022.15424
2022-03-26 00:00:00+00:00,16.543583,43.626263,0.0,1025.9333
2022-03-27 00:00:00+00:00,16.8665,55.119076,0.0,1026.7959
2022-03-28 00:00:00+00:00,16.085253,60.6629,0.0,1024.3666
2022-03-29 00:00:00+00:00,18.854,54.75647,0.0,1016.77094
2022-03-30 00:00:00+00:00,20.643583,39.089985,0.0,1015.46674
2022-03-31 00:00:00+00:00,23.110252,20.257936,0.0,1015.52905
2022-04-01 00:00:00+00:00,24.154001,24.217646,0.0,1013.47906
2022-04-02 00:00:00+00:00,27.41233,14.177575,0.0,1012.7043
2022-04-03 00:00:00+00:00,23.03525,30.386522,0.0,1014.9958
2022-04-04 00:00:00+00:00,25.151918,25.838308,0.0,1015.53326
2022-04-05 00:00:00+00:00,30.643585,12.232661,0.0,1012.2708
2022-04-06 00:00:00+00:00,29.831087,16.253347,0.0,1012.6833
2022-04-07 00:00:00+00:00,30.218584,20.459425,0.0,1012.1958
2022-04-08 00:00:00+00:00,23.83317,40.34623,0.0,1013.40405
2022-04-09 00:00:00+00:00,20.866499,54.090183,0.0,1013.5667
2022-04-10 00:00:00+00:00,22.020668,52.807507,0.0,1011.7625
2022-04-11 00:00:00+00:00,20.785252,51.862167,0.0,1013.71246
2022-04-12 00:00:00+00:00,18.243586,46.591198,0.0,1016.1208
2022-04-13 00:00:00+00:00,18.145666,52.943974,0.0,1014.41254
2022-04-14 00:00:00+00:00,19.154003,51.854412,0.0,1014.6543
2022-04-15 00:00:00+00:00,19.795668,53.985123,0.0,1013.90826
2022-04-16 00:00:00+00:00,23.741499,36.779373,0.0,1011.3542
2022-04-17 00:00:00+00:00,31.93525,15.974251,0.0,1004.91656
2022-04-18 00:00:00+00:00,25.181084,36.099163,0.0,1007.7541
2022-04-19 00:00:00+00:00,21.476915,51.6152,4.2,1013.97076
2022-04-20 00:00:00+00:00,19.741503,55.54848,0.0,1016.8333
2022-04-21 00:00:00+00:00,19.387335,55.86359,0.0,1015.2749
2022-04-22 00:00:00+00:00,20.04775,56.81011,0.0,1011.58746
2022-04-23 00:00:00+00:00,22.566504,49.596745,0.0,1008.47076
2022-04-24 00:00:00+00:00,23.826918,35.98396,0.0,1008.6292
2022-04-25 00:00:00+00:00,25.235254,37.220608,0.0,1009.75397
2022-04-26 00:00:00+00:00,25.09983,36.80843,0.0,1010.47906
2022-04-27 00:00:00+00:00,24.029001,38.92919,0.0,1010.8667
2022-04-28 00:00:00+00:00,24.839417,33.38842,0.0,1009.8958
2022-04-29 00:00:00+00:00,30.541498,13.501041,0.0,1005.9292
2022-04-30 00:00:00+00:00,26.383165,32.35715,0.0,1009.40826
2022-05-01 00:00:00+00:00,24.83525,40.988297,0.0,1013.44586
2022-05-02 00:00:00+00:00,26.699837,30.20581,0.0,1009.07916
2022-05-03 00:00:00+00:00,26.210249,38.45311,0.0,1007.77496
2022-05-04 00:00:00+00:00,22.514418,51.883945,0.0,1014.58344
2022-05-05 00:00:00+00:00,20.776918,52.69119,0.0,1016.70825
2022-05-06 00:00:00+00:00,22.2665,41.15559,0.0,1014.79987
2022-05-07 00:00:00+00:00,22.666502,41.518593,0.0,1014.6875
2022-05-08 00:00:00+00:00,25.753998,26.420586,0.0,1013.7668
2022-05-09 00:00:00+00:00,27.387335,22.914948,0.0,1010.9458
2022-05-10 00:00:00+00:00,24.795668,38.36768,0.0,1014.46674
2022-05-11 00:00:00+00:00,24.68942,40.593746,0.0,1016.7209
2022-05-12 00:00:00+00:00,24.03317,41.755657,0.0,1018.0083
2022-05-13 00:00:00+00:00,24.922754,43.752125,0.0,1014.9124
2022-05-14 00:00:00+00:00,25.241499,45.68045,0.0,1013.08746
2022-05-15 00:00:00+00:00,24.395668,42.834747,0.0,1016.6458
2022-05-16 00:00:00+00:00,23.6915,45.272736,0.0,1017.55005
2022-05-17 00:00:00+00:00,25.591501,39.367134,0.0,1014.9209
2022-05-18 00:00:00+00:00,26.63317,37.737442,0.0,1013.22504
2022-05-19 00:00:00+00:00,28.38317,29.001587,0.0,1012.72504
2022-05-20 00:00:00+00:00,29.429,27.664316,0.0,1011.1335
2022-05-21 00:00:00+00:00,24.310255,50.54213,0.0,1012.8333
2022-05-22 00:00:00+00:00,23.364418,39.159515,0.0,1012.7666
2022-05-23 00:00:00+00:00,25.443583,39.247883,0.0,1012.20416
2022-05-24 00:00:00+00:00,26.851921,41.222385,0.0,1012.5501
2022-05-25 00:00:00+00:00,27.370668,37.216316,0.0,1014.38745
2022-05-26 00:00:00+00:00,27.643583,39.151787,0.0,1014.2751
2022-05-27 00:00:00+00:00,28.812334,36.92116,0.0,1011.5417
2022-05-28 00:00:00+00:00,29.891502,32.50713,0.0,1009.7209
2022-05-29 00:00:00+00:00,30.974836,26.212538,0.0,1010.4082
2022-05-30 00:00:00+00:00,32.42484,23.709328,0.0,1010.6958
2022-05-31 00:00:00+00:00,29.278997,37.3296,0.0,1011.21674
2022-06-01 00:00:00+00:00,27.172747,48.91244,0.0,1009.5999
2022-06-02 00:00:00+00:00,27.735247,45.97287,0.0,1008.2791
2022-06-03 00:00:00+00:00,28.533165,44.012146,0.0,1009.74585
2022-06-04 00:00:00+00:00,30.112333,40.81801,0.0,1009.85834
2022-06-05 00:00:00+00:00,29.908167,41.794495,0.0,1009.7041
2022-06-06 00:00:00+00:00,29.1915,44.19342,0.0,1009.50836
2022-06-07 00:00:00+00:00,29.606085,41.920765,0.0,1008.14575
2022-06-08 00:00:00+00:00,31.097754,37.397076,0.0,1009.179
2022-06-09 00:00:00+00:00,33.476917,25.6075,0.0,1008.36255
2022-06-10 00:00:00+00:00,33.039417,30.328074,0.0,1009.8459
2022-06-11 00:00:00+00:00,34.710247,24.997377,0.0,1008.35425
2022-06-12 00:00:00+00:00,29.099836,42.165695,0.0,1008.3208
2022-06-13 00:00:00+00:00,28.020666,47.39502,0.0,1008.8625
2022-06-14 00:00:00+00:00,29.07692,42.882446,0.0,1010.12085
2022-06-15 00:00:00+00:00,28.631088,50.2216,0.0,1011.40424
2022-06-16 00:00:00+00:00,28.772753,52.658245,0.0,1010.4417
2022-06-17 00:00:00+00:00,29.022749,49.05624,0.0,1009.3665
2022-06-18 00:00:00+00:00,28.860252,49.66949,0.0,1008.9709
2022-06-19 00:00:00+00:00,28.512335,44.156498,0.0,1010.54584
2022-06-20 00:00:00+00:00,28.154,45.524902,0.0,1011.62085
2022-06-21 00:00:00+00:00,27.72483,44.86568,0.0,1009.55
2022-06-22 00:00:00+00:00,28.641502,47.804966,0.0,1007.3291
2022-06-23 00:00:00+00:00,30.616499,43.975708,0.0,1007.99176
2022-06-24 00:00:00+00:00,32.962334,35.699608,0.0,1007.51245
2022-06-25 00:00:00+00:00,30.087334,41.729534,0.0,1008.2126
2022-06-26 00:00:00+00:00,30.010248,40.439972,0.0,1009.97485
2022-06-27 00:00:00+00:00,29.870668,41.12852,0.0,1009.31256
2022-06-28 00:00:00+00:00,29.143585,49.50603,0.0,1007.36664
2022-06-29 00:00:00+00:00,29.506083,46.63679,0.0,1007.44165
2022-06-30 00:00:00+00:00,29.462334,47.652164,0.0,1007.29584
2022-07-01 00:00:00+00:00,29.789415,43.22025,0.0,1007.64594
2022-07-02 00:00:00+00:00,30.408167,43.708958,0.0,1007.4583
2022-07-03 00:00:00+00:00,31.276918,42.824585,0.0,1005.84174
2022-07-04 00:00:00+00:00,31.92483,34.03516,0.0,1005.88324
2022-07-05 00:00:00+00:00,31.314417,38.632385,0.0,1007.3125
2022-07-06 00:00:00+00:00,30.593584,34.383183,0.0,1007.2166
2022-07-07 00:00:00+00:00,30.026918,37.297108,0.0,1007.84174
2022-07-08 00:00:00+00:00,29.85817,50.826084,0.0,1007.30817
2022-07-09 00:00:00+00:00,31.193583,43.24954,0.0,1006.46674
2022-07-10 00:00:00+00:00,30.151918,47.59956,0.0,1005.7791
2022-07-11 00:00:00+00:00,28.92692,50.372677,0.0,1008.5708
2022-07-12 00:00:00+00:00,29.858168,50.031742,0.0,1010.01263
2022-07-13 00:00:00+00:00,28.756083,52.779346,0.0,1009.4626
2022-07-14 00:00:00+00:00,28.82067,47.77667,0.0,1007.78754
2022-07-15 00:00:00+00:00,28.781084,43.479946,0.0,1007.40015
2022-07-16 00:00:00+00:00,29.183167,45.914154,0.0,1007.7874
2022-07-17 00:00:00+00:00,30.610252,44.994694,0.0,1006.8833
2022-07-18 00:00:00+00:00,31.641497,40.044266,0.0,1005.39996
2022-07-19 00:00:00+00:00,32.283165,35.002907,0.0,1006.05835
2022-07-20 00:00:00+00:00,31.618582,42.79746,0.0,1007.77094
2022-07-21 00:00:00+00:00,30.120667,48.194626,0.0,1007.54175
2022-07-22 00:00:00+00:00,30.1915,46.26218,0.0,1008.2707
2022-07-23 00:00:00+00:00,30.647749,41.89207,0.0,1008.04175
2022-07-24 00:00:00+00:00,30.916502,42.992016,0.0,1005.49176
2022-07-25 00:00:00+00:00,31.416504,38.986866,0.0,1004.2166
2022-07-26 00:00:00+00:00,31.654,32.02654,0.0,1004.36237
2022-07-27 00:00:00+00:00,31.301912,37.718655,0.0,1004.4124
2022-07-28 00:00:00+00:00,32.14358,32.032944,0.0,1005.80005
2022-07-29 00:00:00+00:00,31.98317,33.94093,0.0,1007.28754
2022-07-30 00:00:00+00:00,31.545668,32.33782,0.0,1007.3125
2022-07-31 00:00:00+00:00,30.720663,45.891006,0.0,1005.12506
2022-08-01 00:00:00+00:00,31.647749,46.948284,0.0,1004.80835
2022-08-02 00:00:00+00:00,31.299835,45.0182,0.0,1005.52075
2022-08-03 00:00:00+00:00,30.837332,44.27626,0.0,1006.6082
2022-08-04 00:00:00+00:00,30.954002,45.88297,0.0,1007.22504
2022-08-05 00:00:00+00:00,30.48317,49.443325,0.0,1007.1668
2022-08-06 00:00:00+00:00,30.770666,48.32118,0.0,1005.7209
2022-08-07 00:00:00+00:00,30.076918,46.579647,0.0,1005.1416
2022-08-08 00:00:00+00:00,31.508165,42.271114,0.0,1006.97925
2022-08-09 00:00:00+00:00,31.676916,42.497784,0.0,1007.6165
2022-08-10 00:00:00+00:00,31.293585,45.565388,0.0,1007.0291
2022-08-11 00:00:00+00:00,30.87692,43.1694,0.0,1007.45
2022-08-12 00:00:00+00:00,30.016497,46.85727,0.0,1008.0625
2022-08-13 00:00:00+00:00,30.299837,45.675976,0.0,1007.82916
2022-08-14 00:00:00+00:00,30.137335,49.454712,0.0,1007.37506
2022-08-15 00:00:00+00:00,29.724836,52.71376,0.0,1008.2126
2022-08-16 00:00:00+00:00,29.839417,49.316837,0.0,1008.96674
2022-08-17 00:00:00+00:00,29.676912,47.69905,0.0,1007.3042
2022-08-18 00:00:00+00:00,30.437338,49.10031,0.0,1005.53326
2022-08-19 00:00:00+00:00,31.110252,45.147846,0.0,1005.8083
2022-08-20 00:00:00+00:00,32.058167,46.595932,0.0,1006.2791
2022-08-21 00:00:00+00:00,31.889418,34.97373,0.0,1005.5042
2022-08-22 00:00:00+00:00,31.601921,42.607716,0.0,1007.27924
2022-08-23 00:00:00+00:00,33.064415,35.73102,0.0,1008.59985
2022-08-24 00:00:00+00:00,33.520668,33.01766,0.0,1006.92914
2022-08-25 00:00:00+00:00,30.591494,55.565155,0.1,1007.9917
2022-08-26 00:00:00+00:00,29.4915,50.39204,0.0,1008.42084
2022-08-27 00:00:00+00:00,29.287333,53.69452,0.0,1008.80835
2022-08-28 00:00:00+00:00,29.889414,56.580566,0.0,1009.1582
2022-08-29 00:00:00+00:00,30.154,56.175747,0.0,1010.4167
2022-08-30 00:00:00+00:00,30.537336,56.370945,0.0,1011.05005
2022-08-31 00:00:00+00:00,30.401917,54.848206,0.1,1009.89575
2022-09-01 00:00:00+00:00,29.60192,52.983486,0.0,1009.15845
2022-09-02 00:00:00+00:00,29.160246,54.287457,0.0,1010.3
2022-09-03 00:00:00+00:00,29.512331,51.606274,0.0,1011.71246
2022-09-04 00:00:00+00:00,29.891502,51.145702,0.0,1011.7624
2022-09-05 00:00:00+00:00,29.353996,56.029785,0.0,1010.4583
2022-09-06 00:00:00+00:00,29.293587,52.386326,0.0,1009.3291
2022-09-07 00:00:00+00:00,28.956085,54.406315,0.0,1009.25
2022-09-08 00:00:00+00:00,29.62275,52.679867,0.0,1010.39984
2022-09-09 00:00:00+00:00,29.56858,52.705673,0.0,1012.1707
2022-09-10 00:00:00+00:00,29.456083,50.77744,0.0,1011.83344
2022-09-11 00:00:00+00:00,29.129004,50.253384,0.0,1010.0042
2022-09-12 00:00:00+00:00,29.841507,54.527267,0.0,1007.5459
2022-09-13 00:00:00+00:00,28.662336,57.23784,0.0,1008.3249
2022-09-14 00:00:00+00:00,27.601923,47.958893,0.0,1012.3792
2022-09-15 00:00:00+00:00,26.926918,46.46828,0.0,1013.4875
2022-09-16 00:00:00+00:00,26.7665,43.800236,0.0,1011.15405
2022-09-17 00:00:00+00:00,27.756086,55.80254,0.0,1009.02496
2022-09-18 00:00:00+00:00,27.947752,48.227695,0.0,1010.1833
2022-09-19 00:00:00+00:00,27.8915,55.05838,0.0,1011.13745
2022-09-20 00:00:00+00:00,27.610252,54.90292,0.0,1010.3167
2022-09-21 00:00:00+00:00,27.543587,46.418453,0.0,1010.31256
2022-09-22 00:00:00+00:00,29.77275,34.273273,0.0,1009.6665
2022-09-23 00:00:00+00:00,29.012335,52.94312,0.0,1011.02075
2022-09-24 00:00:00+00:00,29.031084,54.24179,0.0,1012.95416
2022-09-25 00:00:00+00:00,29.308167,54.66664,0.0,1012.9917
2022-09-26 00:00:00+00:00,29.606081,54.744556,0.0,1012.95825
2022-09-27 00:00:00+00:00,30.145666,49.586437,0.0,1012.26666
2022-09-28 00:00:00+00:00,30.25817,43.819866,0.0,1012.4377
2022-09-29 00:00:00+00:00,31.045664,39.592678,0.0,1012.39996
2022-09-30 00:00:00+00:00,30.999832,45.97055,0.0,1014.36255
2022-10-01 00:00:00+00:00,30.993584,46.163082,0.0,1015.32904
2022-10-02 00:00:00+00:00,29.628998,51.98585,0.0,1010.77496
2022-10-03 00:00:00+00:00,27.54567,57.195084,0.0,1008.52515
2022-10-04 00:00:00+00:00,26.518585,52.69525,0.0,1011.054
2022-10-05 00:00:00+00:00,26.766502,55.438156,0.0,1014.88336
2022-10-06 00:00:00+00:00,25.685247,54.15974,0.0,1015.37494
2022-10-07 00:00:00+00:00,24.033165,48.822567,0.0,1014.60406
2022-10-08 00:00:00+00:00,24.610252,45.259354,0.0,1014.63336
2022-10-09 00:00:00+00:00,24.28317,52.01965,0.0,1016.0334
2022-10-10 00:00:00+00:00,24.67067,56.104893,0.0,1017.51654
2022-10-11 00:00:00+00:00,24.970665,56.735397,0.0,1016.64166
2022-10-12 00:00:00+00:00,24.499832,60.31169,0.0,1016.3916
2022-10-13 00:00:00+00:00,24.081085,55.179432,0.0,1015.9876
2022-10-14 00:00:00+00:00,24.018585,53.883236,0.0,1013.6125
2022-10-15 00:00:00+00:00,26.135252,42.5624,0.0,1010.6584
2022-10-16 00:00:00+00:00,25.82067,40.26477,0.0,1012.3833
2022-10-17 00:00:00+00:00,24.362335,54.83844,0.0,1016.27905
2022-10-18 00:00:00+00:00,23.706087,56.376522,0.0,1016.7041
2022-10-19 00:00:00+00:00,23.970667,56.474552,0.0,1014.9543
2022-10-20 00:00:00+00:00,24.29567,58.31422,0.0,1014.2668
2022-10-21 00:00:00+00:00,23.858168,58.563267,0.0,1015.1208
2022-10-22 00:00:00+00:00,23.56025,56.890274,0.2,1017.56683
2022-10-23 00:00:00+00:00,23.2165,59.64011,0.1,1018.8083
2022-10-24 00:00:00+00:00,23.16025,52.9305,0.0,1017.4334
2022-10-25 00:00:00+00:00,21.737335,65.37838,4.7,1014.36664
2022-10-26 00:00:00+00:00,22.564415,69.23942,2.2999997,1015.5666
2022-10-27 00:00:00+00:00,23.84775,68.60152,0.1,1017.8083
2022-10-28 00:00:00+00:00,23.939417,63.951557,0.0,1016.5666
2022-10-29 00:00:00+00:00,22.626917,66.03657,0.0,1014.8582
2022-10-30 00:00:00+00:00,22.485252,61.641895,0.1,1015.1667
2022-10-31 00:00:00+00:00,22.66025,52.356323,0.0,1015.95844
2022-11-01 00:00:00+00:00,21.872751,53.704914,0.0,1017.19995
2022-11-02 00:00:00+00:00,21.358168,56.72114,0.0,1017.74164
2022-11-03 00:00:00+00:00,22.045668,58.083054,0.0,1017.81256
2022-11-04 00:00:00+00:00,21.531084,61.83041,0.0,1016.7498
2022-11-05 00:00:00+00:00,20.935251,56.457413,0.0,1016.5251
2022-11-06 00:00:00+00:00,20.941502,50.706394,0.0,1016.32495
2022-11-07 00:00:00+00:00,21.53525,42.592754,0.0,1014.8333
2022-11-08 00:00:00+00:00,20.96025,62.071777,0.1,1015.25836
2022-11-09 00:00:00+00:00,20.668587,57.10342,0.0,1016.17914
2022-11-10 00:00:00+00:00,20.010252,54.50188,0.0,1017.429
2022-11-11 00:00:00+00:00,20.518585,60.456055,0.0,1018.9124
2022-11-12 00:00:00+00:00,21.108168,58.945675,0.0,1019.0999
2022-11-13 00:00:00+00:00,21.756083,59.913074,0.0,1018.88763
2022-11-14 00:00:00+00:00,21.604002,56.274876,0.0,1017.88336
2022-11-15 00:00:00+00:00,19.251917,59.41713,0.0,1017.6291
2022-11-16 00:00:00+00:00,19.03942,56.19005,0.0,1016.33746
2022-11-17 00:00:00+00:00,19.285252,57.11119,0.0,1017.3916
2022-11-18 00:00:00+00:00,20.329,47.319225,0.0,1018.57074
2022-11-19 00:00:00+00:00,20.5665,57.96683,0.0,1021.00415
2022-11-20 00:00:00+00:00,21.087336,56.328358,0.0,1019.01245
2022-11-21 00:00:00+00:00,20.501915,53.642105,0.0,1015.98315
2022-11-22 00:00:00+00:00,20.9415,62.101887,0.0,1017.1541
2022-11-23 00:00:00+00:00,19.526918,60.69014,0.0,1015.52924
2022-11-24 00:00:00+00:00,19.316502,46.231827,0.0,1012.99585
2022-11-25 00:00:00+00:00,19.218584,53.287983,0.3,1015.08344
2022-11-26 00:00:00+00:00,18.295668,58.183598,0.0,1018.09174
2022-11-27 00:00:00+00:00,17.474833,60.601383,0.0,1014.37103
2022-11-28 00:00:00+00:00,17.362333,57.425625,0.0,1010.1875
2022-11-29 00:00:00+00:00,18.437334,49.94743,0.0,1012.2041
2022-11-30 00:00:00+00:00,19.647753,43.70586,0.0,1015.0291
2022-12-01 00:00:00+00:00,19.181082,41.768116,0.0,1017.3833
2022-12-02 00:00:00+00:00,18.766502,54.431805,0.0,1018.4375
2022-12-03 00:00:00+00:00,19.056086,66.12196,0.0,1017.82916
2022-12-04 00:00:00+00:00,18.554,65.963036,0.0,1019.4876
2022-12-05 00:00:00+00:00,18.233168,65.32165,0.2,1020.53326
2022-12-06 00:00:00+00:00,17.78525,65.4941,0.0,1019.47906
2022-12-07 00:00:00+00:00,17.54775,60.365784,0.0,1018.6541
2022-12-08 00:00:00+00:00,18.708166,46.80241,0.0,1019.7542
2022-12-09 00:00:00+00:00,19.176918,41.605618,0.0,1019.46655
2022-12-10 00:00:00+00:00,18.337336,45.58226,0.0,1018.50415
2022-12-11 00:00:00+00:00,18.249836,51.91858,0.0,1015.45
2022-12-12 00:00:00+00:00,19.076918,44.331097,0.0,1012.6208
2022-12-13 00:00:00+00:00,18.389418,64.12652,0.0,1014.95404
2022-12-14 00:00:00+00:00,19.722752,51.392166,0.0,1016.1416
2022-12-15 00:00:00+00:00,19.879,48.681896,0.0,1018.83344
2022-12-16 00:00:00+00:00,18.987335,66.92581,0.0,1020.2083
2022-12-17 00:00:00+00:00,19.8165,75.952995,0.0,1019.7957
2022-12-18 00:00:00+00:00,19.941502,69.50075,0.0,1019.35834
2022-12-19 00:00:00+00:00,18.506084,72.17103,0.0,1017.78326
2022-12-20 00:00:00+00:00,17.768583,69.18473,0.6,1016.2251
2022-12-21 00:00:00+00:00,16.745668,63.494907,0.0,1016.49164
2022-12-22 00:00:00+00:00,16.089417,70.64638,9.599999,1014.26245
2022-12-23 00:00:00+00:00,15.179002,83.95062,2.1,1014.5415
2022-12-24 00:00:00+00:00,14.897752,74.2855,0.5,1017.12085
2022-12-25 00:00:00+00:00,14.529,77.01762,1.1,1018.65826
2022-12-26 00:00:00+00:00,15.391499,75.23254,0.0,1021.39154
2022-12-27 00:00:00+00:00,14.5915,70.01629,0.0,1025.7458
2022-12-28 00:00:00+00:00,13.766502,68.95401,0.0,1026.4291
2022-12-29 00:00:00+00:00,13.895665,70.286964,0.0,1024.6875
2022-12-30 00:00:00+00:00,14.593583,76.53836,0.0,1024.0543
2022-12-31 00:00:00+00:00,14.678998,74.01348,0.0,1023.8999
2023-01-01 00:00:00+00:00,15.299835,71.561005,0.0,1021.5876
2023-01-02 00:00:00+00:00,15.4331665,73.35161,0.0,1020.8042
2023-01-03 00:00:00+00:00,14.718583,79.26003,0.3,1021.0208
2023-01-04 00:00:00+00:00,15.399833,75.512474,1.2,1021.8958
2023-01-05 00:00:00+00:00,15.141501,67.015305,0.0,1022.75
2023-01-06 00:00:00+00:00,15.720665,57.108242,0.0,1022.9126
2023-01-07 00:00:00+00:00,16.38942,63.717007,0.0,1021.47504
2023-01-08 00:00:00+00:00,15.8394165,62.764553,0.4,1017.75
2023-01-09 00:00:00+00:00,13.943584,75.55567,2.5,1019.46265
2023-01-10 00:00:00+00:00,15.454002,65.4164,0.0,1023.51245
2023-01-11 00:00:00+00:00,14.4123335,55.89082,0.0,1021.48334
2023-01-12 00:00:00+00:00,14.076919,50.97035,0.0,1018.88763
2023-01-13 00:00:00+00:00,14.420667,51.952663,0.0,1018.22076
2023-01-14 00:00:00+00:00,15.06025,57.905773,0.5,1017.8499
2023-01-15 00:00:00+00:00,15.126918,57.527325,0.0,1018.5042
2023-01-16 00:00:00+00:00,14.12275,53.489315,0.4,1017.57916
2023-01-17 00:00:00+00:00,13.868584,58.038708,0.0,1022.56665
2023-01-18 00:00:00+00:00,15.295666,53.888744,0.0,1022.67487
2023-01-19 00:00:00+00:00,16.089418,53.303738,0.0,1019.70416
2023-01-20 00:00:00+00:00,15.07275,47.583576,0.0,1016.5625
2023-01-21 00:00:00+00:00,14.970668,59.57278,0.0,1018.2541
2023-01-22 00:00:00+00:00,15.601916,63.468655,0.0,1019.0083
2023-01-23 00:00:00+00:00,16.489416,72.47742,0.0,1019.6543
2023-01-24 00:00:00+00:00,17.389418,72.26179,0.0,1019.83765
2023-01-25 00:00:00+00:00,16.254002,69.05689,0.0,1019.14996
2023-01-26 00:00:00+00:00,16.62275,53.919598,0.0,1016.7251
2023-01-27 00:00:00+00:00,20.083168,25.699247,0.0,1012.02496
2023-01-28 00:00:00+00:00,19.776917,32.049603,0.0,1013.23334
2023-01-29 00:00:00+00:00,17.251915,50.159103,0.0,1014.0583
2023-01-30 00:00:00+00:00,15.093583,53.437603,0.0,1014.02924
2023-01-31 00:00:00+00:00,14.354,45.169704,0.0,1014.3042
2023-02-01 00:00:00+00:00,13.422752,51.236332,0.1,1016.75397
2023-02-02 00:00:00+00:00,12.606084,58.493664,0.0,1023.63336
2023-02-03 00:00:00+00:00,13.958167,53.176205,0.0,1022.80005
2023-02-04 00:00:00+00:00,13.985249,43.472397,0.0,1018.84174
2023-02-05 00:00:00+00:00,14.176915,42.79697,0.0,1013.32074
2023-02-06 00:00:00+00:00,12.7560835,51.424557,0.0,1014.30426
2023-02-07 00:00:00+00:00,11.643582,56.898926,0.0,1020.0542
2023-02-08 00:00:00+00:00,11.168583,63.08296,0.0,1024.7709
2023-02-09 00:00:00+00:00,11.537332,49.88814,0.0,1024.2916
2023-02-10 00:00:00+00:00,12.895667,57.316654,0.0,1020.7375
2023-02-11 00:00:00+00:00,12.076919,74.099495,0.8,1019.5583
2023-02-12 00:00:00+00:00,11.906085,64.539505,0.0,1023.32513
2023-02-13 00:00:00+00:00,12.437333,59.086292,0.0,1023.5291
2023-02-14 00:00:00+00:00,11.435249,70.94739,0.0,1020.39594
2023-02-15 00:00:00+00:00,12.301917,66.32271,0.0,1021.63763
2023-02-16 00:00:00+00:00,13.141501,61.513126,0.0,1025.1167
2023-02-17 00:00:00+00:00,13.622749,61.57266,0.0,1027.3667
2023-02-18 00:00:00+00:00,13.524835,59.54259,0.0,1026.4957
2023-02-19 00:00:00+00:00,14.147752,63.834454,0.0,1024.4292
2023-02-20 00:00:00+00:00,14.366501,63.059444,0.0,1022.3416
2023-02-21 00:00:00+00:00,15.556087,54.499607,0.0,1020.6584
2023-02-22 00:00:00+00:00,15.38525,61.30077,0.0,1017.9626
2023-02-23 00:00:00+00:00,15.7977495,64.05184,0.0,1016.85004
2023-02-24 00:00:00+00:00,16.068586,60.209167,0.0,1017.1792
2023-02-25 00:00:00+00:00,16.887335,53.3418,0.0,1017.9167
2023-02-26 00:00:00+00:00,17.408167,54.38119,0.0,1019.90826
2023-02-27 00:00:00+00:00,19.049833,56.41222,0.0,1020.31256
2023-02-28 00:00:00+00:00,22.139418,38.43,0.0,1016.96246
2023-03-01 00:00:00+00:00,24.068586,16.284807,0.0,1014.55426
2023-03-02 00:00:00+00:00,25.689417,17.418018,0.0,1011.5166
2023-03-03 00:00:00+00:00,21.104002,47.419483,0.0,1017.12915
2023-03-04 00:00:00+00:00,23.145666,33.94257,0.0,1015.7959
2023-03-05 00:00:00+00:00,24.741499,28.426468,0.0,1012.0208
2023-03-06 00:00:00+00:00,18.020668,54.813538,0.0,1018.10834
2023-03-07 00:00:00+00:00,16.862333,55.015736,0.0,1017.2542
2023-03-08 00:00:00+00:00,17.587336,48.55202,0.0,1016.91675
2023-03-09 00:00:00+00:00,20.316498,32.050205,0.0,1016.2126
2023-03-10 00:00:00+00:00,22.301918,26.55378,0.0,1015.4751
2023-03-11 00:00:00+00:00,21.03525,45.7523,0.0,1012.67914
2023-03-12 00:00:00+00:00,22.454002,40.59108,0.0,1009.5334
2023-03-13 00:00:00+00:00,21.206083,49.334957,0.0,1009.5874
2023-03-14 00:00:00+00:00,16.795668,61.538788,0.5,1011.51654
2023-03-15 00:00:00+00:00,16.61025,49.591022,0.0,1013.58344
2023-03-16 00:00:00+00:00,19.94567,29.461527,0.0,1012.2043
2023-03-17 00:00:00+00:00,19.520668,44.605267,0.0,1011.85834
2023-03-18 00:00:00+00:00,16.879002,56.456253,0.0,1012.625
2023-03-19 00:00:00+00:00,16.099834,56.56422,0.0,1014.9958
2023-03-20 00:00:00+00:00,16.0415,60.368565,0.0,1015.45416
2023-03-21 00:00:00+00:00,18.826918,53.51709,0.0,1014.45825
2023-03-22 00:00:00+00:00,21.23525,38.14933,0.0,1012.2874
2023-03-23 00:00:00+00:00,22.912333,29.946108,0.0,1009.93744
2023-03-24 00:00:00+00:00,24.216501,34.7074,0.2,1006.08746
2023-03-25 00:00:00+00:00,19.041502,67.56985,5.7999997,1008.82916
2023-03-26 00:00:00+00:00,17.818584,65.29247,0.0,1013.8835
2023-03-27 00:00:00+00:00,18.97275,53.4847,0.0,1015.1958
2023-03-28 00:00:00+00:00,22.087332,35.678513,0.0,1016.0959
2023-03-29 00:00:00+00:00,17.770666,51.602036,0.0,1019.7041
2023-03-30 00:00:00+00:00,15.487334,42.109806,0.0,1022.05835
2023-03-31 00:00:00+00:00,15.891502,44.846832,0.0,1021.21674
2023-04-01 00:00:00+00:00,17.683168,45.342533,0.0,1019.9832
2023-04-02 00:00:00+00:00,21.48525,32.89094,0.0,1016.1584
2023-04-03 00:00:00+00:00,23.83525,22.85665,0.0,1011.0334
2023-04-04 00:00:00+00:00,24.666498,19.941576,0.0,1011.15424
2023-04-05 00:00:00+00:00,20.889418,37.117954,0.0,1016.56647
2023-04-06 00:00:00+00:00,21.601915,36.690395,0.0,1015.6584
2023-04-07 00:00:00+00:00,25.916502,22.917898,0.0,1012.45844
2023-04-08 00:00:00+00:00,26.714417,35.826836,0.0,1011.9751
2023-04-09 00:00:00+00:00,25.84567,39.37832,0.0,1009.79596
2023-04-10 00:00:00+00:00,23.131083,49.83661,0.0,1007.7207
2023-04-11 00:00:00+00:00,18.512335,52.73406,0.2,1009.6167
2023-04-12 00:00:00+00:00,16.147753,55.644455,1.7000002,1012.8249
2023-04-13 00:00:00+00:00,18.949835,47.875153,0.0,1016.43335
2023-04-14 00:00:00+00:00,21.72275,47.223606,0.0,1016.70844
2023-04-15 00:00:00+00:00,22.445671,43.97708,0.0,1014.5876
2023-04-16 00:00:00+00:00,23.014418,43.69751,0.0,1011.5208
2023-04-17 00:00:00+00:00,27.349836,20.257439,0.0,1009.5874
2023-04-18 00:00:00+00:00,30.189417,14.514085,0.0,1010.69165
2023-04-19 00:00:00+00:00,25.918587,35.20005,0.0,1010.821
2023-04-20 00:00:00+00:00,20.904,50.463467,0.0,1012.37506
2023-04-21 00:00:00+00:00,20.372751,52.228893,0.0,1011.3459
2023-04-22 00:00:00+00:00,21.754,51.233902,0.0,1009.96246
2023-04-23 00:00:00+00:00,22.758165,47.619537,0.0,1010.625
2023-04-24 00:00:00+00:00,23.583168,46.819294,0.0,1013.47076
2023-04-25 00:00:00+00:00,24.431086,33.34503,0.0,1013.3835
2023-04-26 00:00:00+00:00,25.416502,30.576498,0.0,1011.7041
2023-04-27 00:00:00+00:00,25.89358,32.36002,0.0,1009.77924
2023-04-28 00:00:00+00:00,20.58317,50.444275,0.0,1012.8418
2023-04-29 00:00:00+00:00,19.058168,45.955536,0.0,1014.1126
2023-04-30 00:00:00+00:00,19.635252,43.783848,0.0,1015.2834
2023-05-01 00:00:00+00:00,20.824835,43.281796,0.0,1015.8416
2023-05-02 00:00:00+00:00,22.264418,47.39586,0.0,1016.61237
2023-05-03 00:00:00+00:00,23.57692,41.463882,0.0,1017.0876
2023-05-04 00:00:00+00:00,26.879004,37.38351,0.0,1011.7292
2023-05-05 00:00:00+00:00,25.631083,30.231188,0.0,1009.3084
2023-05-06 00:00:00+00:00,23.283167,45.405743,0.0,1011.51263
2023-05-07 00:00:00+00:00,22.039415,52.854435,0.0,1014.4707
2023-05-08 00:00:00+00:00,21.7665,53.993042,0.0,1014.52496
2023-05-09 00:00:00+00:00,22.870668,51.18807,0.0,1012.8042
2023-05-10 00:00:00+00:00,24.756083,49.82667,0.0,1009.6875
2023-05-11 00:00:00+00:00,28.222748,37.616936,0.1,1006.81665
2023-05-12 00:00:00+00:00,24.947754,46.32277,0.0,1013.7083
2023-05-13 00:00:00+00:00,22.883165,51.51759,0.0,1018.3457
2023-05-14 00:00:00+00:00,23.622751,52.89484,0.0,1015.6999
2023-05-15 00:00:00+00:00,24.66442,52.49509,0.0,1010.3501
2023-05-16 00:00:00+00:00,27.543587,45.529125,0.0,1007.2666
2023-05-17 00:00:00+00:00,27.6915,43.33072,0.0,1009.0417
2023-05-18 00:00:00+00:00,23.333166,50.065037,0.0,1013.69995
2023-05-19 00:00:00+00:00,23.083168,47.71046,0.0,1013.3042
2023-05-20 00:00:00+00:00,24.093584,46.722477,0.0,1011.69995
2023-05-21 00:00:00+00:00,30.695665,25.697863,0.0,1006.0667
2023-05-22 00:00:00+00:00,27.904,28.728447,0.0,1008.07916
2023-05-23 00:00:00+00:00,28.7665,26.733786,0.0,1010.24585
2023-05-24 00:00:00+00:00,27.364418,39.340023,0.0,1010.7083
2023-05-25 00:00:00+00:00,27.13942,41.690594,0.0,1011.3457
2023-05-26 00:00:00+00:00,28.372751,37.172752,0.0,1008.28754
2023-05-27 00:00:00+00:00,29.75608,25.144938,0.0,1005.4084
2023-05-28 00:00:00+00:00,27.287333,39.30594,0.0,1006.16254
2023-05-29 00:00:00+00:00,26.051916,43.985226,0.0,1010.5833
2023-05-30 00:00:00+00:00,28.12692,36.915733,0.0,1013.2917
2023-05-31 00:00:00+00:00,31.826918,24.663889,0.0,1011.64594
2023-06-01 00:00:00+00:00,32.566498,25.246298,0.0,1009.02905
2023-06-02 00:00:00+00:00,35.36025,20.2617,0.0,1007.6292
2023-06-03 00:00:00+00:00,28.6165,45.407978,0.0,1013.58325
2023-06-04 00:00:00+00:00,27.36442,46.547688,0.0,1014.0457
2023-06-05 00:00:00+00:00,26.885248,43.989334,0.0,1012.4167
2023-06-06 00:00:00+00:00,27.449837,43.228745,0.0,1011.15826
2023-06-07 00:00:00+00:00,29.856081,36.97497,0.0,1009.48755
2023-06-08 00:00:00+00:00,33.34775,28.107756,0.3,1006.6792
2023-06-09 00:00:00+00:00,32.90817,26.818367,0.0,1004.83746
2023-06-10 00:00:00+00:00,28.853998,44.161167,0.0,1008.0417
2023-06-11 00:00:00+00:00,28.776918,37.594917,0.0,1008.6333
2023-06-12 00:00:00+00:00,30.112337,35.942043,0.0,1007.35425
2023-06-13 00:00:00+00:00,30.193586,39.08491,0.0,1005.6543
2023-06-14 00:00:00+00:00,27.624838,49.877293,0.0,1009.8667
2023-06-15 00:00:00+00:00,28.329002,45.21001,0.0,1011.35004
2023-06-16 00:00:00+00:00,32.83108,25.750551,0.0,1008.30005
2023-06-17 00:00:00+00:00,30.316498,41.093212,0.0,1008.75836
2023-06-18 00:00:00+00:00,27.906084,42.833252,0.0,1011.69165
2023-06-19 00:00:00+00:00,26.908165,47.589725,0.0,1012.2166
2023-06-20 00:00:00+00:00,28.087334,50.164387,0.0,1011.3001
2023-06-21 00:00:00+00:00,28.597748,49.16582,0.0,1010.2666
2023-06-22 00:00:00+00:00,28.710253,48.213223,0.0,1009.41656
2023-06-23 00:00:00+00:00,29.572748,42.948795,0.0,1009.16675
2023-06-24 00:00:00+00:00,30.237333,38.484932,0.0,1009.5749
2023-06-25 00:00:00+00:00,30.043585,34.743595,0.0,1009.40826
2023-06-26 00:00:00+00:00,29.493584,37.766613,0.0,1008.27094
2023-06-27 00:00:00+00:00,30.654001,37.97844,0.0,1008.02094
2023-06-28 00:00:00+00:00,29.987333,43.85486,0.0,1010.24994
2023-06-29 00:00:00+00:00,29.478998,43.93663,0.0,1011.2
2023-06-30 00:00:00+00:00,28.876917,47.693024,0.0,1009.8874
2023-07-01 00:00:00+00:00,29.776917,44.906155,0.0,1009.2542
2023-07-02 00:00:00+00:00,29.718582,39.289436,0.0,1010.68335
2023-07-03 00:00:00+00:00,32.576916,29.542692,0.0,1010.2583
2023-07-04 00:00:00+00:00,32.6665,37.25504,0.0,1009.23334
2023-07-05 00:00:00+00:00,29.629,51.175297,0.0,1008.7083
2023-07-06 00:00:00+00:00,30.3415,46.97157,0.0,1007.8499
2023-07-07 00:00:00+00:00,30.235252,50.209473,0.0,1009.01245
2023-07-08 00:00:00+00:00,31.074831,47.837185,0.0,1008.63745
2023-07-09 00:00:00+00:00,29.993584,50.699574,0.0,1008.39594
2023-07-10 00:00:00+00:00,30.1415,48.42212,0.0,1007.9333
2023-07-11 00:00:00+00:00,31.11025,44.556217,0.0,1009.28754
2023-07-12 00:00:00+00:00,30.679,41.808765,0.0,1011.2209
2023-07-13 00:00:00+00:00,31.254,42.56033,0.0,1010.5542
2023-07-14 00:00:00+00:00,32.547752,32.65033,0.0,1008.39166
2023-07-15 00:00:00+00:00,32.954,28.70333,0.0,1007.1042
2023-07-16 00:00:00+00:00,34.535248,26.98511,0.0,1005.92914
2023-07-17 00:00:00+00:00,34.772747,29.030066,0.0,1006.1624
2023-07-18 00:00:00+00:00,33.629,34.80348,0.0,1005.12494
2023-07-19 00:00:00+00:00,32.387333,40.269764,0.0,1004.5168
2023-07-20 00:00:00+00:00,33.30192,32.649677,0.0,1005.54584
2023-07-21 00:00:00+00:00,32.43942,32.40977,0.0,1008.1458
2023-07-22 00:00:00+00:00,33.943577,37.382904,0.0,1008.93744
2023-07-23 00:00:00+00:00,34.51025,39.097416,0.0,1007.26666
2023-07-24 00:00:00+00:00,34.533165,38.05659,0.0,1004.5542
2023-07-25 00:00:00+00:00,33.93108,36.80824,0.0,1002.98755
2023-07-26 00:00:00+00:00,34.39358,40.64861,0.0,1004.6292
2023-07-27 00:00:00+00:00,35.616497,27.2137,0.0,1006.2375
2023-07-28 00:00:00+00:00,34.128998,34.08394,0.0,1007.5542
2023-07-29 00:00:00+00:00,30.987335,46.836826,0.0,1007.75006
2023-07-30 00:00:00+00:00,30.681082,45.992783,0.0,1005.83325
2023-07-31 00:00:00+00:00,31.08525,46.379284,0.0,1004.80005
2023-08-01 00:00:00+00:00,31.939417,39.158504,0.0,1006.20825
2023-08-02 00:00:00+00:00,32.854,33.57806,0.0,1008.6748
2023-08-03 00:00:00+00:00,31.69358,40.556732,0.0,1009.95
2023-08-04 00:00:00+00:00,31.668585,38.93989,0.0,1009.71246
2023-08-05 00:00:00+00:00,32.999832,26.822416,0.0,1009.10834
2023-08-06 00:00:00+00:00,35.820667,19.874619,0.0,1008.1499
2023-08-07 00:00:00+00:00,34.581085,32.098972,0.0,1007.82513
2023-08-08 00:00:00+00:00,30.868584,50.0269,0.0,1007.1541
2023-08-09 00:00:00+00:00,30.274834,47.747463,0.0,1008.66254
2023-08-10 00:00:00+00:00,30.508171,49.05115,0.0,1011.24585
2023-08-11 00:00:00+00:00,28.981081,54.54852,0.0,1011.0999
2023-08-12 00:00:00+00:00,29.679,53.018265,0.0,1008.7625
2023-08-13 00:00:00+00:00,30.160254,55.065548,0.0,1008.70825
2023-08-14 00:00:00+00:00,29.979002,54.55109,0.0,1011.24994
2023-08-15 00:00:00+00:00,30.32692,52.359726,0.0,1011.4292
2023-08-16 00:00:00+00:00,29.96025,54.546963,0.0,1009.23755
2023-08-17 00:00:00+00:00,29.991499,54.636868,0.0,1008.2625
2023-08-18 00:00:00+00:00,30.383173,54.107327,0.0,1008.88336
2023-08-19 00:00:00+00:00,30.13108,51.275684,0.0,1009.53326
2023-08-20 00:00:00+00:00,29.78733,50.122936,0.0,1009.04987
2023-08-21 00:00:00+00:00,30.051918,48.940853,0.0,1008.61676
2023-08-22 00:00:00+00:00,29.98733,49.919353,0.0,1009.15424
2023-08-23 00:00:00+00:00,30.564417,46.67506,0.0,1009.9834
2023-08-24 00:00:00+00:00,30.356081,47.76563,0.0,1010.55835
2023-08-25 00:00:00+00:00,31.037336,47.281216,0.0,1010.05
2023-08-26 00:00:00+00:00,32.178997,44.02959,0.0,1009.95844
2023-08-27 00:00:00+00:00,32.34567,40.540436,0.0,1008.7456
2023-08-28 00:00:00+00:00,31.416498,42.41917,0.0,1008.1541
2023-08-29 00:00:00+00:00,30.904005,47.680393,0.0,1007.52094
2023-08-30 00:00:00+00:00,32.02275,38.62202,0.0,1009.3042
2023-08-31 00:00:00+00:00,32.3415,41.825375,0.0,1011.8167
2023-09-01 00:00:00+00:00,29.8915,55.6775,0.0,1012.6584
2023-09-02 00:00:00+00:00,29.993584,50.614887,0.0,1012.3167
2023-09-03 00:00:00+00:00,29.599836,51.755497,0.0,1009.9583
2023-09-04 00:00:00+00:00,29.383163,47.08607,0.0,1006.9666
2023-09-05 00:00:00+00:00,31.845667,34.911716,0.0,1007.5959
2023-09-06 00:00:00+00:00,33.39358,23.359987,0.0,1010.2708
2023-09-07 00:00:00+00:00,36.13525,23.09913,0.0,1007.6626
2023-09-08 00:00:00+00:00,33.529,29.316305,0.0,1008.3584
2023-09-09 00:00:00+00:00,32.279003,35.29025,0.0,1010.1042
2023-09-10 00:00:00+00:00,32.903996,33.50773,0.0,1007.72894
2023-09-11 00:00:00+00:00,32.999832,28.872408,0.0,1004.625
2023-09-12 00:00:00+00:00,28.35817,51.814426,0.1,1007.50415
2023-09-13 00:00:00+00:00,29.199835,52.34846,0.3,1011.55835
2023-09-14 00:00:00+00:00,28.462336,49.73821,0.0,1011.7585
2023-09-15 00:00:00+00:00,28.362333,48.494705,0.0,1012.08344
2023-09-16 00:00:00+00:00,28.712334,43.884342,0.0,1011.63336
2023-09-17 00:00:00+00:00,29.116503,46.634586,0.0,1010.08746
2023-09-18 00:00:00+00:00,29.545664,53.622692,0.0,1009.2292
2023-09-19 00:00:00+00:00,28.270668,54.653294,0.0,1010.57916
2023-09-20 00:00:00+00:00,28.393583,54.236744,0.0,1012.5335
2023-09-21 00:00:00+00:00,28.579002,54.40326,0.0,1012.1458
2023-09-22 00:00:00+00:00,28.41025,53.440327,0.0,1012.85834
2023-09-23 00:00:00+00:00,29.137335,49.034626,0.0,1011.825
2023-09-24 00:00:00+00:00,29.033165,42.043266,0.0,1010.66254
2023-09-25 00:00:00+00:00,29.943586,39.73052,0.0,1010.3208
2023-09-26 00:00:00+00:00,30.01442,42.131165,0.0,1010.26245
2023-09-27 00:00:00+00:00,30.695665,35.992756,0.0,1010.8459
2023-09-28 00:00:00+00:00,31.574835,39.813663,0.0,1012.875
2023-09-29 00:00:00+00:00,29.901917,52.849117,0.0,1014.1333
2023-09-30 00:00:00+00:00,28.885252,53.272053,0.0,1014.56244
2023-10-01 00:00:00+00:00,27.79567,50.140003,0.0,1014.5876
2023-10-02 00:00:00+00:00,25.893587,53.075253,0.1,1015.09985
2023-10-03 00:00:00+00:00,26.422752,47.983536,0.0,1016.01245
2023-10-04 00:00:00+00:00,27.31234,52.152378,0.0,1016.6333
2023-10-05 00:00:00+00:00,27.674837,55.790604,0.0,1016.5083
2023-10-06 00:00:00+00:00,26.718582,55.341812,0.0,1016.08325
2023-10-07 00:00:00+00:00,26.158167,56.433598,0.0,1016.17487
2023-10-08 00:00:00+00:00,26.7415,50.363617,0.4,1015.90424
2023-10-09 00:00:00+00:00,26.895666,54.11529,0.0,1015.24994
2023-10-10 00:00:00+00:00,25.810247,51.16949,0.0,1014.67505
2023-10-11 00:00:00+00:00,25.73525,51.605865,0.0,1015.17914
2023-10-12 00:00:00+00:00,25.618584,52.619244,0.0,1017.2957
2023-10-13 00:00:00+00:00,25.266502,57.742,0.0,1018.5083
2023-10-14 00:00:00+00:00,25.00817,51.22109,0.0,1016.27924
2023-10-15 00:00:00+00:00,24.783167,47.14484,0.0,1014.7375
2023-10-16 00:00:00+00:00,24.699837,54.724483,0.0,1015.16675
2023-10-17 00:00:00+00:00,25.064417,55.562634,0.0,1015.9792
2023-10-18 00:00:00+00:00,24.593582,56.342327,0.0,1016.0249
2023-10-19 00:00:00+00:00,25.249834,49.592422,0.0,1016.47485
2023-10-20 00:00:00+00:00,25.564415,45.807663,0.0,1016.7082
2023-10-21 00:00:00+00:00,24.82067,57.06844,0.0,1015.9373
2023-10-22 00:00:00+00:00,24.941504,60.006313,0.0,1015.5291
2023-10-23 00:00:00+00:00,25.587332,62.12356,0.0,1014.67084
2023-10-24 00:00:00+00:00,26.006086,63.225872,0.0,1012.9917
2023-10-25 00:00:00+00:00,26.272753,67.72221,0.0,1012.93756
2023-10-26 00:00:00+00:00,28.1415,55.436993,0.0,1011.8042
2023-10-27 00:00:00+00:00,27.262331,59.61352,0.0,1012.34595
2023-10-28 00:00:00+00:00,26.626917,64.5449,0.0,1012.7126
2023-10-29 00:00:00+00:00,26.67275,67.37076,0.0,1012.64575
2023-10-30 00:00:00+00:00,26.972754,64.917465,0.0,1013.3918
2023-10-31 00:00:00+00:00,25.870667,62.253845,0.3,1013.71246
2023-11-01 00:00:00+00:00,25.612335,65.38903,0.0,1015.2751
2023-11-02 00:00:00+00:00,26.091505,60.708984,0.0,1015.6084
2023-11-03 00:00:00+00:00,25.922754,55.21785,0.0,1014.99585
2023-11-04 00:00:00+00:00,26.8165,35.99616,0.0,1013.59576
2023-11-05 00:00:00+00:00,25.449831,53.531265,0.0,1015.1335
2023-11-06 00:00:00+00:00,25.862337,45.218098,0.0,1017.32935
2023-11-07 00:00:00+00:00,24.637337,53.108555,0.0,1018.3625
2023-11-08 00:00:00+00:00,23.88942,71.76614,0.0,1017.2209
2023-11-09 00:00:00+00:00,24.095667,68.81284,0.0,1016.3123
2023-11-10 00:00:00+00:00,23.485252,66.83387,0.0,1016.76245
2023-11-11 00:00:00+00:00,24.239418,63.838467,1.5,1015.87085
2023-11-12 00:00:00+00:00,25.079002,53.294605,0.0,1015.31244
2023-11-13 00:00:00+00:00,24.416504,69.56637,0.0,1016.17505
2023-11-14 00:00:00+00:00,22.412338,64.455795,0.4,1015.3459
2023-11-15 00:00:00+00:00,21.943583,62.54289,0.0,1016.2
2023-11-16 00:00:00+00:00,22.433167,59.16522,0.0,1017.5208
2023-11-17 00:00:00+00:00,23.151918,63.314774,0.0,1017.00824
2023-11-18 00:00:00+00:00,23.097754,59.60484,0.0,1014.17914
2023-11-19 00:00:00+00:00,19.849834,59.238266,0.1,1011.80005
2023-11-20 00:00:00+00:00,17.61025,68.00764,0.1,1016.59174
2023-11-21 00:00:00+00:00,19.29775,58.09491,0.0,1018.2917
2023-11-22 00:00:00+00:00,20.204,50.97629,0.0,1014.68756
2023-11-23 00:00:00+00:00,20.104,46.04597,0.0,1014.8167
2023-11-24 00:00:00+00:00,19.654001,45.609695,0.0,1012.0334
2023-11-25 00:00:00+00:00,21.197752,33.433754,0.0,1008.36664
2023-11-26 00:00:00+00:00,19.670668,39.293552,0.0,1013.7459
2023-11-27 00:00:00+00:00,17.999834,55.890095,0.0,1019.83746
2023-11-28 00:00:00+00:00,16.812334,52.67185,0.0,1019.91656
2023-11-29 00:00:00+00:00,18.09775,55.66216,0.0,1017.675
2023-11-30 00:00:00+00:00,18.854002,67.91548,0.0,1019.2915
2023-12-01 00:00:00+00:00,19.081083,66.80137,0.0,1020.925
2023-12-02 00:00:00+00:00,19.201918,68.13082,0.0,1019.50836
2023-12-03 00:00:00+00:00,20.589417,70.85872,0.0,1016.66675
2023-12-04 00:00:00+00:00,20.081083,69.79679,0.0,1016.0457
2023-12-05 00:00:00+00:00,18.285254,75.788536,0.0,1014.8582
2023-12-06 00:00:00+00:00,18.454,62.70453,0.0,1016.94574
2023-12-07 00:00:00+00:00,17.962332,49.056957,0.0,1017.76666
2023-12-08 00:00:00+00:00,16.751917,52.037308,0.1,1013.68335
2023-12-09 00:00:00+00:00,16.804,49.9843,0.0,1014.97504
2023-12-10 00:00:00+00:00,18.518583,39.547085,0.0,1015.1875
2023-12-11 00:00:00+00:00,18.087334,36.17683,0.0,1014.14166
2023-12-12 00:00:00+00:00,16.589418,60.431614,0.0,1016.5251
2023-12-13 00:00:00+00:00,17.939417,73.32584,0.3,1019.83325
2023-12-14 00:00:00+00:00,18.887335,66.59681,0.0,1021.94165
2023-12-15 00:00:00+00:00,19.856085,47.91891,0.0,1020.0417
2023-12-16 00:00:00+00:00,19.618582,42.42654,0.0,1019.89996
2023-12-17 00:00:00+00:00,18.758167,62.418514,0.0,1022.24176
2023-12-18 00:00:00+00:00,18.635248,71.98017,0.0,1020.7917
2023-12-19 00:00:00+00:00,17.604002,67.92852,0.0,1019.09174
2023-12-20 00:00:00+00:00,16.443583,64.87396,0.0,1015.6084
2023-12-21 00:00:00+00:00,16.147749,54.318005,0.0,1012.7832
2023-12-22 00:00:00+00:00,15.676918,50.479305,0.0,1014.0083
2023-12-23 00:00:00+00:00,16.928999,61.530087,0.0,1016.20416
2023-12-24 00:00:00+00:00,18.129,63.23048,0.1,1019.375
2023-12-25 00:00:00+00:00,18.587332,65.21512,0.0,1021.68335
2023-12-26 00:00:00+00:00,17.808165,70.132225,0.0,1020.625
2023-12-27 00:00:00+00:00,17.743586,70.095665,0.3,1019.08746
2023-12-28 00:00:00+00:00,16.956083,81.772644,8.6,1021.3459
2023-12-29 00:00:00+00:00,17.270668,79.45638,0.0,1021.62067
2023-12-30 00:00:00+00:00,16.595665,79.30273,0.0,1021.11664
2023-12-31 00:00:00+00:00,16.606085,78.41729,0.6,1020.9624
2024-01-01 00:00:00+00:00,15.918584,78.71113,0.0,1021.0959
2024-01-02 00:00:00+00:00,16.979004,71.736275,0.0,1021.6624
2024-01-03 00:00:00+00:00,16.985252,65.74699,0.0,1021.10406
2024-01-04 00:00:00+00:00,16.293583,63.120773,0.0,1020.50836
2024-01-05 00:00:00+00:00,16.443583,55.66869,0.0,1021.42084
2024-01-06 00:00:00+00:00,17.120668,68.51339,0.0,1020.69995
2024-01-07 00:00:00+00:00,17.324835,55.33104,0.0,1017.7583
2024-01-08 00:00:00+00:00,17.568584,46.39735,0.0,1017.83344
2024-01-09 00:00:00+00:00,15.133168,37.362766,0.0,1017.3667
2024-01-10 00:00:00+00:00,14.3602495,47.365574,0.0,1018.47504
2024-01-11 00:00:00+00:00,14.633168,67.287834,0.1,1019.36255
2024-01-12 00:00:00+00:00,14.204002,60.325607,0.0,1017.11255
2024-01-13 00:00:00+00:00,14.874835,48.017445,0.0,1013.32513
2024-01-14 00:00:00+00:00,14.541501,64.46043,0.0,1018.20416
2024-01-15 00:00:00+00:00,14.556085,55.471676,0.0,1023.20416
2024-01-16 00:00:00+00:00,14.379003,46.531216,0.0,1023.0042
2024-01-17 00:00:00+00:00,15.970668,38.803677,0.0,1021.2083
2024-01-18 00:00:00+00:00,16.989418,43.96159,0.0,1021.7417
2024-01-19 00:00:00+00:00,17.776917,53.598164,0.0,1020.97925
2024-01-20 00:00:00+00:00,19.097752,46.022533,0.0,1020.1291
2024-01-21 00:00:00+00:00,19.9165,34.037506,0.0,1016.00415
2024-01-22 00:00:00+00:00,17.156086,55.52474,0.0,1016.59174
2024-01-23 00:00:00+00:00,15.8602495,63.071064,0.0,1020.4958
2024-01-24 00:00:00+00:00,15.376918,59.553783,0.2,1020.8708
2024-01-25 00:00:00+00:00,13.839416,69.11097,1.4000001,1019.90405
2024-01-26 00:00:00+00:00,14.514419,71.86668,0.5,1019.3208
2024-01-27 00:00:00+00:00,14.310252,65.38564,0.3,1021.5417
2024-01-28 00:00:00+00:00,13.693584,67.281265,0.1,1021.7708
2024-01-29 00:00:00+00:00,13.164417,68.13242,0.3,1020.8709
2024-01-30 00:00:00+00:00,11.608167,59.47817,0.0,1022.3416
2024-01-31 00:00:00+00:00,10.899834,60.024914,1.1,1022.0876
2024-02-01 00:00:00+00:00,11.1414995,63.045376,0.0,1021.8542
2024-02-02 00:00:00+00:00,12.531083,69.47677,1.3000001,1022.53735
2024-02-03 00:00:00+00:00,12.562333,55.684002,0.0,1023.87085
2024-02-04 00:00:00+00:00,13.443584,50.509735,0.0,1024.8168
2024-02-05 00:00:00+00:00,14.304,67.37336,0.0,1025.6875
2024-02-06 00:00:00+00:00,16.09775,61.82648,0.0,1026.7291
2024-02-07 00:00:00+00:00,16.776917,60.22856,0.0,1024.1792
2024-02-08 00:00:00+00:00,16.247751,64.522964,0.0,1020.0959
2024-02-09 00:00:00+00:00,16.770668,56.484253,0.0,1018.196
2024-02-10 00:00:00+00:00,17.09775,51.398407,0.0,1019.97925
2024-02-11 00:00:00+00:00,17.58317,55.0752,0.0,1020.3833
2024-02-12 00:00:00+00:00,18.701918,30.939674,0.0,1014.8166
2024-02-13 00:00:00+00:00,18.841501,37.077168,0.0,1009.57086
2024-02-14 00:00:00+00:00,15.766501,57.967163,3.2,1010.89996
2024-02-15 00:00:00+00:00,14.685252,60.096813,0.3,1012.054
2024-02-16 00:00:00+00:00,14.466502,58.708744,0.2,1016.9959
2024-02-17 00:00:00+00:00,15.551918,58.02618,0.3,1022.12506
2024-02-18 00:00:00+00:00,16.041498,60.8885,0.0,1022.7917
2024-02-19 00:00:00+00:00,15.7873335,60.759876,0.0,1021.1958
2024-02-20 00:00:00+00:00,16.591501,55.17383,0.0,1020.8918
2024-02-21 00:00:00+00:00,16.366503,55.39182,0.0,1020.7207
2024-02-22 00:00:00+00:00,16.468582,56.094997,0.0,1020.0334
2024-02-23 00:00:00+00:00,16.487333,62.90563,0.0,1018.9458
2024-02-24 00:00:00+00:00,18.004002,61.96874,0.0,1020.28326
2024-02-25 00:00:00+00:00,17.824837,59.317642,0.0,1019.1375
2024-02-26 00:00:00+00:00,19.11025,45.851986,0.0,1013.0374
2024-02-27 00:00:00+00:00,17.106087,56.937378,0.0,1016.65826
2024-02-28 00:00:00+00:00,17.970667,61.19997,0.0,1018.60834
2024-02-29 00:00:00+00:00,20.643583,39.872234,0.0,1016.15826
2024-03-01 00:00:00+00:00,22.854002,23.708826,0.0,1012.04596
2024-03-02 00:00:00+00:00,19.460249,43.76106,0.0,1015.27924
2024-03-03 00:00:00+00:00,17.549833,57.59207,0.0,1017.24567
2024-03-04 00:00:00+00:00,18.262337,52.122402,0.0,1016.4875
2024-03-05 00:00:00+00:00,19.9915,42.871716,0.0,1015.1584
2024-03-06 00:00:00+00:00,18.093584,57.644733,0.0,1017.37085
2024-03-07 00:00:00+00:00,17.418585,59.431076,0.1,1018.8708
2024-03-08 00:00:00+00:00,18.041502,48.73276,0.0,1018.08325
2024-03-09 00:00:00+00:00,18.38942,45.3604,0.0,1016.05835
2024-03-10 00:00:00+00:00,17.526917,52.018448,0.0,1017.09576
2024-03-11 00:00:00+00:00,17.7165,54.93565,0.0,1020.65424
2024-03-12 00:00:00+00:00,19.801916,44.933315,0.0,1016.6584
2024-03-13 00:00:00+00:00,19.747751,48.272587,0.0,1014.75006
2024-03-14 00:00:00+00:00,18.804003,53.975864,0.0,1016.55835
2024-03-15 00:00:00+00:00,18.935251,44.36201,0.0,1017.6875
2024-03-16 00:00:00+00:00,19.360254,48.716045,0.2,1017.1333
2024-03-17 00:00:00+00:00,19.064417,59.458927,0.1,1010.8167
2024-03-18 00:00:00+00:00,16.206085,62.522747,1.5000001,1012.1584
2024-03-19 00:00:00+00:00,16.895668,54.59316,0.0,1015.66254
2024-03-20 00:00:00+00:00,19.885252,37.560257,0.0,1016.9959
2024-03-21 00:00:00+00:00,19.966501,41.194122,0.0,1015.2417
2024-03-22 00:00:00+00:00,16.999834,51.094173,0.0,1015.53326
2024-03-23 00:00:00+00:00,16.985252,47.15279,0.0,1012.57086
2024-03-24 00:00:00+00:00,15.751918,59.029648,3.1,1012.7917
2024-03-25 00:00:00+00:00,16.937334,44.3007,0.0,1018.18335
2024-03-26 00:00:00+00:00,21.370667,29.9451,0.0,1018.93335
2024-03-27 00:00:00+00:00,25.143583,19.337664,0.0,1015.9167
2024-03-28 00:00:00+00:00,26.18733,21.089516,0.1,1014.43335
2024-03-29 00:00:00+00:00,22.012335,58.70859,0.6,1014.8667
2024-03-30 00:00:00+00:00,23.03942,57.066036,0.0,1015.99994
2024-03-31 00:00:00+00:00,25.29567,46.80708,0.0,1016.92084
2024-04-01 00:00:00+00:00,25.3165,42.346188,0.0,1015.4167
2024-04-02 00:00:00+00:00,24.770668,38.474094,0.0,1013.5542
2024-04-03 00:00:00+00:00,24.683168,35.155838,0.0,1013.8875
2024-04-04 00:00:00+00:00,24.801918,32.533382,0.0,1015.25415
2024-04-05 00:00:00+00:00,22.399836,44.426697,0.0,1016.48755
2024-04-06 00:00:00+00:00,20.970667,56.47453,0.0,1015.0749
2024-04-07 00:00:00+00:00,21.37692,53.913498,0.4,1011.95
2024-04-08 00:00:00+00:00,20.137335,54.35497,0.0,1009.92084
2024-04-09 00:00:00+00:00,19.708166,54.031494,0.5,1011.67505
2024-04-10 00:00:00+00:00,20.551916,53.491608,0.0,1015.30414
2024-04-11 00:00:00+00:00,22.176918,48.584076,0.0,1016.26654
2024-04-12 00:00:00+00:00,22.574837,50.431316,0.0,1016.14594
2024-04-13 00:00:00+00:00,22.849833,54.95889,0.0,1015.6709
2024-04-14 00:00:00+00:00,23.249838,55.43256,0.0,1014.44586
2024-04-15 00:00:00+00:00,23.822752,49.602863,0.0,1014.86255
2024-04-16 00:00:00+00:00,24.87275,45.68397,0.0,1013.4124
2024-04-17 00:00:00+00:00,29.551912,21.280245,0.0,1007.7834
2024-04-18 00:00:00+00:00,25.501917,42.15984,0.0,1012.0
2024-04-19 00:00:00+00:00,23.941504,47.498035,0.0,1012.4041
2024-04-20 00:00:00+00:00,25.029005,46.037663,0.0,1011.5708
2024-04-21 00:00:00+00:00,23.195671,49.359776,0.0,1015.38745
2024-04-22 00:00:00+00:00,26.149834,31.01203,0.0,1016.354
2024-04-23 00:00:00+00:00,30.301912,21.83718,0.0,1012.5459
2024-04-24 00:00:00+00:00,33.616497,12.692547,0.0,1006.8708
2024-04-25 00:00:00+00:00,29.089417,26.057264,0.0,1006.14996
2024-04-26 00:00:00+00:00,24.58525,41.83272,0.0,1010.32086
2024-04-27 00:00:00+00:00,23.068586,51.772583,0.0,1011.2751
2024-04-28 00:00:00+00:00,23.731085,50.826176,0.0,1012.7583
2024-04-29 00:00:00+00:00,23.03317,54.385693,0.0,1012.5708
2024-04-30 00:00:00+00:00,23.433168,55.385056,0.0,1011.08746
2024-05-01 00:00:00+00:00,24.91025,49.828358,0.0,1010.7917
2024-05-02 00:00:00+00:00,25.051916,47.684925,0.0,1011.0749
2024-05-03 00:00:00+00:00,26.574835,37.19351,0.0,1011.3916
2024-05-04 00:00:00+00:00,24.69567,43.330555,0.0,1012.71246
2024-05-05 00:00:00+00:00,22.620665,42.025936,0.0,1011.1001
2024-05-06 00:00:00+00:00,22.06442,48.83878,0.0,1013.6834
2024-05-07 00:00:00+00:00,22.553999,47.998737,0.0,1015.929
2024-05-08 00:00:00+00:00,24.016497,37.049004,0.0,1014.2041
2024-05-09 00:00:00+00:00,28.358164,23.68078,0.0,1008.5542
2024-05-10 00:00:00+00:00,30.16442,20.285383,0.0,1006.99994
2024-05-11 00:00:00+00:00,25.72275,39.682556,0.0,1011.3001
2024-05-12 00:00:00+00:00,24.110254,53.09284,0.0,1013.37915
2024-05-13 00:00:00+00:00,22.708166,49.644276,0.0,1014.04584
2024-05-14 00:00:00+00:00,23.599836,43.5923,0.0,1013.77515
2024-05-15 00:00:00+00:00,24.441504,41.00756,0.0,1015.89154
2024-05-16 00:00:00+00:00,26.601915,37.81653,0.0,1017.7041
2024-05-17 00:00:00+00:00,29.410248,24.754076,0.0,1017.15424
2024-05-18 00:00:00+00:00,32.98733,18.933378,0.0,1013.99994
2024-05-19 00:00:00+00:00,32.910248,20.201227,0.0,1011.3499
2024-05-20 00:00:00+00:00,34.63525,18.082605,0.0,1009.3335
2024-05-21 00:00:00+00:00,33.03525,23.185743,0.0,1011.31256
2024-05-22 00:00:00+00:00,33.264416,24.065178,0.0,1011.60834
2024-05-23 00:00:00+00:00,32.747746,24.313538,0.0,1011.6001
2024-05-24 00:00:00+00:00,26.956083,42.668045,0.0,1013.2541
2024-05-25 00:00:00+00:00,26.814415,38.354107,0.0,1012.87085
2024-05-26 00:00:00+00:00,30.481081,22.826872,0.0,1010.3457
2024-05-27 00:00:00+00:00,29.706085,31.771194,0.0,1009.86237
2024-05-28 00:00:00+00:00,26.162336,47.786407,0.0,1012.29584
2024-05-29 00:00:00+00:00,26.135252,45.27815,0.0,1012.70416
2024-05-30 00:00:00+00:00,26.418587,37.70509,0.0,1013.8291
2024-05-31 00:00:00+00:00,29.076918,28.301592,0.0,1015.66675
2024-06-01 00:00:00+00:00,32.09567,21.252203,0.0,1015.14575
2024-06-02 00:00:00+00:00,31.039415,25.715342,0.0,1011.8208
2024-06-03 00:00:00+00:00,30.17067,35.040737,0.0,1010.24164
2024-06-04 00:00:00+00:00,31.320663,34.664715,0.0,1009.1751
2024-06-05 00:00:00+00:00,32.908165,33.15526,0.0,1008.4292
2024-06-06 00:00:00+00:00,34.320663,27.268341,0.0,1008.0833
2024-06-07 00:00:00+00:00,34.739414,31.857338,0.0,1007.5999
2024-06-08 00:00:00+00:00,32.0415,39.32963,0.0,1006.35834
2024-06-09 00:00:00+00:00,29.799835,44.93945,0.0,1007.5376
2024-06-10 00:00:00+00:00,30.789415,42.994343,0.0,1009.5666
2024-06-11 00:00:00+00:00,31.353998,37.41269,0.0,1010.45416
2024-06-12 00:00:00+00:00,32.04775,30.235321,0.0,1010.86676
2024-06-13 00:00:00+00:00,33.976913,31.354471,0.0,1010.11664
2024-06-14 00:00:00+00:00,36.229,26.182968,0.0,1007.4709
2024-06-15 00:00:00+00:00,35.447746,30.756296,0.0,1006.2708
2024-06-16 00:00:00+00:00,32.770664,35.690357,0.0,1008.24585
2024-06-17 00:00:00+00:00,30.718588,40.968178,0.0,1010.0
2024-06-18 00:00:00+00:00,31.220667,44.203007,0.0,1009.2417
2024-06-19 00:00:00+00:00,31.662333,41.58485,0.0,1008.50415
2024-06-20 00:00:00+00:00,32.466496,38.006527,0.0,1008.0708
2024-06-21 00:00:00+00:00,32.937336,34.86853,0.0,1006.86255
2024-06-22 00:00:00+00:00,32.731083,34.995243,0.0,1005.01245
2024-06-23 00:00:00+00:00,34.003998,28.820875,0.0,1005.42096
2024-06-24 00:00:00+00:00,35.314415,23.579588,0.0,1006.54584
2024-06-25 00:00:00+00:00,33.414417,31.731268,0.0,1006.9167
2024-06-26 00:00:00+00:00,31.718584,43.772404,0.0,1006.05005
2024-06-27 00:00:00+00:00,32.729,44.414433,0.0,1006.2124
2024-06-28 00:00:00+00:00,33.420662,38.85096,0.0,1005.60004
2024-06-29 00:00:00+00:00,30.828997,49.458935,0.0,1003.81256
2024-06-30 00:00:00+00:00,30.826914,47.511677,0.0,1004.64166
2024-07-01 00:00:00+00:00,31.4915,43.088696,0.0,1006.4458
2024-07-02 00:00:00+00:00,30.960249,44.745663,0.0,1005.2332
2024-07-03 00:00:00+00:00,31.899834,36.600628,0.0,1004.9207
2024-07-04 00:00:00+00:00,34.65817,28.472273,0.0,1005.8875
2024-07-05 00:00:00+00:00,32.49775,43.880783,0.0,1007.61255
2024-07-06 00:00:00+00:00,30.908165,47.652843,0.0,1006.3208
2024-07-07 00:00:00+00:00,31.360254,47.73953,0.0,1005.3792
2024-07-08 00:00:00+00:00,31.864418,47.69199,0.0,1005.0708
2024-07-09 00:00:00+00:00,32.993587,45.570415,0.0,1004.7292
2024-07-10 00:00:00+00:00,33.829,40.673,0.0,1005.53754
2024-07-11 00:00:00+00:00,36.076916,29.18604,0.0,1006.6833
2024-07-12 00:00:00+00:00,36.09567,25.940308,0.0,1006.36255
2024-07-13 00:00:00+00:00,33.143585,37.543682,0.0,1007.02515
2024-07-14 00:00:00+00:00,31.993582,42.252922,0.0,1006.1084
2024-07-15 00:00:00+00:00,32.19775,43.5294,0.0,1005.53345
2024-07-16 00:00:00+00:00,32.210255,36.474712,0.0,1005.73755
2024-07-17 00:00:00+00:00,32.454002,40.66541,0.0,1006.9084
2024-07-18 00:00:00+00:00,32.628998,41.944164,0.0,1006.79584
2024-07-19 00:00:00+00:00,32.718582,39.49043,0.0,1004.77094
2024-07-20 00:00:00+00:00,33.937332,34.59444,0.0,1003.9458
2024-07-21 00:00:00+00:00,34.720665,35.60542,0.0,1006.09174
2024-07-22 00:00:00+00:00,34.837337,33.58245,0.0,1006.7791
2024-07-23 00:00:00+00:00,33.370663,40.744423,0.0,1006.98334
2024-07-24 00:00:00+00:00,33.381077,41.476154,0.0,1004.9709
2024-07-25 00:00:00+00:00,35.29775,31.408766,0.0,1002.2
2024-07-26 00:00:00+00:00,32.0415,47.46979,0.0,1005.0667
2024-07-27 00:00:00+00:00,31.964418,46.963932,0.0,1007.0584
2024-07-28 00:00:00+00:00,32.464417,46.208317,0.0,1007.94586
2024-07-29 00:00:00+00:00,32.385246,42.655067,0.0,1005.8999
2024-07-30 00:00:00+00:00,31.806082,45.34177,0.0,1004.1917
2024-07-31 00:00:00+00:00,32.97483,39.104282,0.0,1005.33746
2024-08-01 00:00:00+00:00,32.876915,43.63682,0.0,1006.8332
2024-08-02 00:00:00+00:00,32.43942,43.871384,0.0,1006.8083
2024-08-03 00:00:00+00:00,32.131084,39.45301,0.0,1006.04156
2024-08-04 00:00:00+00:00,31.904001,37.500114,0.0,1006.49585
2024-08-05 00:00:00+00:00,31.67067,38.015144,0.0,1006.2292
2024-08-06 00:00:00+00:00,32.27692,41.259193,0.0,1005.99585
2024-08-07 00:00:00+00:00,32.914417,43.519913,0.0,1006.7336
2024-08-08 00:00:00+00:00,32.789417,40.468304,0.0,1007.7209
2024-08-09 00:00:00+00:00,32.981083,43.01594,0.0,1009.0708
2024-08-10 00:00:00+00:00,33.226917,37.16773,0.0,1009.6042
2024-08-11 00:00:00+00:00,32.474834,46.048893,0.0,1008.3416
2024-08-12 00:00:00+00:00,31.574835,45.672962,0.0,1007.18744
2024-08-13 00:00:00+00:00,32.1165,40.353264,0.0,1007.7624
2024-08-14 00:00:00+00:00,31.97483,45.09912,0.0,1008.39166
2024-08-15 00:00:00+00:00,32.16858,42.382412,0.0,1008.8543
2024-08-16 00:00:00+00:00,31.853998,49.31216,0.0,1006.69574
2024-08-17 00:00:00+00:00,32.543587,45.998566,0.0,1004.84576
2024-08-18 00:00:00+00:00,31.797758,48.397717,0.0,1006.1209
2024-08-19 00:00:00+00:00,31.968584,43.63062,0.0,1008.75415
2024-08-20 00:00:00+00:00,31.69983,43.241516,0.0,1008.9292
2024-08-21 00:00:00+00:00,32.847748,38.298073,0.0,1006.79156
2024-08-22 00:00:00+00:00,32.487328,46.99431,0.0,1006.88336
2024-08-23 00:00:00+00:00,31.98525,48.848633,0.0,1008.7375
2024-08-24 00:00:00+00:00,31.839417,48.816605,0.0,1008.9666
2024-08-25 00:00:00+00:00,32.218586,44.566013,0.0,1006.7751
2024-08-26 00:00:00+00:00,33.406082,43.437183,0.0,1007.3291
2024-08-27 00:00:00+00:00,32.972748,42.242706,0.0,1009.6416
2024-08-28 00:00:00+00:00,30.647753,48.576626,0.0,1012.0332
2024-08-29 00:00:00+00:00,31.695665,43.823574,0.0,1011.75006
2024-08-30 00:00:00+00:00,31.683165,41.406235,0.0,1011.72906
2024-08-31 00:00:00+00:00,31.731087,37.331142,0.0,1011.071
2024-09-01 00:00:00+00:00,31.666498,42.27563,0.0,1010.69995
2024-09-02 00:00:00+00:00,32.568584,41.171772,0.0,1012.02924
2024-09-03 00:00:00+00:00,31.820663,46.233856,0.0,1012.2625
2024-09-04 00:00:00+00:00,30.041498,50.398067,0.0,1011.3125
2024-09-05 00:00:00+00:00,30.38942,49.18362,0.0,1009.5376
2024-09-06 00:00:00+00:00,30.514418,49.760914,0.0,1009.60406
2024-09-07 00:00:00+00:00,30.662333,49.951145,0.0,1010.354
2024-09-08 00:00:00+00:00,31.22275,49.607944,0.0,1009.5041
2024-09-09 00:00:00+00:00,30.649828,49.789265,0.0,1009.5417
2024-09-10 00:00:00+00:00,31.447752,36.10467,0.0,1008.8167
2024-09-11 00:00:00+00:00,34.791504,25.253242,0.0,1008.41675
2024-09-12 00:00:00+00:00,33.710255,35.030197,0.0,1010.0625
2024-09-13 00:00:00+00:00,30.591501,53.42784,0.0,1011.0374
2024-09-14 00:00:00+00:00,29.23108,52.502636,0.0,1010.7209
2024-09-15 00:00:00+00:00,30.104002,53.42513,0.1,1010.20825
2024-09-16 00:00:00+00:00,29.785254,48.744534,0.0,1011.03326
2024-09-17 00:00:00+00:00,28.933168,47.116383,0.0,1013.80835
2024-09-18 00:00:00+00:00,28.854002,43.565567,0.0,1014.11255
2024-09-19 00:00:00+00:00,31.441498,36.253273,0.0,1011.57935
2024-09-20 00:00:00+00:00,33.387337,36.435883,0.0,1010.7209
2024-09-21 00:00:00+00:00,29.079002,49.789444,0.0,1012.78326
2024-09-22 00:00:00+00:00,27.6915,48.81613,0.0,1013.2666
2024-09-23 00:00:00+00:00,27.104002,48.245182,0.0,1013.14996
2024-09-24 00:00:00+00:00,27.289415,47.429615,0.0,1013.8208
2024-09-25 00:00:00+00:00,27.137331,52.967884,0.0,1013.7209
2024-09-26 00:00:00+00:00,27.179003,54.71652,0.0,1011.79987
2024-09-27 00:00:00+00:00,27.935251,52.299984,0.0,1010.5791
2024-09-28 00:00:00+00:00,28.053999,50.21858,0.0,1010.6792
2024-09-29 00:00:00+00:00,27.572754,53.85741,0.0,1010.6667
2024-09-30 00:00:00+00:00,27.366503,58.664967,0.0,1010.27924
2024-10-01 00:00:00+00:00,26.366503,56.829575,0.0,1010.97504
2024-10-02 00:00:00+00:00,26.09775,49.65572,0.0,1012.7749
2024-10-03 00:00:00+00:00,25.785254,51.09021,0.0,1014.55835
2024-10-04 00:00:00+00:00,25.266497,53.68646,0.0,1014.44165
2024-10-05 00:00:00+00:00,25.058168,54.974247,0.0,1012.7959
2024-10-06 00:00:00+00:00,25.079,53.801815,0.0,1012.49567
2024-10-07 00:00:00+00:00,27.0665,52.733967,0.0,1014.4749
2024-10-08 00:00:00+00:00,28.331085,50.6023,0.0,1015.94165
2024-10-09 00:00:00+00:00,28.4915,40.58737,0.0,1014.40424
2024-10-10 00:00:00+00:00,26.547752,61.690533,0.0,1012.8418
2024-10-11 00:00:00+00:00,26.993584,54.083546,0.0,1012.0125
2024-10-12 00:00:00+00:00,27.522753,55.82515,0.0,1012.2625
2024-10-13 00:00:00+00:00,28.322746,51.66336,0.0,1012.9041
2024-10-14 00:00:00+00:00,27.551916,58.488697,0.0,1012.71246
2024-10-15 00:00:00+00:00,26.112333,50.536816,0.0,1013.5625
2024-10-16 00:00:00+00:00,25.56442,50.56518,0.0,1014.7666
2024-10-17 00:00:00+00:00,25.391497,57.88854,0.0,1014.175
2024-10-18 00:00:00+00:00,25.112335,54.91078,0.0,1013.2834
2024-10-19 00:00:00+00:00,24.426916,51.712307,0.0,1016.04584
2024-10-20 00:00:00+00:00,24.006086,55.424046,0.0,1018.02924
2024-10-21 00:00:00+00:00,23.983168,54.58301,0.0,1019.22485
2024-10-22 00:00:00+00:00,22.962334,49.05861,0.0,1018.27496
2024-10-23 00:00:00+00:00,22.539421,41.78919,0.0,1018.3625
2024-10-24 00:00:00+00:00,22.003998,38.203938,0.0,1017.9375
2024-10-25 00:00:00+00:00,22.37275,44.98947,0.0,1015.8875
2024-10-26 00:00:00+00:00,22.512337,51.96243,0.0,1016.86664
2024-10-27 00:00:00+00:00,23.168587,53.597034,0.0,1018.1667
2024-10-28 00:00:00+00:00,23.026917,55.35583,0.0,1016.87085
2024-10-29 00:00:00+00:00,22.204,56.403122,0.0,1014.8123
2024-10-30 00:00:00+00:00,21.276917,55.268345,0.0,1013.36255
2024-10-31 00:00:00+00:00,21.091501,58.215412,0.0,1013.2751
2024-11-01 00:00:00+00:00,21.258167,62.411205,0.0,1013.8
2024-11-02 00:00:00+00:00,21.85192,51.92113,0.0,1014.6458
2024-11-03 00:00:00+00:00,22.006086,45.45137,0.0,1016.2542
2024-11-04 00:00:00+00:00,21.09775,57.99733,0.70000005,1017.19586
2024-11-05 00:00:00+00:00,21.256083,56.670013,0.0,1018.08746
2024-11-06 00:00:00+00:00,21.581083,61.840206,0.0,1018.3918
2024-11-07 00:00:00+00:00,22.999834,67.62776,0.0,1019.24164
2024-11-08 00:00:00+00:00,23.264418,63.06103,0.0,1018.35406
2024-11-09 00:00:00+00:00,21.6415,61.82774,0.0,1015.34174
2024-11-10 00:00:00+00:00,20.337332,59.535446,0.0,1016.4416
2024-11-11 00:00:00+00:00,20.199835,57.520596,0.0,1019.69586
2024-11-12 00:00:00+00:00,20.933168,61.63101,0.0,1019.83325
2024-11-13 00:00:00+00:00,21.249834,64.246185,0.0,1020.5791
2024-11-14 00:00:00+00:00,21.324833,63.398693,0.0,1018.23755
2024-11-15 00:00:00+00:00,21.666504,58.048443,0.0,1016.5708
2024-11-16 00:00:00+00:00,21.574837,51.18855,0.0,1017.4209
2024-11-17 00:00:00+00:00,21.056084,44.37265,0.0,1015.4915
2024-11-18 00:00:00+00:00,19.720667,53.588684,0.0,1016.87085
2024-11-19 00:00:00+00:00,20.360254,53.35672,0.0,1018.61237
2024-11-20 00:00:00+00:00,20.956083,49.423035,0.0,1018.05005
2024-11-21 00:00:00+00:00,21.537333,48.89194,0.0,1018.0291
2024-11-22 00:00:00+00:00,22.926916,35.704433,0.0,1018.4958
2024-11-23 00:00:00+00:00,22.064417,49.402256,0.0,1018.01245
2024-11-24 00:00:00+00:00,17.749834,58.057358,0.6,1018.8792
2024-11-25 00:00:00+00:00,16.610252,49.185413,0.0,1018.44995
2024-11-26 00:00:00+00:00,15.833168,49.690105,0.0,1020.2751
2024-11-27 00:00:00+00:00,17.233168,51.35881,0.0,1022.73334
2024-11-28 00:00:00+00:00,17.966501,56.709484,0.0,1022.77905
2024-11-29 00:00:00+00:00,18.116499,60.72989,0.0,1022.18335
2024-11-30 00:00:00+00:00,18.216501,63.102573,0.0,1021.9375
2024-12-01 00:00:00+00:00,17.597752,63.41985,0.0,1020.1833
2024-12-02 00:00:00+00:00,17.704,62.0199,0.0,1017.68335
2024-12-03 00:00:00+00:00,17.585249,56.184464,0.0,1017.125
2024-12-04 00:00:00+00:00,17.947752,49.324215,0.0,1018.88763
2024-12-05 00:00:00+00:00,18.212332,59.634434,0.0,1019.1834
2024-12-06 00:00:00+00:00,18.929,59.3038,0.0,1017.73334
2024-12-07 00:00:00+00:00,18.683167,53.716206,0.0,1018.8125
2024-12-08 00:00:00+00:00,18.287334,44.11714,0.0,1020.7209
2024-12-09 00:00:00+00:00,18.204,40.68597,0.0,1022.92505
2024-12-10 00:00:00+00:00,18.699831,60.395405,0.0,1021.35004
2024-12-11 00:00:00+00:00,18.156084,77.15626,0.0,1020.575
2024-12-12 00:00:00+00:00,18.889418,69.49236,0.0,1019.56244
2024-12-13 00:00:00+00:00,17.595665,63.233753,0.0,1022.12085
2024-12-14 00:00:00+00:00,17.214417,51.647327,0.0,1025.0417
2024-12-15 00:00:00+00:00,16.179,53.518204,0.0,1024.8541
2024-12-16 00:00:00+00:00,16.606085,55.413982,0.0,1023.63763
2024-12-17 00:00:00+00:00,17.195667,61.799427,0.0,1023.8584
2024-12-18 00:00:00+00:00,16.976915,64.17166,0.0,1020.4041
2024-12-19 00:00:00+00:00,16.445665,67.591385,0.0,1015.4915
2024-12-20 00:00:00+00:00,16.693584,65.59904,2.2,1018.86255
2024-12-21 00:00:00+00:00,16.822752,58.99052,0.0,1022.22504
2024-12-22 00:00:00+00:00,16.956083,45.571228,0.0,1019.8667
2024-12-23 00:00:00+00:00,15.966502,46.177288,0.0,1016.1834
2024-12-24 00:00:00+00:00,15.081084,50.763287,0.0,1017.2041
2024-12-25 00:00:00+00:00,15.799835,38.170414,0.0,1015.01654
2024-12-26 00:00:00+00:00,13.38525,34.47555,0.0,1017.05
2024-12-27 00:00:00+00:00,13.172751,44.554043,0.0,1017.23773
2024-12-28 00:00:00+00:00,13.8289995,56.683887,0.0,1020.16656
2024-12-29 00:00:00+00:00,14.476917,57.783417,0.0,1021.80414
2024-12-30 00:00:00+00:00,14.137333,60.61201,0.0,1023.0166
2024-12-31 00:00:00+00:00,14.410251,63.96729,0.1,1025.575
2025-01-01 00:00:00+00:00,15.106084,63.297832,0.0,1027.9332
2025-01-02 00:00:00+00:00,15.522751,56.14944,0.0,1026.6918
2025-01-03 00:00:00+00:00,15.929001,53.86612,0.0,1023.39166
2025-01-04 00:00:00+00:00,17.097752,34.724155,0.0,1016.6626
2025-01-05 00:00:00+00:00,15.862332,49.9986,0.0,1012.46674
2025-01-06 00:00:00+00:00,17.1915,70.110344,0.0,1020.80835
2025-01-07 00:00:00+00:00,16.479002,65.22027,0.0,1023.75836
2025-01-08 00:00:00+00:00,16.464418,50.110355,0.0,1021.0583
2025-01-09 00:00:00+00:00,16.672749,43.146168,0.0,1016.2666
2025-01-10 00:00:00+00:00,15.96025,56.16685,0.0,1016.0833
2025-01-11 00:00:00+00:00,16.189417,69.93479,0.5,1020.70404
2025-01-12 00:00:00+00:00,16.93525,59.454346,0.0,1021.85004
2025-01-13 00:00:00+00:00,17.995665,47.15691,0.0,1020.7834
2025-01-14 00:00:00+00:00,17.387333,45.726353,0.0,1018.73346
2025-01-15 00:00:00+00:00,17.10192,61.57279,0.0,1019.68335
2025-01-16 00:00:00+00:00,17.94567,68.51922,0.0,1023.6125
2025-01-17 00:00:00+00:00,17.520666,69.32702,0.0,1024.5083
2025-01-18 00:00:00+00:00,16.974833,60.013535,0.0,1022.0083
2025-01-19 00:00:00+00:00,16.279001,59.55173,0.0,1020.7417
2025-01-20 00:00:00+00:00,17.229002,52.599216,0.0,1020.325
2025-01-21 00:00:00+00:00,18.320665,46.651917,0.6,1020.87915
2025-01-22 00:00:00+00:00,17.381083,67.68892,0.1,1020.6333
2025-01-23 00:00:00+00:00,16.529001,66.77852,0.0,1022.69165
2025-01-24 00:00:00+00:00,16.654001,61.89795,0.0,1022.37085
2025-01-25 00:00:00+00:00,16.720667,56.776043,0.0,1020.2751
2025-01-26 00:00:00+00:00,17.049833,55.28337,0.0,1019.85425
2025-01-27 00:00:00+00:00,16.487335,61.550884,0.0,1020.27094
2025-01-28 00:00:00+00:00,16.843584,56.755676,0.0,1019.6584
2025-01-29 00:00:00+00:00,17.224833,51.70744,0.0,1022.4583
2025-01-30 00:00:00+00:00,17.547749,61.734375,0.0,1023.89166
2025-01-31 00:00:00+00:00,16.706083,57.35419,0.0,1024.4418
2025-02-01 00:00:00+00:00,16.681084,60.148952,0.0,1023.3792
2025-02-02 00:00:00+00:00,16.779001,57.319702,0.0,1021.0916
2025-02-03 00:00:00+00:00,18.022753,55.884113,0.0,1017.5999
2025-02-04 00:00:00+00:00,16.979002,68.47417,0.0,1016.7708
2025-02-05 00:00:00+00:00,16.03525,61.280476,0.0,1016.4832
2025-02-06 00:00:00+00:00,14.099835,48.833237,0.0,1018.42505
2025-02-07 00:00:00+00:00,14.254002,48.953236,0.0,1021.64984
2025-02-08 00:00:00+00:00,14.054001,48.00832,0.1,1021.87085
2025-02-09 00:00:00+00:00,13.510251,57.866383,0.2,1020.0791
2025-02-10 00:00:00+00:00,14.162334,56.854153,0.0,1019.1501
2025-02-11 00:00:00+00:00,13.816501,55.50691,0.0,1020.24176
2025-02-12 00:00:00+00:00,13.74775,54.58789,0.0,1022.85846
2025-02-13 00:00:00+00:00,13.901917,49.83023,0.0,1024.1333
2025-02-14 00:00:00+00:00,13.945666,52.207134,0.0,1020.99994
2025-02-15 00:00:00+00:00,15.522752,57.065876,0.0,1014.7375
2025-02-16 00:00:00+00:00,16.554003,52.474167,0.0,1015.6458
2025-02-17 00:00:00+00:00,17.574833,41.050602,0.0,1016.7417
2025-02-18 00:00:00+00:00,18.004004,35.18732,0.0,1017.83746
2025-02-19 00:00:00+00:00,17.57067,55.977497,0.0,1017.05835
2025-02-20 00:00:00+00:00,15.822751,61.842953,0.2,1019.14575
2025-02-21 00:00:00+00:00,13.862332,51.299473,0.0,1021.13745
2025-02-22 00:00:00+00:00,12.924835,49.83347,0.0,1021.9709
2025-02-23 00:00:00+00:00,12.5789995,48.602436,0.0,1024.5708
2025-02-24 00:00:00+00:00,12.0894165,53.898224,0.1,1026.3375
2025-02-25 00:00:00+00:00,12.028999,49.471035,0.0,1024.7625
2025-02-26 00:00:00+00:00,13.976917,47.463963,0.0,1022.64996
2025-02-27 00:00:00+00:00,15.145667,53.903763,0.0,1022.9334
2025-02-28 00:00:00+00:00,16.354002,48.29936,0.0,1020.43335
2025-03-01 00:00:00+00:00,16.781084,49.57925,0.0,1021.59576
2025-03-02 00:00:00+00:00,16.951918,56.254333,0.0,1020.85815
2025-03-03 00:00:00+00:00,17.437332,57.37196,0.0,1013.66235
2025-03-04 00:00:00+00:00,16.799833,58.852497,0.0,1011.59155
2025-03-05 00:00:00+00:00,16.204,63.22645,1.8,1015.46246
2025-03-06 00:00:00+00:00,16.71025,64.09054,0.0,1016.66675
2025-03-07 00:00:00+00:00,17.662336,61.088196,0.0,1016.0793
2025-03-08 00:00:00+00:00,18.118586,59.058018,0.0,1014.83325
2025-03-09 00:00:00+00:00,19.279001,46.20346,0.0,1015.3459
2025-03-10 00:00:00+00:00,20.87483,35.706676,0.0,1018.08325
2025-03-11 00:00:00+00:00,20.826918,39.4116,0.0,1019.4832
2025-03-12 00:00:00+00:00,21.104002,55.428345,0.0,1016.71655
2025-03-13 00:00:00+00:00,24.537333,32.28437,0.0,1013.45
2025-03-14 00:00:00+00:00,25.799835,24.809027,0.0,1015.52094
2025-03-15 00:00:00+00:00,23.924835,42.377834,0.0,1017.7334
2025-03-16 00:00:00+00:00,26.489416,38.20666,0.0,1015.82495
2025-03-17 00:00:00+00:00,28.099833,26.886312,0.0,1011.95825
2025-03-18 00:00:00+00:00,22.96025,50.310513,0.0,1012.9124
2025-03-19 00:00:00+00:00,19.168585,53.829517,0.0,1017.5042
2025-03-20 00:00:00+00:00,15.770667,43.332783,0.0,1020.65405
2025-03-21 00:00:00+00:00,15.691503,46.020977,0.1,1021.24994
2025-03-22 00:00:00+00:00,15.626919,48.3221,0.0,1022.5793
2025-03-23 00:00:00+00:00,16.635252,48.530437,0.0,1025.5917
2025-03-24 00:00:00+00:00,18.7665,49.271397,0.0,1025.6249
2025-03-25 00:00:00+00:00,21.870667,44.94392,0.0,1021.1792
2025-03-26 00:00:00+00:00,25.0665,36.537163,0.0,1013.55414
2025-03-27 00:00:00+00:00,27.876915,31.603868,0.0,1008.05005
2025-03-28 00:00:00+00:00,25.624832,33.55927,0.0,1008.12085
2025-03-29 00:00:00+00:00,20.45192,50.894344,0.0,1011.44165
2025-03-30 00:00:00+00:00,21.864418,33.958225,0.0,1010.68335
2025-03-31 00:00:00+00:00,25.743582,15.909638,0.0,1008.11255
2025-04-01 00:00:00+00:00,23.281088,27.632048,0.4,1006.56244
2025-04-02 00:00:00+00:00,23.091501,28.890345,0.0,1013.82513
2025-04-03 00:00:00+00:00,22.345667,36.591064,0.0,1014.94586
2025-04-04 00:00:00+00:00,20.787336,48.77599,0.0,1013.8125
2025-04-05 00:00:00+00:00,23.501917,37.435684,0.0,1010.43744
2025-04-06 00:00:00+00:00,24.9665,31.603088,0.0,1008.1875
2025-04-07 00:00:00+00:00,23.21025,45.808365,0.0,1011.95416
2025-04-08 00:00:00+00:00,27.312332,31.245352,0.0,1008.96674
2025-04-09 00:00:00+00:00,21.154,55.952347,0.0,1014.74176
2025-04-10 00:00:00+00:00,18.426918,47.746754,0.2,1017.6169
2025-04-11 00:00:00+00:00,17.285252,48.090977,0.0,1015.5625
2025-04-12 00:00:00+00:00,18.526917,48.557835,0.0,1014.9292
2025-04-13 00:00:00+00:00,18.51025,46.57632,0.0,1015.5623
2025-04-14 00:00:00+00:00,19.329,46.765182,0.0,1019.63763
2025-04-15 00:00:00+00:00,19.956083,48.497463,0.0,1019.7207
2025-04-16 00:00:00+00:00,20.372751,44.306107,0.0,1019.0334
2025-04-17 00:00:00+00:00,22.016502,48.394405,0.0,1016.18744
2025-04-18 00:00:00+00:00,23.058168,44.91927,0.0,1014.0083
2025-04-19 00:00:00+00:00,24.443586,36.223133,0.0,1013.1292
2025-04-20 00:00:00+00:00,25.381083,33.806557,0.0,1012.09576
2025-04-21 00:00:00+00:00,29.304007,29.034225,0.0,1009.82495
2025-04-22 00:00:00+00:00,34.72483,11.849679,0.0,1009.00415
2025-04-23 00:00:00+00:00,29.695673,27.268578,0.0,1010.1792
2025-04-24 00:00:00+00:00,23.481085,49.0286,0.0,1011.8584
2025-04-25 00:00:00+00:00,23.07067,45.97523,0.0,1012.429
2025-04-26 00:00:00+00:00,23.445671,43.43559,0.0,1012.6875
2025-04-27 00:00:00+00:00,23.162336,47.11226,0.0,1013.0418
2025-04-28 00:00:00+00:00,23.697754,46.319992,0.0,1012.51666
2025-04-29 00:00:00+00:00,24.506086,42.722485,0.0,1010.23346
2025-04-30 00:00:00+00:00,25.260252,36.2616,0.0,1006.47906
2025-05-01 00:00:00+00:00,22.635254,39.420094,0.0,1011.4333
2025-05-02 00:00:00+00:00,22.541502,39.429527,0.0,1011.8499
2025-05-03 00:00:00+00:00,21.158167,54.82016,0.7,1012.375
2025-05-04 00:00:00+00:00,20.978998,55.54596,0.6,1013.47504
2025-05-05 00:00:00+00:00,23.643585,44.650055,0.0,1015.6416
2025-05-06 00:00:00+00:00,26.174835,31.1652,0.0,1016.82916
2025-05-07 00:00:00+00:00,26.587334,30.467773,0.0,1015.59595
2025-05-08 00:00:00+00:00,26.951918,32.14951,0.0,1012.675
2025-05-09 00:00:00+00:00,29.168581,30.598833,0.0,1012.6584
2025-05-10 00:00:00+00:00,31.3915,22.22907,0.0,1012.08344
2025-05-11 00:00:00+00:00,33.258167,19.2638,0.0,1008.68744
2025-05-12 00:00:00+00:00,27.399834,37.73666,0.0,1009.97485
2025-05-13 00:00:00+00:00,28.779,29.234901,0.2,1008.41254
2025-05-14 00:00:00+00:00,25.079,47.57013,0.0,1013.40424
2025-05-15 00:00:00+00:00,25.445665,40.697414,0.0,1015.3042
2025-05-16 00:00:00+00:00,31.33525,27.139206,0.0,1012.4084
2025-05-17 00:00:00+00:00,33.549835,23.927923,0.0,1012.41656
2025-05-18 00:00:00+00:00,27.308172,48.26897,0.0,1017.04987
2025-05-19 00:00:00+00:00,25.14775,44.53023,0.0,1016.7126
2025-05-20 00:00:00+00:00,23.947748,43.96088,0.0,1015.27905
2025-05-21 00:00:00+00:00,25.3165,45.479374,0.0,1013.57513
2025-05-22 00:00:00+00:00,26.093582,43.673725,0.0,1012.4875
2025-05-23 00:00:00+00:00,28.28525,34.654842,0.0,1012.34174
2025-05-24 00:00:00+00:00,30.38733,26.49746,0.0,1011.25836
2025-05-25 00:00:00+00:00,32.304005,23.851965,0.0,1009.45825
2025-05-26 00:00:00+00:00,31.383165,32.50218,0.0,1007.86237
2025-05-27 00:00:00+00:00,25.54567,47.646786,0.0,1012.27905
2025-05-28 00:00:00+00:00,25.868586,40.312748,0.0,1013.2334
2025-05-29 00:00:00+00:00,27.154001,31.52922,0.0,1012.02075
2025-05-30 00:00:00+00:00,27.364416,35.20965,0.0,1010.03754
2025-05-31 00:00:00+00:00,26.904,39.454655,0.0,1009.2375
2025-06-01 00:00:00+00:00,26.335249,46.052475,0.0,1014.51666
2025-06-02 00:00:00+00:00,25.712334,47.20059,0.0,1017.59155
2025-06-03 00:00:00+00:00,25.835253,48.22423,0.0,1016.1917
2025-06-04 00:00:00+00:00,27.399836,43.893185,0.0,1014.09576
2025-06-05 00:00:00+00:00,28.53942,36.693302,0.0,1013.19165
2025-06-06 00:00:00+00:00,29.21025,38.75851,0.0,1012.4085
2025-06-07 00:00:00+00:00,29.626917,40.79926,0.0,1011.4749
2025-06-08 00:00:00+00:00,29.320663,45.02524,0.0,1010.37494
2025-06-09 00:00:00+00:00,29.962332,43.307606,0.0,1009.44586
2025-06-10 00:00:00+00:00,30.695671,41.444435,0.0,1008.2583
2025-06-11 00:00:00+00:00,30.949831,38.555107,0.0,1007.54584
2025-06-12 00:00:00+00:00,31.29775,38.810905,0.0,1009.0332
2025-06-13 00:00:00+00:00,31.006083,42.256786,0.0,1010.80005
2025-06-14 00:00:00+00:00,30.5665,37.47449,0.0,1010.2249
2025-06-15 00:00:00+00:00,28.697748,41.747395,0.0,1009.86676
2025-06-16 00:00:00+00:00,27.822752,49.346333,0.0,1009.0833
2025-06-17 00:00:00+00:00,28.66233,49.202923,0.0,1009.23334
2025-06-18 00:00:00+00:00,29.701918,41.899284,0.0,1010.8167
2025-06-19 00:00:00+00:00,30.083166,36.58341,0.0,1011.53754
2025-06-20 00:00:00+00:00,29.956085,42.204823,0.0,1010.8001
2025-06-21 00:00:00+00:00,30.547752,41.379524,0.0,1010.60425
2025-06-22 00:00:00+00:00,30.3415,39.813393,0.0,1010.33746
2025-06-23 00:00:00+00:00,29.06025,41.496983,0.0,1009.03345
2025-06-24 00:00:00+00:00,29.7415,43.28771,0.0,1008.5874
2025-06-25 00:00:00+00:00,30.13317,39.99049,0.0,1009.0249
2025-06-26 00:00:00+00:00,30.139418,39.553795,0.0,1007.53735
2025-06-27 00:00:00+00:00,31.531082,39.3121,0.0,1005.87494
2025-06-28 00:00:00+00:00,31.962334,40.190205,0.0,1003.304
2025-06-29 00:00:00+00:00,31.112333,44.780304,0.0,1002.44995
2025-06-30 00:00:00+00:00,31.493584,44.27374,0.0,1004.325
2025-07-01 00:00:00+00:00,32.114414,43.20531,0.0,1005.60834
2025-07-02 00:00:00+00:00,30.699839,46.629314,0.0,1007.6458
2025-07-03 00:00:00+00:00,32.012337,42.35239,0.0,1007.9001
2025-07-04 00:00:00+00:00,31.699835,43.125046,0.0,1008.9751
2025-07-05 00:00:00+00:00,31.231085,38.386776,0.0,1009.9792
2025-07-06 00:00:00+00:00,30.947752,41.6994,0.0,1009.3416
2025-07-07 00:00:00+00:00,31.22067,39.922626,0.0,1008.0874
2025-07-08 00:00:00+00:00,31.499834,39.28755,0.0,1007.3833
2025-07-09 00:00:00+00:00,31.314413,41.834873,0.0,1006.60406
2025-07-10 00:00:00+00:00,32.410248,42.488026,0.0,1005.66254
2025-07-11 00:00:00+00:00,31.610247,47.325344,0.0,1006.5959
2025-07-12 00:00:00+00:00,31.856085,46.48662,0.0,1009.2375
2025-07-13 00:00:00+00:00,30.608168,46.6972,0.0,1010.93756
2025-07-14 00:00:00+00:00,30.58108,45.823257,0.0,1008.3291
2025-07-15 00:00:00+00:00,31.318586,34.88298,0.0,1004.8208
2025-07-16 00:00:00+00:00,33.656082,27.767462,0.0,1004.6374
2025-07-17 00:00:00+00:00,34.26025,26.978363,0.0,1007.44995
2025-07-18 00:00:00+00:00,33.708164,31.726372,0.0,1009.5625
2025-07-19 00:00:00+00:00,32.122753,39.48202,0.0,1008.6333
2025-07-20 00:00:00+00:00,31.243584,47.21377,0.0,1006.60004
2025-07-21 00:00:00+00:00,32.241497,42.89308,0.0,1006.39166
2025-07-22 00:00:00+00:00,33.153996,34.97529,0.0,1006.77075
2025-07-23 00:00:00+00:00,34.368587,30.779142,0.0,1006.3958
2025-07-24 00:00:00+00:00,34.41233,25.301088,0.0,1004.4292
2025-07-25 00:00:00+00:00,33.48941,40.452274,0.0,1002.87494
2025-07-26 00:00:00+00:00,34.981083,39.034897,0.0,1002.39166
2025-07-27 00:00:00+00:00,35.660248,31.317886,0.0,1003.43317
2025-07-28 00:00:00+00:00,33.72066,40.106503,0.0,1004.50006
2025-07-29 00:00:00+00:00,32.5165,47.861042,0.0,1006.85834
2025-07-30 00:00:00+00:00,31.276915,48.651337,0.0,1008.9543
2025-07-31 00:00:00+00:00,30.741499,47.10893,0.0,1008.35815
2025-08-01 00:00:00+00:00,30.931084,46.696636,0.0,1006.1626
2025-08-02 00:00:00+00:00,31.083168,51.11262,0.0,1007.22504
2025-08-03 00:00:00+00:00,30.906082,47.08343,0.0,1009.3291
2025-08-04 00:00:00+00:00,30.970665,47.30086,0.0,1010.87085
2025-08-05 00:00:00+00:00,30.824835,47.154163,0.0,1010.55414
2025-08-06 00:00:00+00:00,30.62275,50.334133,0.0,1009.229
2025-08-07 00:00:00+00:00,30.351915,49.442413,0.0,1007.63324
2025-08-08 00:00:00+00:00,31.03525,47.60931,0.0,1006.27075
2025-08-09 00:00:00+00:00,32.624836,41.94828,0.0,1007.8335
2025-08-10 00:00:00+00:00,35.079,32.20451,0.0,1007.28326
2025-08-11 00:00:00+00:00,34.616497,33.179806,0.0,1006.2041
2025-08-12 00:00:00+00:00,33.86442,42.119648,0.0,1007.0291
2025-08-13 00:00:00+00:00,35.0165,41.35145,0.0,1007.77924
2025-08-14 00:00:00+00:00,34.851917,39.249237,0.0,1008.7542
2025-08-15 00:00:00+00:00,33.76858,37.78708,0.0,1008.33746
2025-08-16 00:00:00+00:00,31.29567,51.647816,0.0,1007.58746
2025-08-17 00:00:00+00:00,30.564415,48.839916,0.0,1008.93744
2025-08-18 00:00:00+00:00,31.43733,43.180542,0.0,1010.02924
2025-08-19 00:00:00+00:00,34.481083,27.071953,0.0,1006.8374
2025-08-20 00:00:00+00:00,31.528997,46.01184,0.0,1006.7459
2025-08-21 00:00:00+00:00,31.337334,49.630657,0.0,1007.5376
2025-08-22 00:00:00+00:00,31.335249,48.17003,0.0,1007.78326
2025-08-23 00:00:00+00:00,32.710255,42.866627,0.0,1007.0542
2025-08-24 00:00:00+00:00,32.851913,43.142635,0.0,1007.88745
2025-08-25 00:00:00+00:00,30.67275,48.521137,0.0,1009.2207
2025-08-26 00:00:00+00:00,29.989416,47.18572,0.0,1010.19574
2025-08-27 00:00:00+00:00,29.895666,43.187046,0.0,1010.6582
2025-08-28 00:00:00+00:00,29.366499,44.470715,0.0,1010.1875
2025-08-29 00:00:00+00:00,30.670668,41.86478,0.0,1010.40826
2025-08-30 00:00:00+00:00,30.812334,42.606274,0.0,1012.54156
2025-08-31 00:00:00+00:00,31.391495,39.803707,0.0,1012.3792
2025-09-01 00:00:00+00:00,31.883165,36.20897,0.0,1009.53345
2025-09-02 00:00:00+00:00,30.862333,50.182705,0.0,1007.2834
2025-09-03 00:00:00+00:00,29.924835,48.65834,0.0,1006.42084
2025-09-04 00:00:00+00:00,30.399834,51.663647,0.0,1006.8875
2025-09-05 00:00:00+00:00,31.20192,47.959797,0.0,1009.94586
2025-09-06 00:00:00+00:00,29.770668,53.761806,0.0,1011.5876
2025-09-07 00:00:00+00:00,29.11025,49.82637,0.0,1010.95416
2025-09-08 00:00:00+00:00,28.664415,48.444366,0.0,1010.2375
2025-09-09 00:00:00+00:00,28.58525,47.043392,0.0,1011.28754
2025-09-10 00:00:00+00:00,28.35192,49.524,0.0,1012.0916
2025-09-11 00:00:00+00:00,28.997751,51.656002,0.0,1010.8376
2025-09-12 00:00:00+00:00,29.679003,48.80089,0.0,1010.929
2025-09-13 00:00:00+00:00,30.385254,46.75963,0.0,1012.12506
2025-09-14 00:00:00+00:00,30.524834,46.710392,0.0,1012.2791
2025-09-15 00:00:00+00:00,29.049833,54.57764,0.0,1012.3584
2025-09-16 00:00:00+00:00,28.499832,50.018505,0.0,1011.22095
2025-09-17 00:00:00+00:00,28.974836,48.734806,0.0,1010.53754
2025-09-18 00:00:00+00:00,29.272753,53.259274,0.0,1011.0542
2025-09-19 00:00:00+00:00,28.59775,54.231823,0.0,1011.71655
2025-09-20 00:00:00+00:00,28.158167,47.37621,0.0,1011.7375
2025-09-21 00:00:00+00:00,27.487333,42.53541,0.0,1011.95435
2025-09-22 00:00:00+00:00,27.606085,47.677586,0.0,1012.90424
2025-09-23 00:00:00+00:00,27.960257,50.532497,0.0,1013.98334
2025-09-24 00:00:00+00:00,27.254004,49.82741,0.0,1014.22906
2025-09-25 00:00:00+00:00,26.32067,52.14535,0.0,1012.49994
2025-09-26 00:00:00+00:00,27.493584,48.526844,0.0,1012.47076
2025-09-27 00:00:00+00:00,27.716501,55.107662,0.0,1013.2459
2025-09-28 00:00:00+00:00,27.433168,56.961468,0.0,1013.87494
2025-09-29 00:00:00+00:00,27.81025,52.232136,0.0,1014.5916
2025-09-30 00:00:00+00:00,28.072752,54.334743,0.0,1014.60004
2025-10-01 00:00:00+00:00,27.42275,48.26537,0.0,1013.23334
